solid OpenSCAD_Model
  facet normal 0 0.923837 0.382786
    outer loop
      vertex 51.146 34.4016 31.9202
      vertex -51.146 34.1029 32.6411
      vertex 51.146 34.1029 32.6411
    endloop
  endfacet
  facet normal 0 0.923837 0.382786
    outer loop
      vertex -51.146 34.1029 32.6411
      vertex 51.146 34.4016 31.9202
      vertex -51.146 34.4016 31.9202
    endloop
  endfacet
  facet normal -0.139285 -0.700215 0.700213
    outer loop
      vertex -51.146 0.88886 6.19294
      vertex -51.5712 0.337061 5.55656
      vertex -51.146 0.337061 5.64114
    endloop
  endfacet
  facet normal -0.147159 -0.656466 0.739863
    outer loop
      vertex -51.146 31.3189 33.1929
      vertex -51.7824 0.88886 6.06636
      vertex -51.146 0.88886 6.19294
    endloop
  endfacet
  facet normal -0.147068 -0.656476 0.739872
    outer loop
      vertex -51.7824 0.88886 6.06636
      vertex -51.146 31.3189 33.1929
      vertex -51.7824 31.3189 33.0664
    endloop
  endfacet
  facet normal 0.180709 -0.376484 0.908628
    outer loop
      vertex 51.8967 32.0398 33.3423
      vertex 51.146 32.0398 33.4916
      vertex 51.146 31.3189 33.1929
    endloop
  endfacet
  facet normal 0.593581 0.700234 0.396653
    outer loop
      vertex 52.1726 34.1029 31.9552
      vertex 51.9317 34.1029 32.3157
      vertex 52.3219 33.5511 32.7059
    endloop
  endfacet
  facet normal 0.139156 0.700227 0.700227
    outer loop
      vertex 51.146 34.1029 32.6411
      vertex 51.146 33.5511 33.1929
      vertex 51.5712 34.1029 32.5566
    endloop
  endfacet
  facet normal -1 0 0
    outer loop
      vertex -53.1076 31.543 2.67029e-07
      vertex -53.1076 32.0398 6.53
      vertex -53.1076 31.7647 2.67029e-07
    endloop
  endfacet
  facet normal 1 0 0
    outer loop
      vertex 53.1076 32.0398 6.53
      vertex 53.1076 19.0527 3.5
      vertex 53.1076 21.6367 3.5
    endloop
  endfacet
  facet normal 1 0 0
    outer loop
      vertex 53.1076 10.57 1.52093
      vertex 53.1076 9.61995 2.67029e-07
      vertex 53.1076 10.57 0.276712
    endloop
  endfacet
  facet normal 1 0 -0
    outer loop
      vertex 53.1076 9.61995 2.67029e-07
      vertex 53.1076 10.57 1.52093
      vertex 53.1076 4.05101 2.67029e-07
    endloop
  endfacet
  facet normal 0.51475 0.376311 0.77034
    outer loop
      vertex 52.3219 33.5511 32.7059
      vertex 51.7824 33.5511 33.0664
      vertex 52.533 32.8302 32.917
    endloop
  endfacet
  facet normal 0.147068 -0.656476 0.739872
    outer loop
      vertex 51.146 31.3189 33.1929
      vertex 51.7824 0.88886 6.06636
      vertex 51.7824 31.3189 33.0664
    endloop
  endfacet
  facet normal 0.147159 -0.656466 0.739863
    outer loop
      vertex 51.7824 0.88886 6.06636
      vertex 51.146 31.3189 33.1929
      vertex 51.146 0.88886 6.19294
    endloop
  endfacet
  facet normal 0.908628 0.376484 0.180709
    outer loop
      vertex 53.1076 32.8302 31.53
      vertex 52.8089 33.5511 31.53
      vertex 52.9583 32.8302 32.2807
    endloop
  endfacet
  facet normal 0 -0.663691 0.748007
    outer loop
      vertex -51.146 31.3189 33.1929
      vertex -50.646 1.26874 6.53
      vertex -50.646 31.3189 33.1929
    endloop
  endfacet
  facet normal -2.20129e-07 -0.663691 0.748007
    outer loop
      vertex -50.646 1.26874 6.53
      vertex -51.146 31.3189 33.1929
      vertex -51.146 0.88886 6.19294
    endloop
  endfacet
  facet normal 0 -0.663691 0.748007
    outer loop
      vertex 50.646 1.26874 6.53
      vertex 51.146 31.3189 33.1929
      vertex 50.646 31.3189 33.1929
    endloop
  endfacet
  facet normal 2.20129e-07 -0.663691 0.748007
    outer loop
      vertex 51.146 31.3189 33.1929
      vertex 50.646 1.26874 6.53
      vertex 51.146 0.88886 6.19294
    endloop
  endfacet
  facet normal 0 -0.663691 0.748007
    outer loop
      vertex -50.646 1.26874 6.53
      vertex 51.146 0.88886 6.19294
      vertex 50.646 1.26874 6.53
    endloop
  endfacet
  facet normal 0 -0.663691 0.748007
    outer loop
      vertex 51.146 0.88886 6.19294
      vertex -50.646 1.26874 6.53
      vertex -51.146 0.88886 6.19294
    endloop
  endfacet
  facet normal -0.180622 -0.376404 0.908678
    outer loop
      vertex -51.146 31.3189 33.1929
      vertex -51.8967 32.0398 33.3423
      vertex -51.7824 31.3189 33.0664
    endloop
  endfacet
  facet normal -0.77034 -0.376311 0.51475
    outer loop
      vertex -52.533 32.0398 32.917
      vertex -52.6824 31.3189 32.1664
      vertex -52.3219 31.3189 32.7059
    endloop
  endfacet
  facet normal 0.966423 -0.170539 0.192203
    outer loop
      vertex 52.9583 1.60982 5.28066
      vertex 53.1076 32.0398 31.53
      vertex 52.9583 32.0398 32.2807
    endloop
  endfacet
  facet normal 0.96642 -0.170547 0.192213
    outer loop
      vertex 53.1076 32.0398 31.53
      vertex 52.9583 1.60982 5.28066
      vertex 53.1076 1.60982 4.53
    endloop
  endfacet
  facet normal 0.51475 -0.376311 0.77034
    outer loop
      vertex 52.533 32.0398 32.917
      vertex 51.7824 31.3189 33.0664
      vertex 52.3219 31.3189 32.7059
    endloop
  endfacet
  facet normal -0.593581 0.700234 0.396653
    outer loop
      vertex -52.1726 34.1029 31.9552
      vertex -52.3219 33.5511 32.7059
      vertex -51.9317 34.1029 32.3157
    endloop
  endfacet
  facet normal 0.555695 0 0.831386
    outer loop
      vertex 51.8967 32.8302 33.3423
      vertex 52.533 32.0398 32.917
      vertex 52.533 32.8302 32.917
    endloop
  endfacet
  facet normal 0.555695 0 0.831386
    outer loop
      vertex 52.533 32.0398 32.917
      vertex 51.8967 32.8302 33.3423
      vertex 51.8967 32.0398 33.3423
    endloop
  endfacet
  facet normal 0.396637 -0.700229 0.593597
    outer loop
      vertex 51.7824 0.88886 6.06636
      vertex 51.5712 0.337061 5.55656
      vertex 52.3219 0.88886 5.70587
    endloop
  endfacet
  facet normal 0.180622 -0.376404 0.908678
    outer loop
      vertex 51.8967 32.0398 33.3423
      vertex 51.146 31.3189 33.1929
      vertex 51.7824 31.3189 33.0664
    endloop
  endfacet
  facet normal -1 0 0
    outer loop
      vertex -53.1076 32.0398 6.53
      vertex -53.1076 32.8302 31.53
      vertex -53.1076 32.8302 6.53
    endloop
  endfacet
  facet normal -1 -0 0
    outer loop
      vertex -53.1076 32.8302 31.53
      vertex -53.1076 32.0398 6.53
      vertex -53.1076 32.0398 31.53
    endloop
  endfacet
  facet normal 0.195061 0 0.980791
    outer loop
      vertex 51.146 32.8302 33.4916
      vertex 51.8967 32.0398 33.3423
      vertex 51.8967 32.8302 33.3423
    endloop
  endfacet
  facet normal 0.195061 0 0.980791
    outer loop
      vertex 51.8967 32.0398 33.3423
      vertex 51.146 32.8302 33.4916
      vertex 51.146 32.0398 33.4916
    endloop
  endfacet
  facet normal -0.180709 -0.376484 0.908628
    outer loop
      vertex -51.146 32.0398 33.4916
      vertex -51.8967 32.0398 33.3423
      vertex -51.146 31.3189 33.1929
    endloop
  endfacet
  facet normal -0.139156 0.700227 0.700227
    outer loop
      vertex -51.146 34.1029 32.6411
      vertex -51.5712 34.1029 32.5566
      vertex -51.146 33.5511 33.1929
    endloop
  endfacet
  facet normal -0.707107 0.707107 0.000261891
    outer loop
      vertex -52.8089 33.5611 4.53
      vertex -52.2571 34.1029 31.53
      vertex -52.2571 34.1129 4.53
    endloop
  endfacet
  facet normal -0.707107 0.707107 0.000261891
    outer loop
      vertex -52.2571 34.1029 31.53
      vertex -52.8089 33.5611 4.53
      vertex -52.8089 33.5511 31.53
    endloop
  endfacet
  facet normal -0.180622 0.376404 0.908678
    outer loop
      vertex -51.7824 33.5511 33.0664
      vertex -51.8967 32.8302 33.3423
      vertex -51.146 33.5511 33.1929
    endloop
  endfacet
  facet normal -0.396653 0.700234 0.593581
    outer loop
      vertex -51.9317 34.1029 32.3157
      vertex -52.3219 33.5511 32.7059
      vertex -51.5712 34.1029 32.5566
    endloop
  endfacet
  facet normal -0.770241 -0.37641 0.514825
    outer loop
      vertex -52.533 32.0398 32.917
      vertex -52.9583 32.0398 32.2807
      vertex -52.6824 31.3189 32.1664
    endloop
  endfacet
  facet normal 0.593599 -0.700217 0.396657
    outer loop
      vertex 52.3219 0.88886 5.70587
      vertex 52.1726 0.337061 4.95521
      vertex 52.6824 0.88886 5.16638
    endloop
  endfacet
  facet normal 0.593574 -0.700229 0.396671
    outer loop
      vertex 52.3219 0.88886 5.70587
      vertex 51.9317 0.337061 5.31569
      vertex 52.1726 0.337061 4.95521
    endloop
  endfacet
  facet normal 0 0 1
    outer loop
      vertex 51.146 32.8302 33.4916
      vertex 50.646 32.44 33.4916
      vertex 51.146 32.0398 33.4916
    endloop
  endfacet
  facet normal 0 0 1
    outer loop
      vertex 51.146 32.8302 33.4916
      vertex -50.646 32.44 33.4916
      vertex 50.646 32.44 33.4916
    endloop
  endfacet
  facet normal -0 0 1
    outer loop
      vertex -51.146 32.8302 33.4916
      vertex -50.646 32.44 33.4916
      vertex 51.146 32.8302 33.4916
    endloop
  endfacet
  facet normal 0 0 1
    outer loop
      vertex -51.146 32.0398 33.4916
      vertex -50.646 32.44 33.4916
      vertex -51.146 32.8302 33.4916
    endloop
  endfacet
  facet normal 0 0 1
    outer loop
      vertex -50.646 32.44 33.4916
      vertex -51.146 32.0398 33.4916
      vertex -50.646 32.0398 33.4916
    endloop
  endfacet
  facet normal 0 0 1
    outer loop
      vertex 51.146 32.0398 33.4916
      vertex 50.646 32.44 33.4916
      vertex 50.646 32.0398 33.4916
    endloop
  endfacet
  facet normal 0.396627 -0.70022 0.593615
    outer loop
      vertex 52.3219 0.88886 5.70587
      vertex 51.5712 0.337061 5.55656
      vertex 51.9317 0.337061 5.31569
    endloop
  endfacet
  facet normal -0.323537 0.921185 0.2162
    outer loop
      vertex -51.4219 34.4016 31.8059
      vertex -52.1726 34.1029 31.9552
      vertex -51.9317 34.1029 32.3157
    endloop
  endfacet
  facet normal -0.447079 -0.593669 0.669087
    outer loop
      vertex -51.7824 31.3189 33.0664
      vertex -52.3219 0.88886 5.70587
      vertex -51.7824 0.88886 6.06636
    endloop
  endfacet
  facet normal -0.447089 -0.593666 0.669083
    outer loop
      vertex -52.3219 0.88886 5.70587
      vertex -51.7824 31.3189 33.0664
      vertex -52.3219 31.3189 32.7059
    endloop
  endfacet
  facet normal 0.707107 0.707107 0.000261891
    outer loop
      vertex 52.2571 34.1029 31.53
      vertex 52.8089 33.5611 4.53
      vertex 52.2571 34.1129 4.53
    endloop
  endfacet
  facet normal 0.707107 0.707107 0.000261891
    outer loop
      vertex 52.8089 33.5611 4.53
      vertex 52.2571 34.1029 31.53
      vertex 52.8089 33.5511 31.53
    endloop
  endfacet
  facet normal -0.908637 -0.376456 0.18072
    outer loop
      vertex -52.9583 1.60982 5.28066
      vertex -53.1076 1.60982 4.53
      vertex -52.8089 0.88886 4.53
    endloop
  endfacet
  facet normal -0.51475 0.376311 0.77034
    outer loop
      vertex -52.3219 33.5511 32.7059
      vertex -52.533 32.8302 32.917
      vertex -51.7824 33.5511 33.0664
    endloop
  endfacet
  facet normal -0 0.382786 0.923837
    outer loop
      vertex -51.146 33.5511 33.1929
      vertex 51.146 32.8302 33.4916
      vertex 51.146 33.5511 33.1929
    endloop
  endfacet
  facet normal 0 0.382786 0.923837
    outer loop
      vertex 51.146 32.8302 33.4916
      vertex -51.146 33.5511 33.1929
      vertex -51.146 32.8302 33.4916
    endloop
  endfacet
  facet normal -0.381683 0.921176 0.0758518
    outer loop
      vertex -51.5362 34.4016 31.53
      vertex -52.2571 34.1029 31.53
      vertex -52.1726 34.1029 31.9552
    endloop
  endfacet
  facet normal -0.2162 0.921185 0.323537
    outer loop
      vertex -51.4219 34.4016 31.8059
      vertex -51.9317 34.1029 32.3157
      vertex -51.5712 34.1029 32.5566
    endloop
  endfacet
  facet normal 0.0759196 0.921187 0.381643
    outer loop
      vertex 51.2953 34.4016 31.8905
      vertex 51.146 34.4016 31.9202
      vertex 51.5712 34.1029 32.5566
    endloop
  endfacet
  facet normal -0.381643 0.921187 0.0759196
    outer loop
      vertex -51.5362 34.4016 31.53
      vertex -52.1726 34.1029 31.9552
      vertex -51.5065 34.4016 31.6793
    endloop
  endfacet
  facet normal -0.700227 0.700227 0.139156
    outer loop
      vertex -52.2571 34.1029 31.53
      vertex -52.8089 33.5511 31.53
      vertex -52.1726 34.1029 31.9552
    endloop
  endfacet
  facet normal -0.700227 -0.700228 0.139153
    outer loop
      vertex -52.1726 0.337061 4.95521
      vertex -52.8089 0.88886 4.53
      vertex -52.2571 0.337061 4.53
    endloop
  endfacet
  facet normal 1 -0 0
    outer loop
      vertex 53.1076 32.0398 31.53
      vertex 53.1076 32.8302 6.53
      vertex 53.1076 32.8302 31.53
    endloop
  endfacet
  facet normal 1 0 0
    outer loop
      vertex 53.1076 32.8302 6.53
      vertex 53.1076 32.0398 31.53
      vertex 53.1076 32.0398 6.53
    endloop
  endfacet
  facet normal -0.396637 -0.700229 0.593597
    outer loop
      vertex -51.7824 0.88886 6.06636
      vertex -52.3219 0.88886 5.70587
      vertex -51.5712 0.337061 5.55656
    endloop
  endfacet
  facet normal -0.923848 -0.382758 0
    outer loop
      vertex -52.8089 0.88886 2.67029e-07
      vertex -53.1076 1.60982 4.53
      vertex -53.1076 1.60982 2.67029e-07
    endloop
  endfacet
  facet normal -0.923848 -0.382758 0
    outer loop
      vertex -53.1076 1.60982 4.53
      vertex -52.8089 0.88886 2.67029e-07
      vertex -52.8089 0.88886 4.53
    endloop
  endfacet
  facet normal -0.908628 0.376484 0.180709
    outer loop
      vertex -52.8089 33.5511 31.53
      vertex -53.1076 32.8302 31.53
      vertex -52.9583 32.8302 32.2807
    endloop
  endfacet
  facet normal -0.593574 -0.700229 0.396671
    outer loop
      vertex -51.9317 0.337061 5.31569
      vertex -52.3219 0.88886 5.70587
      vertex -52.1726 0.337061 4.95521
    endloop
  endfacet
  facet normal 0.139272 -0.700221 0.70021
    outer loop
      vertex 51.7824 0.88886 6.06636
      vertex 51.146 0.88886 6.19294
      vertex 51.5712 0.337061 5.55656
    endloop
  endfacet
  facet normal 0 -0.707107 0.707106
    outer loop
      vertex -51.146 0.337061 5.64114
      vertex 51.146 0.88886 6.19294
      vertex -51.146 0.88886 6.19294
    endloop
  endfacet
  facet normal 0 -0.707107 0.707106
    outer loop
      vertex 51.146 0.88886 6.19294
      vertex -51.146 0.337061 5.64114
      vertex 51.146 0.337061 5.64114
    endloop
  endfacet
  facet normal 0.700227 -0.700228 0.139153
    outer loop
      vertex 52.8089 0.88886 4.53
      vertex 52.1726 0.337061 4.95521
      vertex 52.2571 0.337061 4.53
    endloop
  endfacet
  facet normal 0.700238 -0.700209 0.139194
    outer loop
      vertex 52.6824 0.88886 5.16638
      vertex 52.1726 0.337061 4.95521
      vertex 52.8089 0.88886 4.53
    endloop
  endfacet
  facet normal 0.745765 -0.442158 0.498328
    outer loop
      vertex 52.3219 0.88886 5.70587
      vertex 52.6824 31.3189 32.1664
      vertex 52.3219 31.3189 32.7059
    endloop
  endfacet
  facet normal 0.745759 -0.442162 0.498334
    outer loop
      vertex 52.6824 31.3189 32.1664
      vertex 52.3219 0.88886 5.70587
      vertex 52.6824 0.88886 5.16638
    endloop
  endfacet
  facet normal 0 -0.382786 0.923837
    outer loop
      vertex -51.146 32.0398 33.4916
      vertex -50.646 31.3189 33.1929
      vertex -50.646 32.0398 33.4916
    endloop
  endfacet
  facet normal 0 -0.382786 0.923837
    outer loop
      vertex -50.646 31.3189 33.1929
      vertex -51.146 32.0398 33.4916
      vertex -51.146 31.3189 33.1929
    endloop
  endfacet
  facet normal 0 -0.382786 0.923837
    outer loop
      vertex 50.646 32.0398 33.4916
      vertex 51.146 31.3189 33.1929
      vertex 51.146 32.0398 33.4916
    endloop
  endfacet
  facet normal 0 -0.382786 0.923837
    outer loop
      vertex 51.146 31.3189 33.1929
      vertex 50.646 32.0398 33.4916
      vertex 50.646 31.3189 33.1929
    endloop
  endfacet
  facet normal 0.707107 0.707107 -0
    outer loop
      vertex 52.8089 33.5611 2.67029e-07
      vertex 52.2571 34.1129 4.53
      vertex 52.8089 33.5611 4.53
    endloop
  endfacet
  facet normal 0.707107 0.707107 0
    outer loop
      vertex 52.2571 34.1129 4.53
      vertex 52.8089 33.5611 2.67029e-07
      vertex 52.2571 34.1129 2.67029e-07
    endloop
  endfacet
  facet normal 0.381683 0.921176 0.0758518
    outer loop
      vertex 52.2571 34.1029 31.53
      vertex 51.5362 34.4016 31.53
      vertex 52.1726 34.1029 31.9552
    endloop
  endfacet
  facet normal 0.700227 0.700227 0.139156
    outer loop
      vertex 52.2571 34.1029 31.53
      vertex 52.1726 34.1029 31.9552
      vertex 52.8089 33.5511 31.53
    endloop
  endfacet
  facet normal 0 0.707107 0.707107
    outer loop
      vertex 51.146 34.1029 32.6411
      vertex -51.146 33.5511 33.1929
      vertex 51.146 33.5511 33.1929
    endloop
  endfacet
  facet normal 0 0.707107 0.707107
    outer loop
      vertex -51.146 33.5511 33.1929
      vertex 51.146 34.1029 32.6411
      vertex -51.146 34.1029 32.6411
    endloop
  endfacet
  facet normal 0.0758518 0.921176 0.381683
    outer loop
      vertex 51.146 34.4016 31.9202
      vertex 51.146 34.1029 32.6411
      vertex 51.5712 34.1029 32.5566
    endloop
  endfacet
  facet normal 0.180709 0.376484 0.908628
    outer loop
      vertex 51.146 33.5511 33.1929
      vertex 51.146 32.8302 33.4916
      vertex 51.8967 32.8302 33.3423
    endloop
  endfacet
  facet normal -0.195061 0 0.980791
    outer loop
      vertex -51.8967 32.8302 33.3423
      vertex -51.146 32.0398 33.4916
      vertex -51.146 32.8302 33.4916
    endloop
  endfacet
  facet normal -0.195061 0 0.980791
    outer loop
      vertex -51.146 32.0398 33.4916
      vertex -51.8967 32.8302 33.3423
      vertex -51.8967 32.0398 33.3423
    endloop
  endfacet
  facet normal -0.0758518 0.921176 0.381683
    outer loop
      vertex -51.146 34.4016 31.9202
      vertex -51.5712 34.1029 32.5566
      vertex -51.146 34.1029 32.6411
    endloop
  endfacet
  facet normal -1 0 0
    outer loop
      vertex -53.1076 32.0131 2.67029e-07
      vertex -53.1076 32.0398 6.53
      vertex -53.1076 32.0438 2.67029e-07
    endloop
  endfacet
  facet normal -1 0 0
    outer loop
      vertex -53.1076 31.9206 2.67029e-07
      vertex -53.1076 32.0398 6.53
      vertex -53.1076 32.0131 2.67029e-07
    endloop
  endfacet
  facet normal -0.77034 0.376311 0.51475
    outer loop
      vertex -52.3219 33.5511 32.7059
      vertex -52.6824 33.5511 32.1664
      vertex -52.533 32.8302 32.917
    endloop
  endfacet
  facet normal -0.514825 0.37641 0.770241
    outer loop
      vertex -51.7824 33.5511 33.0664
      vertex -52.533 32.8302 32.917
      vertex -51.8967 32.8302 33.3423
    endloop
  endfacet
  facet normal -0.382786 0.923837 0.000342162
    outer loop
      vertex -51.5362 34.4116 4.53
      vertex -52.2571 34.1029 31.53
      vertex -51.5362 34.4016 31.53
    endloop
  endfacet
  facet normal -0.382786 0.923837 0.000342162
    outer loop
      vertex -52.2571 34.1029 31.53
      vertex -51.5362 34.4116 4.53
      vertex -52.2571 34.1129 4.53
    endloop
  endfacet
  facet normal -0.382786 0.923837 0
    outer loop
      vertex -51.5362 34.4116 2.67029e-07
      vertex -52.2571 34.1129 4.53
      vertex -51.5362 34.4116 4.53
    endloop
  endfacet
  facet normal -0.382786 0.923837 0
    outer loop
      vertex -52.2571 34.1129 4.53
      vertex -51.5362 34.4116 2.67029e-07
      vertex -52.2571 34.1129 2.67029e-07
    endloop
  endfacet
  facet normal 0.381608 -0.921208 0.0758352
    outer loop
      vertex 52.1726 0.337061 4.95521
      vertex 51.5362 0.0384302 4.53
      vertex 52.2571 0.337061 4.53
    endloop
  endfacet
  facet normal 0.323469 -0.921217 0.216166
    outer loop
      vertex 51.9317 0.337061 5.31569
      vertex 51.4219 0.0384302 4.8059
      vertex 52.1726 0.337061 4.95521
    endloop
  endfacet
  facet normal 1 0 0
    outer loop
      vertex 53.1076 32.0398 6.53
      vertex 53.1076 25.2796 2.67029e-07
      vertex 53.1076 26.5341 2.67029e-07
    endloop
  endfacet
  facet normal 0.908689 -0.376373 0.18063
    outer loop
      vertex 52.9583 1.60982 5.28066
      vertex 52.6824 0.88886 5.16638
      vertex 52.8089 0.88886 4.53
    endloop
  endfacet
  facet normal 0.923848 -0.382758 0
    outer loop
      vertex 52.8089 0.88886 4.53
      vertex 53.1076 1.60982 2.67029e-07
      vertex 53.1076 1.60982 4.53
    endloop
  endfacet
  facet normal 0.923848 -0.382758 0
    outer loop
      vertex 53.1076 1.60982 2.67029e-07
      vertex 52.8089 0.88886 4.53
      vertex 52.8089 0.88886 2.67029e-07
    endloop
  endfacet
  facet normal -0.38271 -0.923869 0
    outer loop
      vertex -52.2571 0.337061 2.67029e-07
      vertex -51.5362 0.0384302 4.53
      vertex -52.2571 0.337061 4.53
    endloop
  endfacet
  facet normal -0.38271 -0.923869 -0
    outer loop
      vertex -51.5362 0.0384302 4.53
      vertex -52.2571 0.337061 2.67029e-07
      vertex -51.5362 0.0384302 2.67029e-07
    endloop
  endfacet
  facet normal 0.707106 -0.707107 0
    outer loop
      vertex 52.2571 0.337061 2.67029e-07
      vertex 52.8089 0.88886 4.53
      vertex 52.2571 0.337061 4.53
    endloop
  endfacet
  facet normal 0.707106 -0.707107 0
    outer loop
      vertex 52.8089 0.88886 4.53
      vertex 52.2571 0.337061 2.67029e-07
      vertex 52.8089 0.88886 2.67029e-07
    endloop
  endfacet
  facet normal 0.323537 0.921185 0.2162
    outer loop
      vertex 52.1726 34.1029 31.9552
      vertex 51.4219 34.4016 31.8059
      vertex 51.9317 34.1029 32.3157
    endloop
  endfacet
  facet normal -0.139272 -0.700221 0.70021
    outer loop
      vertex -51.146 0.88886 6.19294
      vertex -51.7824 0.88886 6.06636
      vertex -51.5712 0.337061 5.55656
    endloop
  endfacet
  facet normal -0.075903 -0.921215 0.381579
    outer loop
      vertex -51.146 0.337061 5.64114
      vertex -51.5712 0.337061 5.55656
      vertex -51.146 0.0384302 4.92018
    endloop
  endfacet
  facet normal -0.745759 -0.442162 0.498334
    outer loop
      vertex -52.3219 0.88886 5.70587
      vertex -52.6824 31.3189 32.1664
      vertex -52.6824 0.88886 5.16638
    endloop
  endfacet
  facet normal -0.745765 -0.442158 0.498328
    outer loop
      vertex -52.6824 31.3189 32.1664
      vertex -52.3219 0.88886 5.70587
      vertex -52.3219 31.3189 32.7059
    endloop
  endfacet
  facet normal -0.81842 -0.381371 0.429819
    outer loop
      vertex -52.9583 1.60982 5.28066
      vertex -52.6824 31.3189 32.1664
      vertex -52.9583 32.0398 32.2807
    endloop
  endfacet
  facet normal -0.818458 -0.381336 0.429779
    outer loop
      vertex -52.6824 31.3189 32.1664
      vertex -52.9583 1.60982 5.28066
      vertex -52.6824 0.88886 5.16638
    endloop
  endfacet
  facet normal 0.382786 0.923837 -0
    outer loop
      vertex 52.2571 34.1129 2.67029e-07
      vertex 51.5362 34.4116 4.53
      vertex 52.2571 34.1129 4.53
    endloop
  endfacet
  facet normal 0.382786 0.923837 0
    outer loop
      vertex 51.5362 34.4116 4.53
      vertex 52.2571 34.1129 2.67029e-07
      vertex 51.5362 34.4116 2.67029e-07
    endloop
  endfacet
  facet normal 0.38271 -0.923869 0
    outer loop
      vertex 51.5362 0.0384302 2.67029e-07
      vertex 52.2571 0.337061 4.53
      vertex 51.5362 0.0384302 4.53
    endloop
  endfacet
  facet normal 0.38271 -0.923869 0
    outer loop
      vertex 52.2571 0.337061 4.53
      vertex 51.5362 0.0384302 2.67029e-07
      vertex 52.2571 0.337061 2.67029e-07
    endloop
  endfacet
  facet normal 0.447089 -0.593666 0.669083
    outer loop
      vertex 51.7824 31.3189 33.0664
      vertex 52.3219 0.88886 5.70587
      vertex 52.3219 31.3189 32.7059
    endloop
  endfacet
  facet normal 0.447079 -0.593669 0.669087
    outer loop
      vertex 52.3219 0.88886 5.70587
      vertex 51.7824 31.3189 33.0664
      vertex 51.7824 0.88886 6.06636
    endloop
  endfacet
  facet normal 0.396653 0.700234 0.593581
    outer loop
      vertex 51.9317 34.1029 32.3157
      vertex 51.5712 34.1029 32.5566
      vertex 52.3219 33.5511 32.7059
    endloop
  endfacet
  facet normal 0.514825 0.37641 0.770241
    outer loop
      vertex 52.533 32.8302 32.917
      vertex 51.7824 33.5511 33.0664
      vertex 51.8967 32.8302 33.3423
    endloop
  endfacet
  facet normal 0.908678 0.376404 0.180622
    outer loop
      vertex 52.8089 33.5511 31.53
      vertex 52.6824 33.5511 32.1664
      vertex 52.9583 32.8302 32.2807
    endloop
  endfacet
  facet normal 7.36771e-05 1 0.00037037
    outer loop
      vertex 51.2953 34.4016 31.8905
      vertex 51.146 34.4116 4.92018
      vertex 51.146 34.4016 31.9202
    endloop
  endfacet
  facet normal 7.36771e-05 1 0.00037037
    outer loop
      vertex 51.146 34.4116 4.92018
      vertex 51.2953 34.4016 31.8905
      vertex 51.2953 34.4116 4.89048
    endloop
  endfacet
  facet normal 0.180622 0.376404 0.908678
    outer loop
      vertex 51.7824 33.5511 33.0664
      vertex 51.146 33.5511 33.1929
      vertex 51.8967 32.8302 33.3423
    endloop
  endfacet
  facet normal 0.77034 0.376311 0.51475
    outer loop
      vertex 52.6824 33.5511 32.1664
      vertex 52.3219 33.5511 32.7059
      vertex 52.533 32.8302 32.917
    endloop
  endfacet
  facet normal 0 1 0.00037037
    outer loop
      vertex 51.146 34.4116 4.92018
      vertex -51.146 34.4016 31.9202
      vertex 51.146 34.4016 31.9202
    endloop
  endfacet
  facet normal 0 1 0.00037037
    outer loop
      vertex -51.146 34.4016 31.9202
      vertex 51.146 34.4116 4.92018
      vertex -51.146 34.4116 4.92018
    endloop
  endfacet
  facet normal -0.000247498 1 0.00037037
    outer loop
      vertex -51.2953 34.4116 4.89048
      vertex -51.4219 34.4016 31.8059
      vertex -51.2953 34.4016 31.8905
    endloop
  endfacet
  facet normal -0.00024744 1 0.00037037
    outer loop
      vertex -51.4219 34.4016 31.8059
      vertex -51.2953 34.4116 4.89048
      vertex -51.4219 34.4116 4.8059
    endloop
  endfacet
  facet normal -0.323536 0.921184 0.216202
    outer loop
      vertex -51.5065 34.4016 31.6793
      vertex -52.1726 34.1029 31.9552
      vertex -51.4219 34.4016 31.8059
    endloop
  endfacet
  facet normal -0.700236 0.700212 0.139189
    outer loop
      vertex -52.1726 34.1029 31.9552
      vertex -52.8089 33.5511 31.53
      vertex -52.6824 33.5511 32.1664
    endloop
  endfacet
  facet normal -0.593594 0.700228 0.396646
    outer loop
      vertex -52.1726 34.1029 31.9552
      vertex -52.6824 33.5511 32.1664
      vertex -52.3219 33.5511 32.7059
    endloop
  endfacet
  facet normal -0.396646 0.700228 0.593594
    outer loop
      vertex -51.5712 34.1029 32.5566
      vertex -52.3219 33.5511 32.7059
      vertex -51.7824 33.5511 33.0664
    endloop
  endfacet
  facet normal -0.139189 0.700212 0.700236
    outer loop
      vertex -51.5712 34.1029 32.5566
      vertex -51.7824 33.5511 33.0664
      vertex -51.146 33.5511 33.1929
    endloop
  endfacet
  facet normal -1 0 0
    outer loop
      vertex -53.1076 1.60982 4.53
      vertex -53.1076 32.0398 6.53
      vertex -53.1076 4.05101 2.67029e-07
    endloop
  endfacet
  facet normal -1 0 0
    outer loop
      vertex -53.1076 1.60982 4.53
      vertex -53.1076 4.05101 2.67029e-07
      vertex -53.1076 1.60982 2.67029e-07
    endloop
  endfacet
  facet normal -1 -0 0
    outer loop
      vertex -53.1076 32.0398 6.53
      vertex -53.1076 1.60982 4.53
      vertex -53.1076 32.0398 31.53
    endloop
  endfacet
  facet normal -0.923837 0.382786 0.000141772
    outer loop
      vertex -53.1076 32.8402 4.53
      vertex -52.8089 33.5511 31.53
      vertex -52.8089 33.5611 4.53
    endloop
  endfacet
  facet normal -0.923837 0.382786 0.000141772
    outer loop
      vertex -52.8089 33.5511 31.53
      vertex -53.1076 32.8402 4.53
      vertex -53.1076 32.8302 31.53
    endloop
  endfacet
  facet normal -0.707107 0.707107 0
    outer loop
      vertex -52.2571 34.1129 2.67029e-07
      vertex -52.8089 33.5611 4.53
      vertex -52.2571 34.1129 4.53
    endloop
  endfacet
  facet normal -0.707107 0.707107 0
    outer loop
      vertex -52.8089 33.5611 4.53
      vertex -52.2571 34.1129 2.67029e-07
      vertex -52.8089 33.5611 2.67029e-07
    endloop
  endfacet
  facet normal 0.000247498 1 0.00037037
    outer loop
      vertex 51.4219 34.4016 31.8059
      vertex 51.2953 34.4116 4.89048
      vertex 51.2953 34.4016 31.8905
    endloop
  endfacet
  facet normal 0.00024744 1 0.00037037
    outer loop
      vertex 51.2953 34.4116 4.89048
      vertex 51.4219 34.4016 31.8059
      vertex 51.4219 34.4116 4.8059
    endloop
  endfacet
  facet normal -0.555695 0 0.831386
    outer loop
      vertex -52.533 32.8302 32.917
      vertex -51.8967 32.0398 33.3423
      vertex -51.8967 32.8302 33.3423
    endloop
  endfacet
  facet normal -0.555695 0 0.831386
    outer loop
      vertex -51.8967 32.0398 33.3423
      vertex -52.533 32.8302 32.917
      vertex -52.533 32.0398 32.917
    endloop
  endfacet
  facet normal -0.96642 -0.170547 0.192213
    outer loop
      vertex -52.9583 1.60982 5.28066
      vertex -53.1076 32.0398 31.53
      vertex -53.1076 1.60982 4.53
    endloop
  endfacet
  facet normal -0.966423 -0.170539 0.192203
    outer loop
      vertex -53.1076 32.0398 31.53
      vertex -52.9583 1.60982 5.28066
      vertex -52.9583 32.0398 32.2807
    endloop
  endfacet
  facet normal 0.923837 0.382786 0
    outer loop
      vertex 53.1076 32.8402 4.53
      vertex 52.8089 33.5611 2.67029e-07
      vertex 52.8089 33.5611 4.53
    endloop
  endfacet
  facet normal 0.923837 0.382786 0
    outer loop
      vertex 52.8089 33.5611 2.67029e-07
      vertex 53.1076 32.8402 4.53
      vertex 53.1076 32.8402 2.67029e-07
    endloop
  endfacet
  facet normal 1 0 0
    outer loop
      vertex 53.1076 32.8402 4.53
      vertex 53.1076 32.8342 2.67029e-07
      vertex 53.1076 32.8402 2.67029e-07
    endloop
  endfacet
  facet normal 1 -0 0
    outer loop
      vertex 53.1076 32.8302 6.53
      vertex 53.1076 32.8402 4.53
      vertex 53.1076 32.8302 31.53
    endloop
  endfacet
  facet normal 1 0 0
    outer loop
      vertex 53.1076 32.8402 4.53
      vertex 53.1076 32.8302 6.53
      vertex 53.1076 32.8342 2.67029e-07
    endloop
  endfacet
  facet normal 0.831386 -0 0.555695
    outer loop
      vertex 52.533 32.0398 32.917
      vertex 52.9583 32.8302 32.2807
      vertex 52.533 32.8302 32.917
    endloop
  endfacet
  facet normal 0.831386 0 0.555695
    outer loop
      vertex 52.9583 32.8302 32.2807
      vertex 52.533 32.0398 32.917
      vertex 52.9583 32.0398 32.2807
    endloop
  endfacet
  facet normal 0.908637 -0.376456 0.18072
    outer loop
      vertex 52.9583 1.60982 5.28066
      vertex 52.8089 0.88886 4.53
      vertex 53.1076 1.60982 4.53
    endloop
  endfacet
  facet normal 1 0 0
    outer loop
      vertex 53.1076 32.0398 31.53
      vertex 53.1076 19.0527 3.5
      vertex 53.1076 32.0398 6.53
    endloop
  endfacet
  facet normal 1 0 0
    outer loop
      vertex 53.1076 32.0398 31.53
      vertex 53.1076 10.57 3.5
      vertex 53.1076 19.0527 3.5
    endloop
  endfacet
  facet normal 1 0 0
    outer loop
      vertex 53.1076 10.57 3.5
      vertex 53.1076 4.05101 2.67029e-07
      vertex 53.1076 10.57 1.52093
    endloop
  endfacet
  facet normal 1 -0 0
    outer loop
      vertex 53.1076 1.60982 4.53
      vertex 53.1076 10.57 3.5
      vertex 53.1076 32.0398 31.53
    endloop
  endfacet
  facet normal 1 0 0
    outer loop
      vertex 53.1076 10.57 3.5
      vertex 53.1076 1.60982 4.53
      vertex 53.1076 4.05101 2.67029e-07
    endloop
  endfacet
  facet normal 1 0 0
    outer loop
      vertex 53.1076 4.05101 2.67029e-07
      vertex 53.1076 1.60982 4.53
      vertex 53.1076 1.60982 2.67029e-07
    endloop
  endfacet
  facet normal 0.0759064 -0.921215 0.381577
    outer loop
      vertex 51.5712 0.337061 5.55656
      vertex 51.146 0.0384302 4.92018
      vertex 51.2953 0.0384302 4.89048
    endloop
  endfacet
  facet normal -0.593599 -0.700217 0.396657
    outer loop
      vertex -52.3219 0.88886 5.70587
      vertex -52.6824 0.88886 5.16638
      vertex -52.1726 0.337061 4.95521
    endloop
  endfacet
  facet normal 0 -0.92388 0.382683
    outer loop
      vertex -51.146 0.0384302 4.92018
      vertex 51.146 0.337061 5.64114
      vertex -51.146 0.337061 5.64114
    endloop
  endfacet
  facet normal 0 -0.92388 0.382683
    outer loop
      vertex 51.146 0.337061 5.64114
      vertex -51.146 0.0384302 4.92018
      vertex 51.146 0.0384302 4.92018
    endloop
  endfacet
  facet normal 0.323463 -0.921214 0.216187
    outer loop
      vertex 52.1726 0.337061 4.95521
      vertex 51.4219 0.0384302 4.8059
      vertex 51.5065 0.0384302 4.67932
    endloop
  endfacet
  facet normal -0.908689 -0.376373 0.18063
    outer loop
      vertex -52.6824 0.88886 5.16638
      vertex -52.9583 1.60982 5.28066
      vertex -52.8089 0.88886 4.53
    endloop
  endfacet
  facet normal -7.36771e-05 1 0.00037037
    outer loop
      vertex -51.146 34.4116 4.92018
      vertex -51.2953 34.4016 31.8905
      vertex -51.146 34.4016 31.9202
    endloop
  endfacet
  facet normal -7.36771e-05 1 0.00037037
    outer loop
      vertex -51.2953 34.4016 31.8905
      vertex -51.146 34.4116 4.92018
      vertex -51.2953 34.4116 4.89048
    endloop
  endfacet
  facet normal 0.139285 -0.700215 0.700213
    outer loop
      vertex 51.5712 0.337061 5.55656
      vertex 51.146 0.88886 6.19294
      vertex 51.146 0.337061 5.64114
    endloop
  endfacet
  facet normal 0.075903 -0.921215 0.381579
    outer loop
      vertex 51.5712 0.337061 5.55656
      vertex 51.146 0.337061 5.64114
      vertex 51.146 0.0384302 4.92018
    endloop
  endfacet
  facet normal 0.139189 0.700212 0.700236
    outer loop
      vertex 51.5712 34.1029 32.5566
      vertex 51.146 33.5511 33.1929
      vertex 51.7824 33.5511 33.0664
    endloop
  endfacet
  facet normal 0.396646 0.700228 0.593594
    outer loop
      vertex 52.3219 33.5511 32.7059
      vertex 51.5712 34.1029 32.5566
      vertex 51.7824 33.5511 33.0664
    endloop
  endfacet
  facet normal 0.593594 0.700228 0.396646
    outer loop
      vertex 52.6824 33.5511 32.1664
      vertex 52.1726 34.1029 31.9552
      vertex 52.3219 33.5511 32.7059
    endloop
  endfacet
  facet normal 0.700236 0.700212 0.139189
    outer loop
      vertex 52.8089 33.5511 31.53
      vertex 52.1726 34.1029 31.9552
      vertex 52.6824 33.5511 32.1664
    endloop
  endfacet
  facet normal 0.980791 -0 0.195061
    outer loop
      vertex 52.9583 32.0398 32.2807
      vertex 53.1076 32.8302 31.53
      vertex 52.9583 32.8302 32.2807
    endloop
  endfacet
  facet normal 0.980791 0 0.195061
    outer loop
      vertex 53.1076 32.8302 31.53
      vertex 52.9583 32.0398 32.2807
      vertex 53.1076 32.0398 31.53
    endloop
  endfacet
  facet normal 0.923837 0.382786 0.000141772
    outer loop
      vertex 52.8089 33.5511 31.53
      vertex 53.1076 32.8402 4.53
      vertex 52.8089 33.5611 4.53
    endloop
  endfacet
  facet normal 0.923837 0.382786 0.000141772
    outer loop
      vertex 53.1076 32.8402 4.53
      vertex 52.8089 33.5511 31.53
      vertex 53.1076 32.8302 31.53
    endloop
  endfacet
  facet normal -0.000554242 1 0.00037037
    outer loop
      vertex -51.4219 34.4116 4.8059
      vertex -51.5065 34.4016 31.6793
      vertex -51.4219 34.4016 31.8059
    endloop
  endfacet
  facet normal -0.000554155 1 0.000370371
    outer loop
      vertex -51.5065 34.4016 31.6793
      vertex -51.4219 34.4116 4.8059
      vertex -51.5065 34.4116 4.67932
    endloop
  endfacet
  facet normal -0.00186183 0.999998 0.00037037
    outer loop
      vertex -51.5065 34.4116 4.67932
      vertex -51.5362 34.4016 31.53
      vertex -51.5065 34.4016 31.6793
    endloop
  endfacet
  facet normal -0.00186207 0.999998 0.00037037
    outer loop
      vertex -51.5362 34.4016 31.53
      vertex -51.5065 34.4116 4.67932
      vertex -51.5362 34.4116 4.53
    endloop
  endfacet
  facet normal -0.216202 0.921184 0.323536
    outer loop
      vertex -51.4219 34.4016 31.8059
      vertex -51.5712 34.1029 32.5566
      vertex -51.2953 34.4016 31.8905
    endloop
  endfacet
  facet normal -0.0759196 0.921187 0.381643
    outer loop
      vertex -51.2953 34.4016 31.8905
      vertex -51.5712 34.1029 32.5566
      vertex -51.146 34.4016 31.9202
    endloop
  endfacet
  facet normal -0.980791 0 0.195061
    outer loop
      vertex -53.1076 32.0398 31.53
      vertex -52.9583 32.8302 32.2807
      vertex -53.1076 32.8302 31.53
    endloop
  endfacet
  facet normal -0.980791 0 0.195061
    outer loop
      vertex -52.9583 32.8302 32.2807
      vertex -53.1076 32.0398 31.53
      vertex -52.9583 32.0398 32.2807
    endloop
  endfacet
  facet normal -1 0 0
    outer loop
      vertex -53.1076 32.8342 2.67029e-07
      vertex -53.1076 32.8402 4.53
      vertex -53.1076 32.8402 2.67029e-07
    endloop
  endfacet
  facet normal -1 0 0
    outer loop
      vertex -53.1076 32.8302 6.53
      vertex -53.1076 32.8402 4.53
      vertex -53.1076 32.8342 2.67029e-07
    endloop
  endfacet
  facet normal -1 0 0
    outer loop
      vertex -53.1076 32.8402 4.53
      vertex -53.1076 32.8302 6.53
      vertex -53.1076 32.8302 31.53
    endloop
  endfacet
  facet normal -0.180709 0.376484 0.908628
    outer loop
      vertex -51.146 33.5511 33.1929
      vertex -51.8967 32.8302 33.3423
      vertex -51.146 32.8302 33.4916
    endloop
  endfacet
  facet normal -0.51475 -0.376311 0.77034
    outer loop
      vertex -51.7824 31.3189 33.0664
      vertex -52.533 32.0398 32.917
      vertex -52.3219 31.3189 32.7059
    endloop
  endfacet
  facet normal -0.514825 -0.37641 0.770241
    outer loop
      vertex -51.8967 32.0398 33.3423
      vertex -52.533 32.0398 32.917
      vertex -51.7824 31.3189 33.0664
    endloop
  endfacet
  facet normal 0.381572 -0.921218 0.0758954
    outer loop
      vertex 52.1726 0.337061 4.95521
      vertex 51.5065 0.0384302 4.67932
      vertex 51.5362 0.0384302 4.53
    endloop
  endfacet
  facet normal 0.00186183 0.999998 0.00037037
    outer loop
      vertex 51.5362 34.4016 31.53
      vertex 51.5065 34.4116 4.67932
      vertex 51.5065 34.4016 31.6793
    endloop
  endfacet
  facet normal 0.00186207 0.999998 0.00037037
    outer loop
      vertex 51.5065 34.4116 4.67932
      vertex 51.5362 34.4016 31.53
      vertex 51.5362 34.4116 4.53
    endloop
  endfacet
  facet normal -0.216125 -0.921217 0.323497
    outer loop
      vertex -51.2953 0.0384302 4.89048
      vertex -51.5712 0.337061 5.55656
      vertex -51.4219 0.0384302 4.8059
    endloop
  endfacet
  facet normal -0.396627 -0.70022 0.593615
    outer loop
      vertex -51.5712 0.337061 5.55656
      vertex -52.3219 0.88886 5.70587
      vertex -51.9317 0.337061 5.31569
    endloop
  endfacet
  facet normal -0.700238 -0.700209 0.139194
    outer loop
      vertex -52.6824 0.88886 5.16638
      vertex -52.8089 0.88886 4.53
      vertex -52.1726 0.337061 4.95521
    endloop
  endfacet
  facet normal -0.381608 -0.921208 0.0758352
    outer loop
      vertex -52.1726 0.337061 4.95521
      vertex -52.2571 0.337061 4.53
      vertex -51.5362 0.0384302 4.53
    endloop
  endfacet
  facet normal -0.0759064 -0.921215 0.381577
    outer loop
      vertex -51.146 0.0384302 4.92018
      vertex -51.5712 0.337061 5.55656
      vertex -51.2953 0.0384302 4.89048
    endloop
  endfacet
  facet normal -0.216143 -0.921214 0.323492
    outer loop
      vertex -51.5712 0.337061 5.55656
      vertex -51.9317 0.337061 5.31569
      vertex -51.4219 0.0384302 4.8059
    endloop
  endfacet
  facet normal 0.216143 -0.921214 0.323492
    outer loop
      vertex 51.5712 0.337061 5.55656
      vertex 51.4219 0.0384302 4.8059
      vertex 51.9317 0.337061 5.31569
    endloop
  endfacet
  facet normal 0.514825 -0.37641 0.770241
    outer loop
      vertex 51.8967 32.0398 33.3423
      vertex 51.7824 31.3189 33.0664
      vertex 52.533 32.0398 32.917
    endloop
  endfacet
  facet normal 0.81842 -0.381371 0.429819
    outer loop
      vertex 52.6824 31.3189 32.1664
      vertex 52.9583 1.60982 5.28066
      vertex 52.9583 32.0398 32.2807
    endloop
  endfacet
  facet normal 0.818458 -0.381336 0.429779
    outer loop
      vertex 52.9583 1.60982 5.28066
      vertex 52.6824 31.3189 32.1664
      vertex 52.6824 0.88886 5.16638
    endloop
  endfacet
  facet normal 0.382786 0.923837 0.000342162
    outer loop
      vertex 52.2571 34.1129 4.53
      vertex 51.5362 34.4016 31.53
      vertex 52.2571 34.1029 31.53
    endloop
  endfacet
  facet normal 0.382786 0.923837 0.000342162
    outer loop
      vertex 51.5362 34.4016 31.53
      vertex 52.2571 34.1129 4.53
      vertex 51.5362 34.4116 4.53
    endloop
  endfacet
  facet normal 0.216202 0.921184 0.323536
    outer loop
      vertex 51.4219 34.4016 31.8059
      vertex 51.2953 34.4016 31.8905
      vertex 51.5712 34.1029 32.5566
    endloop
  endfacet
  facet normal -0.923837 0.382786 0
    outer loop
      vertex -53.1076 32.8402 2.67029e-07
      vertex -52.8089 33.5611 4.53
      vertex -52.8089 33.5611 2.67029e-07
    endloop
  endfacet
  facet normal -0.923837 0.382786 0
    outer loop
      vertex -52.8089 33.5611 4.53
      vertex -53.1076 32.8402 2.67029e-07
      vertex -53.1076 32.8402 4.53
    endloop
  endfacet
  facet normal 0.2162 0.921185 0.323537
    outer loop
      vertex 51.9317 34.1029 32.3157
      vertex 51.4219 34.4016 31.8059
      vertex 51.5712 34.1029 32.5566
    endloop
  endfacet
  facet normal -0.770241 0.37641 0.514825
    outer loop
      vertex -52.6824 33.5511 32.1664
      vertex -52.9583 32.8302 32.2807
      vertex -52.533 32.8302 32.917
    endloop
  endfacet
  facet normal -0.908678 0.376404 0.180622
    outer loop
      vertex -52.8089 33.5511 31.53
      vertex -52.9583 32.8302 32.2807
      vertex -52.6824 33.5511 32.1664
    endloop
  endfacet
  facet normal 0 -1 0
    outer loop
      vertex -51.5362 0.0384302 4.53
      vertex -51.146 0.0384302 4.92018
      vertex -51.2953 0.0384302 4.89048
    endloop
  endfacet
  facet normal 0 -1 0
    outer loop
      vertex -51.146 0.0384302 4.92018
      vertex 3.25 0.0384302 0.180001
      vertex 51.146 0.0384302 4.92018
    endloop
  endfacet
  facet normal 0 -1 0
    outer loop
      vertex -51.5362 0.0384302 4.53
      vertex -51.2953 0.0384302 4.89048
      vertex -51.4219 0.0384302 4.8059
    endloop
  endfacet
  facet normal 0 -1 0
    outer loop
      vertex 3.36733 0.0384302 0.170767
      vertex 51.146 0.0384302 4.92018
      vertex 3.25 0.0384302 0.180001
    endloop
  endfacet
  facet normal 0 -1 0
    outer loop
      vertex -51.5362 0.0384302 4.53
      vertex -51.4219 0.0384302 4.8059
      vertex -51.5065 0.0384302 4.67932
    endloop
  endfacet
  facet normal 0 -1 0
    outer loop
      vertex 3.48176 0.0384302 0.143293
      vertex 51.146 0.0384302 4.92018
      vertex 3.36733 0.0384302 0.170767
    endloop
  endfacet
  facet normal 0 -1 0
    outer loop
      vertex -51.146 0.0384302 4.92018
      vertex -51.5362 0.0384302 4.53
      vertex -51.5362 0.0384302 2.67029e-07
    endloop
  endfacet
  facet normal 0 -1 0
    outer loop
      vertex 3.59049 0.0384302 0.0982554
      vertex 51.146 0.0384302 4.92018
      vertex 3.48176 0.0384302 0.143293
    endloop
  endfacet
  facet normal 0 -1 0
    outer loop
      vertex 3.69084 0.0384302 0.0367635
      vertex 51.146 0.0384302 4.92018
      vertex 3.59049 0.0384302 0.0982554
    endloop
  endfacet
  facet normal 0 -1 0
    outer loop
      vertex -51.146 0.0384302 4.92018
      vertex 3.13267 0.0384302 0.170767
      vertex 3.25 0.0384302 0.180001
    endloop
  endfacet
  facet normal 0 -1 0
    outer loop
      vertex -51.146 0.0384302 4.92018
      vertex 3.01824 0.0384302 0.143293
      vertex 3.13267 0.0384302 0.170767
    endloop
  endfacet
  facet normal 0 -1 0
    outer loop
      vertex -51.146 0.0384302 4.92018
      vertex 2.90951 0.0384302 0.0982554
      vertex 3.01824 0.0384302 0.143293
    endloop
  endfacet
  facet normal 0 -1 0
    outer loop
      vertex -51.146 0.0384302 4.92018
      vertex 2.80916 0.0384302 0.0367635
      vertex 2.90951 0.0384302 0.0982554
    endloop
  endfacet
  facet normal 0 -1 -0
    outer loop
      vertex -51.146 0.0384302 4.92018
      vertex -51.5362 0.0384302 2.67029e-07
      vertex 2.76612 0.0384302 2.67029e-07
    endloop
  endfacet
  facet normal 0 -1 0
    outer loop
      vertex -51.146 0.0384302 4.92018
      vertex 2.76612 0.0384302 2.67029e-07
      vertex 2.80916 0.0384302 0.0367635
    endloop
  endfacet
  facet normal 0 -1 0
    outer loop
      vertex 3.73388 0.0384302 2.67029e-07
      vertex 51.146 0.0384302 4.92018
      vertex 3.69084 0.0384302 0.0367635
    endloop
  endfacet
  facet normal 0 -1 0
    outer loop
      vertex 51.5362 0.0384302 2.67029e-07
      vertex 51.146 0.0384302 4.92018
      vertex 3.73388 0.0384302 2.67029e-07
    endloop
  endfacet
  facet normal -0 -1 -0
    outer loop
      vertex 51.5362 0.0384302 4.53
      vertex 51.146 0.0384302 4.92018
      vertex 51.5362 0.0384302 2.67029e-07
    endloop
  endfacet
  facet normal 0 -1 0
    outer loop
      vertex 51.146 0.0384302 4.92018
      vertex 51.5362 0.0384302 4.53
      vertex 51.2953 0.0384302 4.89048
    endloop
  endfacet
  facet normal 0 -1 0
    outer loop
      vertex 51.2953 0.0384302 4.89048
      vertex 51.5362 0.0384302 4.53
      vertex 51.4219 0.0384302 4.8059
    endloop
  endfacet
  facet normal 0 -1 0
    outer loop
      vertex 51.4219 0.0384302 4.8059
      vertex 51.5362 0.0384302 4.53
      vertex 51.5065 0.0384302 4.67932
    endloop
  endfacet
  facet normal 1 0 0
    outer loop
      vertex 53.1076 32.0398 6.53
      vertex 53.1076 30.8848 2.67029e-07
      vertex 53.1076 31.2514 2.67029e-07
    endloop
  endfacet
  facet normal 1 0 0
    outer loop
      vertex 53.1076 32.8302 6.53
      vertex 53.1076 32.0438 2.67029e-07
      vertex 53.1076 32.8342 2.67029e-07
    endloop
  endfacet
  facet normal 1 0 -0
    outer loop
      vertex 53.1076 32.0438 2.67029e-07
      vertex 53.1076 32.8302 6.53
      vertex 53.1076 32.0398 6.53
    endloop
  endfacet
  facet normal -0.381572 -0.921218 0.0758954
    outer loop
      vertex -51.5065 0.0384302 4.67932
      vertex -52.1726 0.337061 4.95521
      vertex -51.5362 0.0384302 4.53
    endloop
  endfacet
  facet normal 0.216125 -0.921217 0.323497
    outer loop
      vertex 51.5712 0.337061 5.55656
      vertex 51.2953 0.0384302 4.89048
      vertex 51.4219 0.0384302 4.8059
    endloop
  endfacet
  facet normal -0.323463 -0.921214 0.216187
    outer loop
      vertex -51.4219 0.0384302 4.8059
      vertex -52.1726 0.337061 4.95521
      vertex -51.5065 0.0384302 4.67932
    endloop
  endfacet
  facet normal -0.323469 -0.921217 0.216166
    outer loop
      vertex -51.9317 0.337061 5.31569
      vertex -52.1726 0.337061 4.95521
      vertex -51.4219 0.0384302 4.8059
    endloop
  endfacet
  facet normal -0.707106 -0.707107 0
    outer loop
      vertex -52.8089 0.88886 2.67029e-07
      vertex -52.2571 0.337061 4.53
      vertex -52.8089 0.88886 4.53
    endloop
  endfacet
  facet normal -0.707106 -0.707107 -0
    outer loop
      vertex -52.2571 0.337061 4.53
      vertex -52.8089 0.88886 2.67029e-07
      vertex -52.2571 0.337061 2.67029e-07
    endloop
  endfacet
  facet normal 0.770241 0.37641 0.514825
    outer loop
      vertex 52.6824 33.5511 32.1664
      vertex 52.533 32.8302 32.917
      vertex 52.9583 32.8302 32.2807
    endloop
  endfacet
  facet normal 0.77034 -0.376311 0.51475
    outer loop
      vertex 52.533 32.0398 32.917
      vertex 52.3219 31.3189 32.7059
      vertex 52.6824 31.3189 32.1664
    endloop
  endfacet
  facet normal 0.770241 -0.37641 0.514825
    outer loop
      vertex 52.9583 32.0398 32.2807
      vertex 52.533 32.0398 32.917
      vertex 52.6824 31.3189 32.1664
    endloop
  endfacet
  facet normal 0.323536 0.921184 0.216202
    outer loop
      vertex 51.5065 34.4016 31.6793
      vertex 51.4219 34.4016 31.8059
      vertex 52.1726 34.1029 31.9552
    endloop
  endfacet
  facet normal 0.381643 0.921187 0.0759196
    outer loop
      vertex 51.5362 34.4016 31.53
      vertex 51.5065 34.4016 31.6793
      vertex 52.1726 34.1029 31.9552
    endloop
  endfacet
  facet normal -1 0 0
    outer loop
      vertex -53.1076 32.0438 2.67029e-07
      vertex -53.1076 32.8302 6.53
      vertex -53.1076 32.8342 2.67029e-07
    endloop
  endfacet
  facet normal -1 -0 0
    outer loop
      vertex -53.1076 32.8302 6.53
      vertex -53.1076 32.0438 2.67029e-07
      vertex -53.1076 32.0398 6.53
    endloop
  endfacet
  facet normal -1 0 0
    outer loop
      vertex -53.1076 25.2796 2.67029e-07
      vertex -53.1076 32.0398 6.53
      vertex -53.1076 26.5341 2.67029e-07
    endloop
  endfacet
  facet normal -1 0 0
    outer loop
      vertex -53.1076 29.8959 2.67029e-07
      vertex -53.1076 32.0398 6.53
      vertex -53.1076 30.436 2.67029e-07
    endloop
  endfacet
  facet normal -0.831386 0 0.555695
    outer loop
      vertex -52.9583 32.0398 32.2807
      vertex -52.533 32.8302 32.917
      vertex -52.9583 32.8302 32.2807
    endloop
  endfacet
  facet normal -0.831386 0 0.555695
    outer loop
      vertex -52.533 32.8302 32.917
      vertex -52.9583 32.0398 32.2807
      vertex -52.533 32.0398 32.917
    endloop
  endfacet
  facet normal 1 -0 0
    outer loop
      vertex 53.1076 23.07 1.73168
      vertex 53.1076 23.07 0.696627
      vertex 53.1076 32.0398 6.53
    endloop
  endfacet
  facet normal 1 0 0
    outer loop
      vertex 53.1076 32.0398 6.53
      vertex 53.1076 28.492 2.67029e-07
      vertex 53.1076 29.2529 2.67029e-07
    endloop
  endfacet
  facet normal 1 0 0
    outer loop
      vertex 53.1076 32.0398 6.53
      vertex 53.1076 31.543 2.67029e-07
      vertex 53.1076 31.7647 2.67029e-07
    endloop
  endfacet
  facet normal 0.000554242 1 0.00037037
    outer loop
      vertex 51.5065 34.4016 31.6793
      vertex 51.4219 34.4116 4.8059
      vertex 51.4219 34.4016 31.8059
    endloop
  endfacet
  facet normal 0.000554155 1 0.000370371
    outer loop
      vertex 51.4219 34.4116 4.8059
      vertex 51.5065 34.4016 31.6793
      vertex 51.5065 34.4116 4.67932
    endloop
  endfacet
  facet normal -1 0 0
    outer loop
      vertex -53.1076 30.436 2.67029e-07
      vertex -53.1076 32.0398 6.53
      vertex -53.1076 30.8848 2.67029e-07
    endloop
  endfacet
  facet normal -1 0 0
    outer loop
      vertex -53.1076 26.5341 2.67029e-07
      vertex -53.1076 32.0398 6.53
      vertex -53.1076 27.5941 2.67029e-07
    endloop
  endfacet
  facet normal -1 0 0
    outer loop
      vertex -53.1076 17.1752 2.67029e-07
      vertex -53.1076 32.0398 6.53
      vertex -53.1076 19.8329 2.67029e-07
    endloop
  endfacet
  facet normal 1 -0 0
    outer loop
      vertex 53.1076 23.07 3.30878
      vertex 53.1076 23.07 2.58958
      vertex 53.1076 32.0398 6.53
    endloop
  endfacet
  facet normal 1 -0 0
    outer loop
      vertex 53.1076 23.07 0.696627
      vertex 53.1076 23.7873 2.67029e-07
      vertex 53.1076 32.0398 6.53
    endloop
  endfacet
  facet normal 1 0 0
    outer loop
      vertex 53.1076 23.7873 2.67029e-07
      vertex 53.1076 23.07 0.696627
      vertex 53.1076 23.07 2.67029e-07
    endloop
  endfacet
  facet normal 1 0 0
    outer loop
      vertex 53.1076 32.0398 6.53
      vertex 53.1076 27.5941 2.67029e-07
      vertex 53.1076 28.492 2.67029e-07
    endloop
  endfacet
  facet normal 1 0 0
    outer loop
      vertex 53.1076 32.0398 6.53
      vertex 53.1076 29.8959 2.67029e-07
      vertex 53.1076 30.436 2.67029e-07
    endloop
  endfacet
  facet normal 1 0 0
    outer loop
      vertex 53.1076 32.0398 6.53
      vertex 53.1076 31.2514 2.67029e-07
      vertex 53.1076 31.543 2.67029e-07
    endloop
  endfacet
  facet normal 1 0 0
    outer loop
      vertex 53.1076 32.0398 6.53
      vertex 53.1076 31.7647 2.67029e-07
      vertex 53.1076 31.9206 2.67029e-07
    endloop
  endfacet
  facet normal 0 1 0
    outer loop
      vertex 51.5362 34.4116 4.53
      vertex 51.146 34.4116 4.92018
      vertex 51.2953 34.4116 4.89048
    endloop
  endfacet
  facet normal 0 1 0
    outer loop
      vertex 51.146 34.4116 4.92018
      vertex 3.25 34.4116 0.180001
      vertex -51.146 34.4116 4.92018
    endloop
  endfacet
  facet normal 0 1 0
    outer loop
      vertex 51.5362 34.4116 4.53
      vertex 51.2953 34.4116 4.89048
      vertex 51.4219 34.4116 4.8059
    endloop
  endfacet
  facet normal 0 1 -0
    outer loop
      vertex 3.13267 34.4116 0.170767
      vertex -51.146 34.4116 4.92018
      vertex 3.25 34.4116 0.180001
    endloop
  endfacet
  facet normal 0 1 0
    outer loop
      vertex 51.5362 34.4116 4.53
      vertex 51.4219 34.4116 4.8059
      vertex 51.5065 34.4116 4.67932
    endloop
  endfacet
  facet normal 0 1 -0
    outer loop
      vertex 3.01824 34.4116 0.143293
      vertex -51.146 34.4116 4.92018
      vertex 3.13267 34.4116 0.170767
    endloop
  endfacet
  facet normal 0 1 0
    outer loop
      vertex 51.146 34.4116 4.92018
      vertex 51.5362 34.4116 4.53
      vertex 51.5362 34.4116 2.67029e-07
    endloop
  endfacet
  facet normal 0 1 -0
    outer loop
      vertex 2.90951 34.4116 0.0982554
      vertex -51.146 34.4116 4.92018
      vertex 3.01824 34.4116 0.143293
    endloop
  endfacet
  facet normal 0 1 -0
    outer loop
      vertex 2.80916 34.4116 0.0367635
      vertex -51.146 34.4116 4.92018
      vertex 2.90951 34.4116 0.0982554
    endloop
  endfacet
  facet normal 0 1 0
    outer loop
      vertex 51.146 34.4116 4.92018
      vertex 3.36733 34.4116 0.170767
      vertex 3.25 34.4116 0.180001
    endloop
  endfacet
  facet normal 0 1 0
    outer loop
      vertex 51.146 34.4116 4.92018
      vertex 3.48176 34.4116 0.143293
      vertex 3.36733 34.4116 0.170767
    endloop
  endfacet
  facet normal 0 1 0
    outer loop
      vertex 51.146 34.4116 4.92018
      vertex 3.59049 34.4116 0.0982554
      vertex 3.48176 34.4116 0.143293
    endloop
  endfacet
  facet normal 0 1 0
    outer loop
      vertex 51.146 34.4116 4.92018
      vertex 3.69084 34.4116 0.0367635
      vertex 3.59049 34.4116 0.0982554
    endloop
  endfacet
  facet normal 0 1 0
    outer loop
      vertex 51.146 34.4116 4.92018
      vertex 51.5362 34.4116 2.67029e-07
      vertex 3.73388 34.4116 2.67029e-07
    endloop
  endfacet
  facet normal 0 1 0
    outer loop
      vertex 51.146 34.4116 4.92018
      vertex 3.73388 34.4116 2.67029e-07
      vertex 3.69084 34.4116 0.0367635
    endloop
  endfacet
  facet normal 0 1 -0
    outer loop
      vertex 2.76612 34.4116 2.67029e-07
      vertex -51.146 34.4116 4.92018
      vertex 2.80916 34.4116 0.0367635
    endloop
  endfacet
  facet normal 0 1 0
    outer loop
      vertex -51.5362 34.4116 2.67029e-07
      vertex -51.146 34.4116 4.92018
      vertex 2.76612 34.4116 2.67029e-07
    endloop
  endfacet
  facet normal -0 1 0
    outer loop
      vertex -51.5362 34.4116 4.53
      vertex -51.146 34.4116 4.92018
      vertex -51.5362 34.4116 2.67029e-07
    endloop
  endfacet
  facet normal 0 1 0
    outer loop
      vertex -51.146 34.4116 4.92018
      vertex -51.5362 34.4116 4.53
      vertex -51.2953 34.4116 4.89048
    endloop
  endfacet
  facet normal 0 1 0
    outer loop
      vertex -51.2953 34.4116 4.89048
      vertex -51.5362 34.4116 4.53
      vertex -51.4219 34.4116 4.8059
    endloop
  endfacet
  facet normal 0 1 0
    outer loop
      vertex -51.4219 34.4116 4.8059
      vertex -51.5362 34.4116 4.53
      vertex -51.5065 34.4116 4.67932
    endloop
  endfacet
  facet normal -1 0 0
    outer loop
      vertex -53.1076 31.7647 2.67029e-07
      vertex -53.1076 32.0398 6.53
      vertex -53.1076 31.9206 2.67029e-07
    endloop
  endfacet
  facet normal -1 0 0
    outer loop
      vertex -53.1076 19.8329 2.67029e-07
      vertex -53.1076 32.0398 6.53
      vertex -53.1076 21.9988 2.67029e-07
    endloop
  endfacet
  facet normal 1 0 0
    outer loop
      vertex 53.1076 32.0398 6.53
      vertex 53.1076 21.6367 3.5
      vertex 53.1076 23.07 3.5
    endloop
  endfacet
  facet normal 1 0 0
    outer loop
      vertex 53.1076 32.0398 6.53
      vertex 53.1076 23.07 3.5
      vertex 53.1076 23.07 3.30878
    endloop
  endfacet
  facet normal 1 0 0
    outer loop
      vertex 53.1076 10.57 0.276712
      vertex 53.1076 9.61995 2.67029e-07
      vertex 53.1076 10.57 2.67029e-07
    endloop
  endfacet
  facet normal 1 -0 0
    outer loop
      vertex 53.1076 23.07 2.58958
      vertex 53.1076 23.07 1.73168
      vertex 53.1076 32.0398 6.53
    endloop
  endfacet
  facet normal 1 0 0
    outer loop
      vertex 53.1076 32.0398 6.53
      vertex 53.1076 23.7873 2.67029e-07
      vertex 53.1076 25.2796 2.67029e-07
    endloop
  endfacet
  facet normal 1 0 0
    outer loop
      vertex 53.1076 32.0398 6.53
      vertex 53.1076 26.5341 2.67029e-07
      vertex 53.1076 27.5941 2.67029e-07
    endloop
  endfacet
  facet normal 1 0 0
    outer loop
      vertex 53.1076 32.0398 6.53
      vertex 53.1076 29.2529 2.67029e-07
      vertex 53.1076 29.8959 2.67029e-07
    endloop
  endfacet
  facet normal 1 0 0
    outer loop
      vertex 53.1076 32.0398 6.53
      vertex 53.1076 30.436 2.67029e-07
      vertex 53.1076 30.8848 2.67029e-07
    endloop
  endfacet
  facet normal -1 0 0
    outer loop
      vertex -53.1076 30.8848 2.67029e-07
      vertex -53.1076 32.0398 6.53
      vertex -53.1076 31.2514 2.67029e-07
    endloop
  endfacet
  facet normal -1 0 0
    outer loop
      vertex -53.1076 31.2514 2.67029e-07
      vertex -53.1076 32.0398 6.53
      vertex -53.1076 31.543 2.67029e-07
    endloop
  endfacet
  facet normal -1 0 0
    outer loop
      vertex -53.1076 29.2529 2.67029e-07
      vertex -53.1076 32.0398 6.53
      vertex -53.1076 29.8959 2.67029e-07
    endloop
  endfacet
  facet normal -1 0 0
    outer loop
      vertex -53.1076 4.05101 2.67029e-07
      vertex -53.1076 32.0398 6.53
      vertex -53.1076 9.61995 2.67029e-07
    endloop
  endfacet
  facet normal -1 0 0
    outer loop
      vertex -53.1076 21.9988 2.67029e-07
      vertex -53.1076 32.0398 6.53
      vertex -53.1076 23.7873 2.67029e-07
    endloop
  endfacet
  facet normal -1 0 0
    outer loop
      vertex -53.1076 23.7873 2.67029e-07
      vertex -53.1076 32.0398 6.53
      vertex -53.1076 25.2796 2.67029e-07
    endloop
  endfacet
  facet normal 1 0 0
    outer loop
      vertex 53.1076 32.0398 6.53
      vertex 53.1076 32.0131 2.67029e-07
      vertex 53.1076 32.0438 2.67029e-07
    endloop
  endfacet
  facet normal 1 0 0
    outer loop
      vertex 53.1076 32.0398 6.53
      vertex 53.1076 31.9206 2.67029e-07
      vertex 53.1076 32.0131 2.67029e-07
    endloop
  endfacet
  facet normal -1 0 0
    outer loop
      vertex -53.1076 27.5941 2.67029e-07
      vertex -53.1076 32.0398 6.53
      vertex -53.1076 28.492 2.67029e-07
    endloop
  endfacet
  facet normal -1 0 0
    outer loop
      vertex -53.1076 28.492 2.67029e-07
      vertex -53.1076 32.0398 6.53
      vertex -53.1076 29.2529 2.67029e-07
    endloop
  endfacet
  facet normal -1 0 0
    outer loop
      vertex -53.1076 9.61995 2.67029e-07
      vertex -53.1076 32.0398 6.53
      vertex -53.1076 13.8564 2.67029e-07
    endloop
  endfacet
  facet normal -1 0 0
    outer loop
      vertex -53.1076 13.8564 2.67029e-07
      vertex -53.1076 32.0398 6.53
      vertex -53.1076 17.1752 2.67029e-07
    endloop
  endfacet
  facet normal -1 0 0
    outer loop
      vertex 50.646 4.07266 6.53
      vertex 50.646 1.26874 6.53
      vertex 50.646 4.05359 6.54
    endloop
  endfacet
  facet normal -1 0 0
    outer loop
      vertex 50.646 28.5127 6.53
      vertex 50.646 5.94641 6.54
      vertex 50.646 28.4936 6.54
    endloop
  endfacet
  facet normal -1 0 -0
    outer loop
      vertex 50.646 5.94641 6.54
      vertex 50.646 28.5127 6.53
      vertex 50.646 5.92734 6.53
    endloop
  endfacet
  facet normal -1 0 0
    outer loop
      vertex 50.646 31.3189 33.1929
      vertex 50.646 32.44 33.4916
      vertex 50.646 32.44 6.53
    endloop
  endfacet
  facet normal -1 -0 0
    outer loop
      vertex 50.646 32.44 33.4916
      vertex 50.646 31.3189 33.1929
      vertex 50.646 32.0398 33.4916
    endloop
  endfacet
  facet normal -1 0 0
    outer loop
      vertex 50.646 32.44 6.53
      vertex 50.646 30.3864 6.54
      vertex 50.646 31.3189 33.1929
    endloop
  endfacet
  facet normal -1 0 -0
    outer loop
      vertex 50.646 30.3864 6.54
      vertex 50.646 32.44 6.53
      vertex 50.646 30.3673 6.53
    endloop
  endfacet
  facet normal -1 0 0
    outer loop
      vertex 50.646 28.4936 6.54
      vertex 50.646 31.3189 33.1929
      vertex 50.646 30.3864 6.54
    endloop
  endfacet
  facet normal -1 0 0
    outer loop
      vertex 50.646 5.94641 6.54
      vertex 50.646 31.3189 33.1929
      vertex 50.646 28.4936 6.54
    endloop
  endfacet
  facet normal -1 0 0
    outer loop
      vertex 50.646 4.05359 6.54
      vertex 50.646 31.3189 33.1929
      vertex 50.646 5.94641 6.54
    endloop
  endfacet
  facet normal -1 0 0
    outer loop
      vertex 50.646 31.3189 33.1929
      vertex 50.646 4.05359 6.54
      vertex 50.646 1.26874 6.53
    endloop
  endfacet
  facet normal 0 -1 0
    outer loop
      vertex -46.646 32.44 2.795
      vertex 46.646 32.44 6.53
      vertex -46.646 32.44 6.53
    endloop
  endfacet
  facet normal 0 -1 -0
    outer loop
      vertex 46.646 32.44 6.53
      vertex -46.646 32.44 2.795
      vertex 46.646 32.44 2.795
    endloop
  endfacet
  facet normal 0 -1 0
    outer loop
      vertex -46.646 32.44 6.53
      vertex -50.646 32.44 33.4916
      vertex -50.646 32.44 6.53
    endloop
  endfacet
  facet normal 0 -1 0
    outer loop
      vertex -50.646 32.44 33.4916
      vertex -46.646 32.44 6.53
      vertex 50.646 32.44 33.4916
    endloop
  endfacet
  facet normal 0 -1 0
    outer loop
      vertex 46.646 32.44 6.53
      vertex 50.646 32.44 33.4916
      vertex -46.646 32.44 6.53
    endloop
  endfacet
  facet normal 0 -1 -0
    outer loop
      vertex 50.646 32.44 33.4916
      vertex 46.646 32.44 6.53
      vertex 50.646 32.44 6.53
    endloop
  endfacet
  facet normal 0 -1 0
    outer loop
      vertex -46.646 32.44 1.795
      vertex 3.25 32.44 0.180001
      vertex 46.646 32.44 1.795
    endloop
  endfacet
  facet normal 0 -1 0
    outer loop
      vertex -46.646 32.44 1.795
      vertex 3.13267 32.44 0.170767
      vertex 3.25 32.44 0.180001
    endloop
  endfacet
  facet normal 0 -1 0
    outer loop
      vertex -46.646 32.44 1.795
      vertex 3.01824 32.44 0.143293
      vertex 3.13267 32.44 0.170767
    endloop
  endfacet
  facet normal 0 -1 0
    outer loop
      vertex -46.646 32.44 1.795
      vertex 2.90951 32.44 0.0982554
      vertex 3.01824 32.44 0.143293
    endloop
  endfacet
  facet normal 0 -1 0
    outer loop
      vertex -46.646 32.44 1.795
      vertex 2.80916 32.44 0.0367635
      vertex 2.90951 32.44 0.0982554
    endloop
  endfacet
  facet normal 0 -1 0
    outer loop
      vertex 2.76612 32.44 2.67029e-07
      vertex -46.646 32.44 1.795
      vertex -46.646 32.44 2.67029e-07
    endloop
  endfacet
  facet normal 0 -1 0
    outer loop
      vertex -46.646 32.44 1.795
      vertex 2.76612 32.44 2.67029e-07
      vertex 2.80916 32.44 0.0367635
    endloop
  endfacet
  facet normal 0 -1 0
    outer loop
      vertex 3.36733 32.44 0.170767
      vertex 46.646 32.44 1.795
      vertex 3.25 32.44 0.180001
    endloop
  endfacet
  facet normal 0 -1 0
    outer loop
      vertex 3.48176 32.44 0.143293
      vertex 46.646 32.44 1.795
      vertex 3.36733 32.44 0.170767
    endloop
  endfacet
  facet normal 0 -1 0
    outer loop
      vertex 3.59049 32.44 0.0982554
      vertex 46.646 32.44 1.795
      vertex 3.48176 32.44 0.143293
    endloop
  endfacet
  facet normal 0 -1 0
    outer loop
      vertex 3.69084 32.44 0.0367635
      vertex 46.646 32.44 1.795
      vertex 3.59049 32.44 0.0982554
    endloop
  endfacet
  facet normal 0 -1 0
    outer loop
      vertex 3.73388 32.44 2.67029e-07
      vertex 46.646 32.44 1.795
      vertex 3.69084 32.44 0.0367635
    endloop
  endfacet
  facet normal 0 -1 -0
    outer loop
      vertex 46.646 32.44 1.795
      vertex 3.73388 32.44 2.67029e-07
      vertex 46.646 32.44 2.67029e-07
    endloop
  endfacet
  facet normal 1 0 0
    outer loop
      vertex -50.646 31.3189 33.1929
      vertex -50.646 28.4936 6.54
      vertex -50.646 30.3864 6.54
    endloop
  endfacet
  facet normal 1 0 0
    outer loop
      vertex -50.646 31.3189 33.1929
      vertex -50.646 5.94641 6.54
      vertex -50.646 28.4936 6.54
    endloop
  endfacet
  facet normal 1 0 0
    outer loop
      vertex -50.646 31.3189 33.1929
      vertex -50.646 4.05359 6.54
      vertex -50.646 5.94641 6.54
    endloop
  endfacet
  facet normal 1 0 -0
    outer loop
      vertex -50.646 4.05359 6.54
      vertex -50.646 31.3189 33.1929
      vertex -50.646 1.26874 6.53
    endloop
  endfacet
  facet normal 1 0 0
    outer loop
      vertex -50.646 31.3189 33.1929
      vertex -50.646 32.44 33.4916
      vertex -50.646 32.0398 33.4916
    endloop
  endfacet
  facet normal 1 0 0
    outer loop
      vertex -50.646 32.44 33.4916
      vertex -50.646 31.3189 33.1929
      vertex -50.646 32.44 6.53
    endloop
  endfacet
  facet normal 1 -0 0
    outer loop
      vertex -50.646 30.3864 6.54
      vertex -50.646 32.44 6.53
      vertex -50.646 31.3189 33.1929
    endloop
  endfacet
  facet normal 1 0 0
    outer loop
      vertex -50.646 32.44 6.53
      vertex -50.646 30.3864 6.54
      vertex -50.646 30.3673 6.53
    endloop
  endfacet
  facet normal 1 -0 0
    outer loop
      vertex -50.646 5.94641 6.54
      vertex -50.646 28.5127 6.53
      vertex -50.646 28.4936 6.54
    endloop
  endfacet
  facet normal 1 0 0
    outer loop
      vertex -50.646 28.5127 6.53
      vertex -50.646 5.94641 6.54
      vertex -50.646 5.92734 6.53
    endloop
  endfacet
  facet normal 1 0 0
    outer loop
      vertex -50.646 4.07266 6.53
      vertex -50.646 4.05359 6.54
      vertex -50.646 1.26874 6.53
    endloop
  endfacet
  facet normal 0 0 1
    outer loop
      vertex -46.646 32.44 6.53
      vertex -47.246 32.189 6.53
      vertex -46.646 32.189 6.53
    endloop
  endfacet
  facet normal 0 0 1
    outer loop
      vertex -47.246 32.189 6.53
      vertex -47.3765 30.5803 6.53
      vertex -47.246 30.3673 6.53
    endloop
  endfacet
  facet normal 0 0 1
    outer loop
      vertex -47.246 32.189 6.53
      vertex -47.5727 30.8101 6.53
      vertex -47.3765 30.5803 6.53
    endloop
  endfacet
  facet normal 0 0 1
    outer loop
      vertex -47.246 32.189 6.53
      vertex -47.5742 30.8118 6.53
      vertex -47.5727 30.8101 6.53
    endloop
  endfacet
  facet normal 0 0 1
    outer loop
      vertex -47.246 32.189 6.53
      vertex -47.5759 30.8133 6.53
      vertex -47.5742 30.8118 6.53
    endloop
  endfacet
  facet normal 0 0 1
    outer loop
      vertex -47.246 32.189 6.53
      vertex -47.8057 31.0095 6.53
      vertex -47.5759 30.8133 6.53
    endloop
  endfacet
  facet normal 0 0 1
    outer loop
      vertex -47.246 32.189 6.53
      vertex -48.0633 31.1674 6.53
      vertex -47.8057 31.0095 6.53
    endloop
  endfacet
  facet normal 0 0 1
    outer loop
      vertex -47.246 32.189 6.53
      vertex -48.0653 31.1686 6.53
      vertex -48.0633 31.1674 6.53
    endloop
  endfacet
  facet normal 0 0 1
    outer loop
      vertex -47.246 32.189 6.53
      vertex -48.0673 31.1694 6.53
      vertex -48.0653 31.1686 6.53
    endloop
  endfacet
  facet normal 0 0 1
    outer loop
      vertex -47.246 32.189 6.53
      vertex -48.3465 31.285 6.53
      vertex -48.0673 31.1694 6.53
    endloop
  endfacet
  facet normal 0 0 1
    outer loop
      vertex -47.246 32.189 6.53
      vertex -48.6403 31.3556 6.53
      vertex -48.3465 31.285 6.53
    endloop
  endfacet
  facet normal 0 0 1
    outer loop
      vertex -47.246 32.189 6.53
      vertex -48.6425 31.3561 6.53
      vertex -48.6403 31.3556 6.53
    endloop
  endfacet
  facet normal 0 0 1
    outer loop
      vertex -47.246 32.189 6.53
      vertex -48.9438 31.3798 6.53
      vertex -48.6425 31.3561 6.53
    endloop
  endfacet
  facet normal 0 0 1
    outer loop
      vertex -47.246 32.189 6.53
      vertex -48.946 31.38 6.53
      vertex -48.9438 31.3798 6.53
    endloop
  endfacet
  facet normal 0 0 1
    outer loop
      vertex -50.646 32.44 6.53
      vertex -48.946 31.38 6.53
      vertex -47.246 32.189 6.53
    endloop
  endfacet
  facet normal 0 0 1
    outer loop
      vertex -48.946 31.38 6.53
      vertex -50.646 32.44 6.53
      vertex -48.9482 31.3798 6.53
    endloop
  endfacet
  facet normal -0 0 1
    outer loop
      vertex -50.646 32.44 6.53
      vertex -47.246 32.189 6.53
      vertex -46.646 32.44 6.53
    endloop
  endfacet
  facet normal 0 0 1
    outer loop
      vertex -48.9482 31.3798 6.53
      vertex -50.646 32.44 6.53
      vertex -49.2495 31.3561 6.53
    endloop
  endfacet
  facet normal 0 0 1
    outer loop
      vertex -49.2495 31.3561 6.53
      vertex -50.646 32.44 6.53
      vertex -49.5433 31.2856 6.53
    endloop
  endfacet
  facet normal 0 0 1
    outer loop
      vertex -50.646 32.44 6.53
      vertex -50.3161 30.8133 6.53
      vertex -50.0863 31.0095 6.53
    endloop
  endfacet
  facet normal 0 0 1
    outer loop
      vertex -49.5433 31.2856 6.53
      vertex -50.646 32.44 6.53
      vertex -49.5455 31.285 6.53
    endloop
  endfacet
  facet normal 0 0 1
    outer loop
      vertex -50.646 32.44 6.53
      vertex -49.8247 31.1694 6.53
      vertex -49.5455 31.285 6.53
    endloop
  endfacet
  facet normal 0 0 1
    outer loop
      vertex -50.646 32.44 6.53
      vertex -49.8267 31.1686 6.53
      vertex -49.8247 31.1694 6.53
    endloop
  endfacet
  facet normal 0 0 1
    outer loop
      vertex -50.646 32.44 6.53
      vertex -49.8287 31.1674 6.53
      vertex -49.8267 31.1686 6.53
    endloop
  endfacet
  facet normal 0 0 1
    outer loop
      vertex -50.646 32.44 6.53
      vertex -50.0863 31.0095 6.53
      vertex -49.8287 31.1674 6.53
    endloop
  endfacet
  facet normal 0 0 1
    outer loop
      vertex -50.3161 30.8133 6.53
      vertex -50.646 32.44 6.53
      vertex -50.3178 30.8118 6.53
    endloop
  endfacet
  facet normal 0 0 1
    outer loop
      vertex -50.646 32.44 6.53
      vertex -50.3193 30.8101 6.53
      vertex -50.3178 30.8118 6.53
    endloop
  endfacet
  facet normal 0 0 1
    outer loop
      vertex -50.646 32.44 6.53
      vertex -50.5155 30.5803 6.53
      vertex -50.3193 30.8101 6.53
    endloop
  endfacet
  facet normal 0 0 1
    outer loop
      vertex -50.5155 30.5803 6.53
      vertex -50.646 32.44 6.53
      vertex -50.646 30.3673 6.53
    endloop
  endfacet
  facet normal 0 0 1
    outer loop
      vertex 50.646 32.44 6.53
      vertex 50.5155 30.5803 6.53
      vertex 50.646 30.3673 6.53
    endloop
  endfacet
  facet normal 0 0 1
    outer loop
      vertex 50.646 32.44 6.53
      vertex 50.3193 30.8101 6.53
      vertex 50.5155 30.5803 6.53
    endloop
  endfacet
  facet normal 0 0 1
    outer loop
      vertex 50.646 32.44 6.53
      vertex 50.3178 30.8118 6.53
      vertex 50.3193 30.8101 6.53
    endloop
  endfacet
  facet normal 0 0 1
    outer loop
      vertex 50.646 32.44 6.53
      vertex 50.3161 30.8133 6.53
      vertex 50.3178 30.8118 6.53
    endloop
  endfacet
  facet normal 0 0 1
    outer loop
      vertex 50.646 32.44 6.53
      vertex 50.0863 31.0095 6.53
      vertex 50.3161 30.8133 6.53
    endloop
  endfacet
  facet normal 0 0 1
    outer loop
      vertex 50.646 32.44 6.53
      vertex 49.8287 31.1674 6.53
      vertex 50.0863 31.0095 6.53
    endloop
  endfacet
  facet normal 0 0 1
    outer loop
      vertex 50.646 32.44 6.53
      vertex 49.8267 31.1686 6.53
      vertex 49.8287 31.1674 6.53
    endloop
  endfacet
  facet normal 0 0 1
    outer loop
      vertex 50.646 32.44 6.53
      vertex 49.8247 31.1694 6.53
      vertex 49.8267 31.1686 6.53
    endloop
  endfacet
  facet normal 0 0 1
    outer loop
      vertex 50.646 32.44 6.53
      vertex 49.5455 31.285 6.53
      vertex 49.8247 31.1694 6.53
    endloop
  endfacet
  facet normal 0 0 1
    outer loop
      vertex 50.646 32.44 6.53
      vertex 49.5433 31.2856 6.53
      vertex 49.5455 31.285 6.53
    endloop
  endfacet
  facet normal 0 0 1
    outer loop
      vertex 50.646 32.44 6.53
      vertex 49.2495 31.3561 6.53
      vertex 49.5433 31.2856 6.53
    endloop
  endfacet
  facet normal 0 0 1
    outer loop
      vertex 50.646 32.44 6.53
      vertex 48.9482 31.3798 6.53
      vertex 49.2495 31.3561 6.53
    endloop
  endfacet
  facet normal 0 0 1
    outer loop
      vertex 50.646 32.44 6.53
      vertex 48.946 31.38 6.53
      vertex 48.9482 31.3798 6.53
    endloop
  endfacet
  facet normal -0 0 1
    outer loop
      vertex 47.246 32.189 6.53
      vertex 48.946 31.38 6.53
      vertex 50.646 32.44 6.53
    endloop
  endfacet
  facet normal 0 0 1
    outer loop
      vertex 48.946 31.38 6.53
      vertex 47.246 32.189 6.53
      vertex 48.9438 31.3798 6.53
    endloop
  endfacet
  facet normal 0 0 1
    outer loop
      vertex 48.9438 31.3798 6.53
      vertex 47.246 32.189 6.53
      vertex 48.6425 31.3561 6.53
    endloop
  endfacet
  facet normal 0 0 1
    outer loop
      vertex 48.6425 31.3561 6.53
      vertex 47.246 32.189 6.53
      vertex 48.6403 31.3556 6.53
    endloop
  endfacet
  facet normal 0 0 1
    outer loop
      vertex 48.6403 31.3556 6.53
      vertex 47.246 32.189 6.53
      vertex 48.3465 31.285 6.53
    endloop
  endfacet
  facet normal 0 0 1
    outer loop
      vertex 48.3465 31.285 6.53
      vertex 47.246 32.189 6.53
      vertex 48.0673 31.1694 6.53
    endloop
  endfacet
  facet normal 0 0 1
    outer loop
      vertex 47.246 32.189 6.53
      vertex 47.5759 30.8133 6.53
      vertex 47.8057 31.0095 6.53
    endloop
  endfacet
  facet normal 0 0 1
    outer loop
      vertex 47.5727 30.8101 6.53
      vertex 47.246 32.189 6.53
      vertex 47.3765 30.5803 6.53
    endloop
  endfacet
  facet normal 0 0 1
    outer loop
      vertex 47.5742 30.8118 6.53
      vertex 47.246 32.189 6.53
      vertex 47.5727 30.8101 6.53
    endloop
  endfacet
  facet normal 0 0 1
    outer loop
      vertex 47.5759 30.8133 6.53
      vertex 47.246 32.189 6.53
      vertex 47.5742 30.8118 6.53
    endloop
  endfacet
  facet normal 0 0 1
    outer loop
      vertex 48.0633 31.1674 6.53
      vertex 47.246 32.189 6.53
      vertex 47.8057 31.0095 6.53
    endloop
  endfacet
  facet normal 0 0 1
    outer loop
      vertex 48.0653 31.1686 6.53
      vertex 47.246 32.189 6.53
      vertex 48.0633 31.1674 6.53
    endloop
  endfacet
  facet normal 0 0 1
    outer loop
      vertex 48.0673 31.1694 6.53
      vertex 47.246 32.189 6.53
      vertex 48.0653 31.1686 6.53
    endloop
  endfacet
  facet normal -0 0 1
    outer loop
      vertex 46.646 32.44 6.53
      vertex 47.246 32.189 6.53
      vertex 50.646 32.44 6.53
    endloop
  endfacet
  facet normal 0 0 1
    outer loop
      vertex 47.246 32.189 6.53
      vertex 46.646 32.44 6.53
      vertex 46.646 32.189 6.53
    endloop
  endfacet
  facet normal 0 0 1
    outer loop
      vertex 47.3765 30.5803 6.53
      vertex 47.246 32.189 6.53
      vertex 47.246 30.3673 6.53
    endloop
  endfacet
  facet normal 0 0 1
    outer loop
      vertex -47.246 4.07266 6.53
      vertex -47.3753 3.86162 6.53
      vertex -47.246 1.4 6.53
    endloop
  endfacet
  facet normal -0 0 1
    outer loop
      vertex 50.5167 3.86162 6.53
      vertex 50.646 1.26874 6.53
      vertex 50.646 4.07266 6.53
    endloop
  endfacet
  facet normal -0 0 1
    outer loop
      vertex 50.5155 3.8597 6.53
      vertex 50.646 1.26874 6.53
      vertex 50.5167 3.86162 6.53
    endloop
  endfacet
  facet normal -0 0 1
    outer loop
      vertex 50.3193 3.62993 6.53
      vertex 50.646 1.26874 6.53
      vertex 50.5155 3.8597 6.53
    endloop
  endfacet
  facet normal -0 0 1
    outer loop
      vertex 50.3178 3.62821 6.53
      vertex 50.646 1.26874 6.53
      vertex 50.3193 3.62993 6.53
    endloop
  endfacet
  facet normal -0 0 1
    outer loop
      vertex 50.3161 3.62675 6.53
      vertex 50.646 1.26874 6.53
      vertex 50.3178 3.62821 6.53
    endloop
  endfacet
  facet normal -0 0 1
    outer loop
      vertex 50.0863 3.43051 6.53
      vertex 50.646 1.26874 6.53
      vertex 50.3161 3.62675 6.53
    endloop
  endfacet
  facet normal -0 0 1
    outer loop
      vertex 49.8287 3.27262 6.53
      vertex 50.646 1.26874 6.53
      vertex 50.0863 3.43051 6.53
    endloop
  endfacet
  facet normal -0 0 1
    outer loop
      vertex 49.8267 3.27145 6.53
      vertex 50.646 1.26874 6.53
      vertex 49.8287 3.27262 6.53
    endloop
  endfacet
  facet normal -0 0 1
    outer loop
      vertex 49.5476 3.15581 6.53
      vertex 50.646 1.26874 6.53
      vertex 49.8267 3.27145 6.53
    endloop
  endfacet
  facet normal -0 0 1
    outer loop
      vertex 49.5455 3.15495 6.53
      vertex 50.646 1.26874 6.53
      vertex 49.5476 3.15581 6.53
    endloop
  endfacet
  facet normal -0 0 1
    outer loop
      vertex 49.5433 3.15442 6.53
      vertex 50.646 1.26874 6.53
      vertex 49.5455 3.15495 6.53
    endloop
  endfacet
  facet normal -0 0 1
    outer loop
      vertex 49.2495 3.08388 6.53
      vertex 50.646 1.26874 6.53
      vertex 49.5433 3.15442 6.53
    endloop
  endfacet
  facet normal -0 0 1
    outer loop
      vertex 48.9482 3.06018 6.53
      vertex 50.646 1.26874 6.53
      vertex 49.2495 3.08388 6.53
    endloop
  endfacet
  facet normal -0 0 1
    outer loop
      vertex 48.946 3.06 6.53
      vertex 50.646 1.26874 6.53
      vertex 48.9482 3.06018 6.53
    endloop
  endfacet
  facet normal 0 0 1
    outer loop
      vertex 47.246 1.4 6.53
      vertex 48.946 3.06 6.53
      vertex 48.9438 3.06018 6.53
    endloop
  endfacet
  facet normal 0 0 1
    outer loop
      vertex 47.246 1.4 6.53
      vertex 48.9438 3.06018 6.53
      vertex 48.6425 3.08388 6.53
    endloop
  endfacet
  facet normal 0 0 1
    outer loop
      vertex 47.246 1.4 6.53
      vertex 48.6425 3.08388 6.53
      vertex 48.6403 3.08441 6.53
    endloop
  endfacet
  facet normal 0 0 1
    outer loop
      vertex 47.246 1.4 6.53
      vertex 48.6403 3.08441 6.53
      vertex 48.3465 3.15495 6.53
    endloop
  endfacet
  facet normal 0 0 1
    outer loop
      vertex 47.246 1.4 6.53
      vertex 48.3465 3.15495 6.53
      vertex 48.3444 3.15581 6.53
    endloop
  endfacet
  facet normal 0 0 1
    outer loop
      vertex 47.246 1.4 6.53
      vertex 48.3444 3.15581 6.53
      vertex 48.0653 3.27145 6.53
    endloop
  endfacet
  facet normal 0 0 1
    outer loop
      vertex 47.246 1.4 6.53
      vertex 48.0653 3.27145 6.53
      vertex 48.0633 3.27262 6.53
    endloop
  endfacet
  facet normal 0 0 1
    outer loop
      vertex 47.246 1.4 6.53
      vertex 48.0633 3.27262 6.53
      vertex 47.8057 3.43051 6.53
    endloop
  endfacet
  facet normal 0 0 1
    outer loop
      vertex 47.246 1.4 6.53
      vertex 47.5759 3.62675 6.53
      vertex 47.5742 3.62821 6.53
    endloop
  endfacet
  facet normal 0 0 1
    outer loop
      vertex 47.246 1.4 6.53
      vertex 47.5727 3.62993 6.53
      vertex 47.3765 3.8597 6.53
    endloop
  endfacet
  facet normal 0 0 1
    outer loop
      vertex 47.246 1.4 6.53
      vertex 47.3753 3.86162 6.53
      vertex 47.246 4.07266 6.53
    endloop
  endfacet
  facet normal 0 0 1
    outer loop
      vertex 47.246 1.4 6.53
      vertex 47.3765 3.8597 6.53
      vertex 47.3753 3.86162 6.53
    endloop
  endfacet
  facet normal 0 0 1
    outer loop
      vertex 47.5727 3.62993 6.53
      vertex 47.246 1.4 6.53
      vertex 47.5742 3.62821 6.53
    endloop
  endfacet
  facet normal 0 0 1
    outer loop
      vertex 47.5759 3.62675 6.53
      vertex 47.246 1.4 6.53
      vertex 47.8057 3.43051 6.53
    endloop
  endfacet
  facet normal 0 0 1
    outer loop
      vertex 48.946 3.06 6.53
      vertex 47.246 1.4 6.53
      vertex 50.646 1.26874 6.53
    endloop
  endfacet
  facet normal -0 0 1
    outer loop
      vertex -47.246 1.4 6.53
      vertex 50.646 1.26874 6.53
      vertex 47.246 1.4 6.53
    endloop
  endfacet
  facet normal -0 0 1
    outer loop
      vertex -47.3765 3.8597 6.53
      vertex -47.246 1.4 6.53
      vertex -47.3753 3.86162 6.53
    endloop
  endfacet
  facet normal -0 0 1
    outer loop
      vertex -47.5727 3.62993 6.53
      vertex -47.246 1.4 6.53
      vertex -47.3765 3.8597 6.53
    endloop
  endfacet
  facet normal -0 0 1
    outer loop
      vertex -47.5742 3.62821 6.53
      vertex -47.246 1.4 6.53
      vertex -47.5727 3.62993 6.53
    endloop
  endfacet
  facet normal -0 0 1
    outer loop
      vertex -47.5759 3.62675 6.53
      vertex -47.246 1.4 6.53
      vertex -47.5742 3.62821 6.53
    endloop
  endfacet
  facet normal -0 0 1
    outer loop
      vertex -47.8057 3.43051 6.53
      vertex -47.246 1.4 6.53
      vertex -47.5759 3.62675 6.53
    endloop
  endfacet
  facet normal -0 0 1
    outer loop
      vertex -48.0633 3.27262 6.53
      vertex -47.246 1.4 6.53
      vertex -47.8057 3.43051 6.53
    endloop
  endfacet
  facet normal -0 0 1
    outer loop
      vertex -48.0653 3.27145 6.53
      vertex -47.246 1.4 6.53
      vertex -48.0633 3.27262 6.53
    endloop
  endfacet
  facet normal -0 0 1
    outer loop
      vertex -48.3444 3.15581 6.53
      vertex -47.246 1.4 6.53
      vertex -48.0653 3.27145 6.53
    endloop
  endfacet
  facet normal -0 0 1
    outer loop
      vertex -48.3465 3.15495 6.53
      vertex -47.246 1.4 6.53
      vertex -48.3444 3.15581 6.53
    endloop
  endfacet
  facet normal -0 0 1
    outer loop
      vertex -48.6403 3.08441 6.53
      vertex -47.246 1.4 6.53
      vertex -48.3465 3.15495 6.53
    endloop
  endfacet
  facet normal -0 0 1
    outer loop
      vertex -48.6425 3.08388 6.53
      vertex -47.246 1.4 6.53
      vertex -48.6403 3.08441 6.53
    endloop
  endfacet
  facet normal -0 0 1
    outer loop
      vertex -48.9438 3.06018 6.53
      vertex -47.246 1.4 6.53
      vertex -48.6425 3.08388 6.53
    endloop
  endfacet
  facet normal -0 0 1
    outer loop
      vertex -48.946 3.06 6.53
      vertex -47.246 1.4 6.53
      vertex -48.9438 3.06018 6.53
    endloop
  endfacet
  facet normal 0 0 1
    outer loop
      vertex -50.646 1.26874 6.53
      vertex -48.946 3.06 6.53
      vertex -48.9482 3.06018 6.53
    endloop
  endfacet
  facet normal 0 0 1
    outer loop
      vertex -50.646 1.26874 6.53
      vertex -48.9482 3.06018 6.53
      vertex -49.2495 3.08388 6.53
    endloop
  endfacet
  facet normal 0 0 1
    outer loop
      vertex -50.646 1.26874 6.53
      vertex -49.2495 3.08388 6.53
      vertex -49.5433 3.15442 6.53
    endloop
  endfacet
  facet normal 0 0 1
    outer loop
      vertex -50.646 1.26874 6.53
      vertex -49.5433 3.15442 6.53
      vertex -49.5455 3.15495 6.53
    endloop
  endfacet
  facet normal 0 0 1
    outer loop
      vertex -50.646 1.26874 6.53
      vertex -49.5455 3.15495 6.53
      vertex -49.5476 3.15581 6.53
    endloop
  endfacet
  facet normal 0 0 1
    outer loop
      vertex -50.646 1.26874 6.53
      vertex -49.5476 3.15581 6.53
      vertex -49.8267 3.27145 6.53
    endloop
  endfacet
  facet normal 0 0 1
    outer loop
      vertex -50.646 1.26874 6.53
      vertex -49.8267 3.27145 6.53
      vertex -49.8287 3.27262 6.53
    endloop
  endfacet
  facet normal 0 0 1
    outer loop
      vertex -50.646 1.26874 6.53
      vertex -49.8287 3.27262 6.53
      vertex -50.0863 3.43051 6.53
    endloop
  endfacet
  facet normal 0 0 1
    outer loop
      vertex -50.646 1.26874 6.53
      vertex -50.3161 3.62675 6.53
      vertex -50.3178 3.62821 6.53
    endloop
  endfacet
  facet normal 0 0 1
    outer loop
      vertex -50.646 1.26874 6.53
      vertex -50.3193 3.62993 6.53
      vertex -50.5155 3.8597 6.53
    endloop
  endfacet
  facet normal 0 0 1
    outer loop
      vertex -47.246 1.4 6.53
      vertex -50.646 1.26874 6.53
      vertex 50.646 1.26874 6.53
    endloop
  endfacet
  facet normal 0 0 1
    outer loop
      vertex -48.946 3.06 6.53
      vertex -50.646 1.26874 6.53
      vertex -47.246 1.4 6.53
    endloop
  endfacet
  facet normal 0 0 1
    outer loop
      vertex -50.3161 3.62675 6.53
      vertex -50.646 1.26874 6.53
      vertex -50.0863 3.43051 6.53
    endloop
  endfacet
  facet normal 0 0 1
    outer loop
      vertex -50.3193 3.62993 6.53
      vertex -50.646 1.26874 6.53
      vertex -50.3178 3.62821 6.53
    endloop
  endfacet
  facet normal 0 0 1
    outer loop
      vertex -50.5167 3.86162 6.53
      vertex -50.646 1.26874 6.53
      vertex -50.5155 3.8597 6.53
    endloop
  endfacet
  facet normal 0 0 1
    outer loop
      vertex -50.646 1.26874 6.53
      vertex -50.5167 3.86162 6.53
      vertex -50.646 4.07266 6.53
    endloop
  endfacet
  facet normal 0 0 1
    outer loop
      vertex -47.246 28.5127 6.53
      vertex -47.3753 6.13838 6.53
      vertex -47.246 5.92734 6.53
    endloop
  endfacet
  facet normal -0 0 1
    outer loop
      vertex -47.3765 28.2997 6.53
      vertex -47.3753 6.13838 6.53
      vertex -47.246 28.5127 6.53
    endloop
  endfacet
  facet normal 0 0 1
    outer loop
      vertex -47.3765 28.2997 6.53
      vertex -47.3765 6.1403 6.53
      vertex -47.3753 6.13838 6.53
    endloop
  endfacet
  facet normal -0 0 1
    outer loop
      vertex -47.5727 28.0699 6.53
      vertex -47.3765 6.1403 6.53
      vertex -47.3765 28.2997 6.53
    endloop
  endfacet
  facet normal 0 0 1
    outer loop
      vertex -47.5727 28.0699 6.53
      vertex -47.5727 6.37007 6.53
      vertex -47.3765 6.1403 6.53
    endloop
  endfacet
  facet normal -0 0 1
    outer loop
      vertex -47.5742 28.0682 6.53
      vertex -47.5727 6.37007 6.53
      vertex -47.5727 28.0699 6.53
    endloop
  endfacet
  facet normal 0 0 1
    outer loop
      vertex -47.5742 28.0682 6.53
      vertex -47.5742 6.37179 6.53
      vertex -47.5727 6.37007 6.53
    endloop
  endfacet
  facet normal 0 0 1
    outer loop
      vertex -47.5742 28.0682 6.53
      vertex -47.5759 6.37325 6.53
      vertex -47.5742 6.37179 6.53
    endloop
  endfacet
  facet normal -0 0 1
    outer loop
      vertex -47.804 27.872 6.53
      vertex -47.5759 6.37325 6.53
      vertex -47.5742 28.0682 6.53
    endloop
  endfacet
  facet normal -0 0 1
    outer loop
      vertex -47.8057 27.8705 6.53
      vertex -47.5759 6.37325 6.53
      vertex -47.804 27.872 6.53
    endloop
  endfacet
  facet normal 0 0 1
    outer loop
      vertex -47.8057 27.8705 6.53
      vertex -47.8057 6.56949 6.53
      vertex -47.5759 6.37325 6.53
    endloop
  endfacet
  facet normal -0 0 1
    outer loop
      vertex -48.0633 27.7126 6.53
      vertex -47.8057 6.56949 6.53
      vertex -47.8057 27.8705 6.53
    endloop
  endfacet
  facet normal 0 0 1
    outer loop
      vertex -48.0633 27.7126 6.53
      vertex -48.0633 6.72737 6.53
      vertex -47.8057 6.56949 6.53
    endloop
  endfacet
  facet normal -0 0 1
    outer loop
      vertex -48.0653 27.7114 6.53
      vertex -48.0633 6.72737 6.53
      vertex -48.0633 27.7126 6.53
    endloop
  endfacet
  facet normal 0 0 1
    outer loop
      vertex -48.0653 27.7114 6.53
      vertex -48.0653 6.72855 6.53
      vertex -48.0633 6.72737 6.53
    endloop
  endfacet
  facet normal -0 0 1
    outer loop
      vertex -48.0673 27.7106 6.53
      vertex -48.0653 6.72855 6.53
      vertex -48.0653 27.7114 6.53
    endloop
  endfacet
  facet normal 0 0 1
    outer loop
      vertex -48.0673 27.7106 6.53
      vertex -48.3444 6.84419 6.53
      vertex -48.0653 6.72855 6.53
    endloop
  endfacet
  facet normal -0 0 1
    outer loop
      vertex -48.3465 27.5949 6.53
      vertex -48.3444 6.84419 6.53
      vertex -48.0673 27.7106 6.53
    endloop
  endfacet
  facet normal 0 0 1
    outer loop
      vertex -48.3465 27.5949 6.53
      vertex -48.3465 6.84505 6.53
      vertex -48.3444 6.84419 6.53
    endloop
  endfacet
  facet normal -0 0 1
    outer loop
      vertex -48.6403 27.5244 6.53
      vertex -48.3465 6.84505 6.53
      vertex -48.3465 27.5949 6.53
    endloop
  endfacet
  facet normal 0 0 1
    outer loop
      vertex -48.6403 27.5244 6.53
      vertex -48.6403 6.91559 6.53
      vertex -48.3465 6.84505 6.53
    endloop
  endfacet
  facet normal -0 0 1
    outer loop
      vertex -48.6425 27.5239 6.53
      vertex -48.6403 6.91559 6.53
      vertex -48.6403 27.5244 6.53
    endloop
  endfacet
  facet normal 0 0 1
    outer loop
      vertex -48.6425 27.5239 6.53
      vertex -48.6425 6.91612 6.53
      vertex -48.6403 6.91559 6.53
    endloop
  endfacet
  facet normal -0 0 1
    outer loop
      vertex -48.9438 27.5002 6.53
      vertex -48.6425 6.91612 6.53
      vertex -48.6425 27.5239 6.53
    endloop
  endfacet
  facet normal 0 0 1
    outer loop
      vertex -48.9438 27.5002 6.53
      vertex -48.9438 6.93982 6.53
      vertex -48.6425 6.91612 6.53
    endloop
  endfacet
  facet normal -0 0 1
    outer loop
      vertex -48.946 27.5 6.53
      vertex -48.9438 6.93982 6.53
      vertex -48.9438 27.5002 6.53
    endloop
  endfacet
  facet normal 0 0 1
    outer loop
      vertex -48.946 27.5 6.53
      vertex -48.946 6.94 6.53
      vertex -48.9438 6.93982 6.53
    endloop
  endfacet
  facet normal 0 0 1
    outer loop
      vertex -48.9482 27.5002 6.53
      vertex -48.946 6.94 6.53
      vertex -48.946 27.5 6.53
    endloop
  endfacet
  facet normal 0 0 1
    outer loop
      vertex -48.9482 27.5002 6.53
      vertex -48.9482 6.93982 6.53
      vertex -48.946 6.94 6.53
    endloop
  endfacet
  facet normal 0 0 1
    outer loop
      vertex -49.2495 27.5239 6.53
      vertex -48.9482 6.93982 6.53
      vertex -48.9482 27.5002 6.53
    endloop
  endfacet
  facet normal 0 0 1
    outer loop
      vertex -49.2495 27.5239 6.53
      vertex -49.2495 6.91612 6.53
      vertex -48.9482 6.93982 6.53
    endloop
  endfacet
  facet normal 0 0 1
    outer loop
      vertex -49.5433 27.5944 6.53
      vertex -49.2495 6.91612 6.53
      vertex -49.2495 27.5239 6.53
    endloop
  endfacet
  facet normal 0 0 1
    outer loop
      vertex -49.5433 27.5944 6.53
      vertex -49.5433 6.84558 6.53
      vertex -49.2495 6.91612 6.53
    endloop
  endfacet
  facet normal 0 0 1
    outer loop
      vertex -49.5455 27.5949 6.53
      vertex -49.5433 6.84558 6.53
      vertex -49.5433 27.5944 6.53
    endloop
  endfacet
  facet normal 0 0 1
    outer loop
      vertex -49.5455 27.5949 6.53
      vertex -49.5455 6.84505 6.53
      vertex -49.5433 6.84558 6.53
    endloop
  endfacet
  facet normal 0 0 1
    outer loop
      vertex -49.5455 27.5949 6.53
      vertex -49.5476 6.84419 6.53
      vertex -49.5455 6.84505 6.53
    endloop
  endfacet
  facet normal 0 0 1
    outer loop
      vertex -49.8247 27.7106 6.53
      vertex -49.5476 6.84419 6.53
      vertex -49.5455 27.5949 6.53
    endloop
  endfacet
  facet normal 0 0 1
    outer loop
      vertex -49.8267 6.72855 6.53
      vertex -49.8247 27.7106 6.53
      vertex -49.8267 27.7114 6.53
    endloop
  endfacet
  facet normal 0 0 1
    outer loop
      vertex -49.8247 27.7106 6.53
      vertex -49.8267 6.72855 6.53
      vertex -49.5476 6.84419 6.53
    endloop
  endfacet
  facet normal 0 0 1
    outer loop
      vertex -49.8287 27.7126 6.53
      vertex -49.8267 6.72855 6.53
      vertex -49.8267 27.7114 6.53
    endloop
  endfacet
  facet normal 0 0 1
    outer loop
      vertex -49.8287 27.7126 6.53
      vertex -49.8287 6.72737 6.53
      vertex -49.8267 6.72855 6.53
    endloop
  endfacet
  facet normal 0 0 1
    outer loop
      vertex -50.0863 27.8705 6.53
      vertex -49.8287 6.72737 6.53
      vertex -49.8287 27.7126 6.53
    endloop
  endfacet
  facet normal 0 0 1
    outer loop
      vertex -50.0863 27.8705 6.53
      vertex -50.0863 6.56949 6.53
      vertex -49.8287 6.72737 6.53
    endloop
  endfacet
  facet normal 0 0 1
    outer loop
      vertex -50.088 27.872 6.53
      vertex -50.0863 6.56949 6.53
      vertex -50.0863 27.8705 6.53
    endloop
  endfacet
  facet normal 0 0 1
    outer loop
      vertex -50.088 27.872 6.53
      vertex -50.3161 6.37325 6.53
      vertex -50.0863 6.56949 6.53
    endloop
  endfacet
  facet normal 0 0 1
    outer loop
      vertex -50.3178 28.0682 6.53
      vertex -50.3161 6.37325 6.53
      vertex -50.088 27.872 6.53
    endloop
  endfacet
  facet normal 0 0 1
    outer loop
      vertex -50.3178 28.0682 6.53
      vertex -50.3178 6.37179 6.53
      vertex -50.3161 6.37325 6.53
    endloop
  endfacet
  facet normal 0 0 1
    outer loop
      vertex -50.3193 28.0699 6.53
      vertex -50.3178 6.37179 6.53
      vertex -50.3178 28.0682 6.53
    endloop
  endfacet
  facet normal 0 0 1
    outer loop
      vertex -50.3193 28.0699 6.53
      vertex -50.3193 6.37007 6.53
      vertex -50.3178 6.37179 6.53
    endloop
  endfacet
  facet normal 0 0 1
    outer loop
      vertex -50.5155 28.2997 6.53
      vertex -50.3193 6.37007 6.53
      vertex -50.3193 28.0699 6.53
    endloop
  endfacet
  facet normal 0 0 1
    outer loop
      vertex -50.5155 28.2997 6.53
      vertex -50.5155 6.1403 6.53
      vertex -50.3193 6.37007 6.53
    endloop
  endfacet
  facet normal 0 0 1
    outer loop
      vertex -50.5155 28.2997 6.53
      vertex -50.5167 6.13838 6.53
      vertex -50.5155 6.1403 6.53
    endloop
  endfacet
  facet normal 0 0 1
    outer loop
      vertex -50.646 28.5127 6.53
      vertex -50.5167 6.13838 6.53
      vertex -50.5155 28.2997 6.53
    endloop
  endfacet
  facet normal 0 0 1
    outer loop
      vertex -50.5167 6.13838 6.53
      vertex -50.646 28.5127 6.53
      vertex -50.646 5.92734 6.53
    endloop
  endfacet
  facet normal 0 0 1
    outer loop
      vertex 50.646 28.5127 6.53
      vertex 50.5167 6.13838 6.53
      vertex 50.646 5.92734 6.53
    endloop
  endfacet
  facet normal -0 0 1
    outer loop
      vertex 50.5155 28.2997 6.53
      vertex 50.5167 6.13838 6.53
      vertex 50.646 28.5127 6.53
    endloop
  endfacet
  facet normal 0 0 1
    outer loop
      vertex 50.5155 28.2997 6.53
      vertex 50.5155 6.1403 6.53
      vertex 50.5167 6.13838 6.53
    endloop
  endfacet
  facet normal -0 0 1
    outer loop
      vertex 50.3193 28.0699 6.53
      vertex 50.5155 6.1403 6.53
      vertex 50.5155 28.2997 6.53
    endloop
  endfacet
  facet normal 0 0 1
    outer loop
      vertex 50.3193 28.0699 6.53
      vertex 50.3193 6.37007 6.53
      vertex 50.5155 6.1403 6.53
    endloop
  endfacet
  facet normal -0 0 1
    outer loop
      vertex 50.3178 28.0682 6.53
      vertex 50.3193 6.37007 6.53
      vertex 50.3193 28.0699 6.53
    endloop
  endfacet
  facet normal 0 0 1
    outer loop
      vertex 50.3178 28.0682 6.53
      vertex 50.3178 6.37179 6.53
      vertex 50.3193 6.37007 6.53
    endloop
  endfacet
  facet normal 0 0 1
    outer loop
      vertex 50.3178 28.0682 6.53
      vertex 50.3161 6.37325 6.53
      vertex 50.3178 6.37179 6.53
    endloop
  endfacet
  facet normal -0 0 1
    outer loop
      vertex 50.088 27.872 6.53
      vertex 50.3161 6.37325 6.53
      vertex 50.3178 28.0682 6.53
    endloop
  endfacet
  facet normal 0 0 1
    outer loop
      vertex 50.0863 6.56949 6.53
      vertex 50.088 27.872 6.53
      vertex 50.0863 27.8705 6.53
    endloop
  endfacet
  facet normal 0 0 1
    outer loop
      vertex 50.088 27.872 6.53
      vertex 50.0863 6.56949 6.53
      vertex 50.3161 6.37325 6.53
    endloop
  endfacet
  facet normal -0 0 1
    outer loop
      vertex 49.8287 27.7126 6.53
      vertex 50.0863 6.56949 6.53
      vertex 50.0863 27.8705 6.53
    endloop
  endfacet
  facet normal 0 0 1
    outer loop
      vertex 49.8287 27.7126 6.53
      vertex 49.8287 6.72737 6.53
      vertex 50.0863 6.56949 6.53
    endloop
  endfacet
  facet normal -0 0 1
    outer loop
      vertex 49.8267 27.7114 6.53
      vertex 49.8287 6.72737 6.53
      vertex 49.8287 27.7126 6.53
    endloop
  endfacet
  facet normal 0 0 1
    outer loop
      vertex 49.8267 27.7114 6.53
      vertex 49.8267 6.72855 6.53
      vertex 49.8287 6.72737 6.53
    endloop
  endfacet
  facet normal -0 0 1
    outer loop
      vertex 49.8247 27.7106 6.53
      vertex 49.8267 6.72855 6.53
      vertex 49.8267 27.7114 6.53
    endloop
  endfacet
  facet normal 0 0 1
    outer loop
      vertex 49.8247 27.7106 6.53
      vertex 49.5476 6.84419 6.53
      vertex 49.8267 6.72855 6.53
    endloop
  endfacet
  facet normal -0 0 1
    outer loop
      vertex 49.5455 27.5949 6.53
      vertex 49.5476 6.84419 6.53
      vertex 49.8247 27.7106 6.53
    endloop
  endfacet
  facet normal 0 0 1
    outer loop
      vertex 49.5455 27.5949 6.53
      vertex 49.5455 6.84505 6.53
      vertex 49.5476 6.84419 6.53
    endloop
  endfacet
  facet normal -0 0 1
    outer loop
      vertex 49.5433 27.5944 6.53
      vertex 49.5455 6.84505 6.53
      vertex 49.5455 27.5949 6.53
    endloop
  endfacet
  facet normal 0 0 1
    outer loop
      vertex 49.5433 27.5944 6.53
      vertex 49.5433 6.84558 6.53
      vertex 49.5455 6.84505 6.53
    endloop
  endfacet
  facet normal -0 0 1
    outer loop
      vertex 49.2495 27.5239 6.53
      vertex 49.5433 6.84558 6.53
      vertex 49.5433 27.5944 6.53
    endloop
  endfacet
  facet normal 0 0 1
    outer loop
      vertex 49.2495 27.5239 6.53
      vertex 49.2495 6.91612 6.53
      vertex 49.5433 6.84558 6.53
    endloop
  endfacet
  facet normal -0 0 1
    outer loop
      vertex 48.9482 27.5002 6.53
      vertex 49.2495 6.91612 6.53
      vertex 49.2495 27.5239 6.53
    endloop
  endfacet
  facet normal 0 0 1
    outer loop
      vertex 48.9482 27.5002 6.53
      vertex 48.9482 6.93982 6.53
      vertex 49.2495 6.91612 6.53
    endloop
  endfacet
  facet normal -0 0 1
    outer loop
      vertex 48.946 27.5 6.53
      vertex 48.9482 6.93982 6.53
      vertex 48.9482 27.5002 6.53
    endloop
  endfacet
  facet normal 0 0 1
    outer loop
      vertex 48.946 27.5 6.53
      vertex 48.946 6.94 6.53
      vertex 48.9482 6.93982 6.53
    endloop
  endfacet
  facet normal 0 0 1
    outer loop
      vertex 48.9438 27.5002 6.53
      vertex 48.946 6.94 6.53
      vertex 48.946 27.5 6.53
    endloop
  endfacet
  facet normal 0 0 1
    outer loop
      vertex 48.9438 27.5002 6.53
      vertex 48.9438 6.93982 6.53
      vertex 48.946 6.94 6.53
    endloop
  endfacet
  facet normal 0 0 1
    outer loop
      vertex 48.6425 27.5239 6.53
      vertex 48.9438 6.93982 6.53
      vertex 48.9438 27.5002 6.53
    endloop
  endfacet
  facet normal 0 0 1
    outer loop
      vertex 48.6425 27.5239 6.53
      vertex 48.6425 6.91612 6.53
      vertex 48.9438 6.93982 6.53
    endloop
  endfacet
  facet normal 0 0 1
    outer loop
      vertex 48.6403 27.5244 6.53
      vertex 48.6425 6.91612 6.53
      vertex 48.6425 27.5239 6.53
    endloop
  endfacet
  facet normal 0 0 1
    outer loop
      vertex 48.6403 27.5244 6.53
      vertex 48.6403 6.91559 6.53
      vertex 48.6425 6.91612 6.53
    endloop
  endfacet
  facet normal 0 0 1
    outer loop
      vertex 48.3465 27.5949 6.53
      vertex 48.6403 6.91559 6.53
      vertex 48.6403 27.5244 6.53
    endloop
  endfacet
  facet normal 0 0 1
    outer loop
      vertex 48.3465 27.5949 6.53
      vertex 48.3465 6.84505 6.53
      vertex 48.6403 6.91559 6.53
    endloop
  endfacet
  facet normal 0 0 1
    outer loop
      vertex 48.3465 27.5949 6.53
      vertex 48.3444 6.84419 6.53
      vertex 48.3465 6.84505 6.53
    endloop
  endfacet
  facet normal 0 0 1
    outer loop
      vertex 48.0673 27.7106 6.53
      vertex 48.3444 6.84419 6.53
      vertex 48.3465 27.5949 6.53
    endloop
  endfacet
  facet normal 0 0 1
    outer loop
      vertex 48.0653 6.72855 6.53
      vertex 48.0673 27.7106 6.53
      vertex 48.0653 27.7114 6.53
    endloop
  endfacet
  facet normal 0 0 1
    outer loop
      vertex 48.0673 27.7106 6.53
      vertex 48.0653 6.72855 6.53
      vertex 48.3444 6.84419 6.53
    endloop
  endfacet
  facet normal 0 0 1
    outer loop
      vertex 48.0633 27.7126 6.53
      vertex 48.0653 6.72855 6.53
      vertex 48.0653 27.7114 6.53
    endloop
  endfacet
  facet normal 0 0 1
    outer loop
      vertex 48.0633 27.7126 6.53
      vertex 48.0633 6.72737 6.53
      vertex 48.0653 6.72855 6.53
    endloop
  endfacet
  facet normal 0 0 1
    outer loop
      vertex 47.8057 27.8705 6.53
      vertex 48.0633 6.72737 6.53
      vertex 48.0633 27.7126 6.53
    endloop
  endfacet
  facet normal 0 0 1
    outer loop
      vertex 47.8057 27.8705 6.53
      vertex 47.8057 6.56949 6.53
      vertex 48.0633 6.72737 6.53
    endloop
  endfacet
  facet normal 0 0 1
    outer loop
      vertex 47.804 27.872 6.53
      vertex 47.8057 6.56949 6.53
      vertex 47.8057 27.8705 6.53
    endloop
  endfacet
  facet normal 0 0 1
    outer loop
      vertex 47.804 27.872 6.53
      vertex 47.5759 6.37325 6.53
      vertex 47.8057 6.56949 6.53
    endloop
  endfacet
  facet normal 0 0 1
    outer loop
      vertex 47.5742 28.0682 6.53
      vertex 47.5759 6.37325 6.53
      vertex 47.804 27.872 6.53
    endloop
  endfacet
  facet normal 0 0 1
    outer loop
      vertex 47.5742 28.0682 6.53
      vertex 47.5742 6.37179 6.53
      vertex 47.5759 6.37325 6.53
    endloop
  endfacet
  facet normal 0 0 1
    outer loop
      vertex 47.5727 28.0699 6.53
      vertex 47.5742 6.37179 6.53
      vertex 47.5742 28.0682 6.53
    endloop
  endfacet
  facet normal 0 0 1
    outer loop
      vertex 47.5727 28.0699 6.53
      vertex 47.5727 6.37007 6.53
      vertex 47.5742 6.37179 6.53
    endloop
  endfacet
  facet normal 0 0 1
    outer loop
      vertex 47.3765 28.2997 6.53
      vertex 47.5727 6.37007 6.53
      vertex 47.5727 28.0699 6.53
    endloop
  endfacet
  facet normal 0 0 1
    outer loop
      vertex 47.3765 28.2997 6.53
      vertex 47.3765 6.1403 6.53
      vertex 47.5727 6.37007 6.53
    endloop
  endfacet
  facet normal 0 0 1
    outer loop
      vertex 47.3765 28.2997 6.53
      vertex 47.3753 6.13838 6.53
      vertex 47.3765 6.1403 6.53
    endloop
  endfacet
  facet normal 0 0 1
    outer loop
      vertex 47.246 28.5127 6.53
      vertex 47.3753 6.13838 6.53
      vertex 47.3765 28.2997 6.53
    endloop
  endfacet
  facet normal 0 0 1
    outer loop
      vertex 47.3753 6.13838 6.53
      vertex 47.246 28.5127 6.53
      vertex 47.246 5.92734 6.53
    endloop
  endfacet
  facet normal 0 1 0
    outer loop
      vertex 46.646 2 1.795
      vertex 3.25 2 0.180001
      vertex -46.646 2 1.795
    endloop
  endfacet
  facet normal 0 1 0
    outer loop
      vertex 46.646 2 1.795
      vertex 3.36733 2 0.170767
      vertex 3.25 2 0.180001
    endloop
  endfacet
  facet normal 0 1 0
    outer loop
      vertex 46.646 2 1.795
      vertex 3.48176 2 0.143293
      vertex 3.36733 2 0.170767
    endloop
  endfacet
  facet normal 0 1 0
    outer loop
      vertex 46.646 2 1.795
      vertex 3.59049 2 0.0982554
      vertex 3.48176 2 0.143293
    endloop
  endfacet
  facet normal 0 1 0
    outer loop
      vertex 46.646 2 1.795
      vertex 3.69084 2 0.0367635
      vertex 3.59049 2 0.0982554
    endloop
  endfacet
  facet normal 0 1 0
    outer loop
      vertex 3.73388 2 2.67029e-07
      vertex 46.646 2 1.795
      vertex 46.646 2 2.67029e-07
    endloop
  endfacet
  facet normal 0 1 0
    outer loop
      vertex 46.646 2 1.795
      vertex 3.73388 2 2.67029e-07
      vertex 3.69084 2 0.0367635
    endloop
  endfacet
  facet normal 0 1 -0
    outer loop
      vertex 3.13267 2 0.170767
      vertex -46.646 2 1.795
      vertex 3.25 2 0.180001
    endloop
  endfacet
  facet normal 0 1 -0
    outer loop
      vertex 3.01824 2 0.143293
      vertex -46.646 2 1.795
      vertex 3.13267 2 0.170767
    endloop
  endfacet
  facet normal 0 1 -0
    outer loop
      vertex 2.90951 2 0.0982554
      vertex -46.646 2 1.795
      vertex 3.01824 2 0.143293
    endloop
  endfacet
  facet normal 0 1 -0
    outer loop
      vertex 2.80916 2 0.0367635
      vertex -46.646 2 1.795
      vertex 2.90951 2 0.0982554
    endloop
  endfacet
  facet normal 0 1 -0
    outer loop
      vertex 2.76612 2 2.67029e-07
      vertex -46.646 2 1.795
      vertex 2.80916 2 0.0367635
    endloop
  endfacet
  facet normal 0 1 0
    outer loop
      vertex -46.646 2 1.795
      vertex 2.76612 2 2.67029e-07
      vertex -46.646 2 2.67029e-07
    endloop
  endfacet
  facet normal -1 0 0
    outer loop
      vertex 46.646 11.63 2.67029e-07
      vertex 46.646 11.53 1.795
      vertex 46.646 11.63 2.58
    endloop
  endfacet
  facet normal -1 0 0
    outer loop
      vertex 46.646 2 2.67029e-07
      vertex 46.646 11.53 1.795
      vertex 46.646 11.63 2.67029e-07
    endloop
  endfacet
  facet normal -1 -0 0
    outer loop
      vertex 46.646 11.53 1.795
      vertex 46.646 2 2.67029e-07
      vertex 46.646 2 1.795
    endloop
  endfacet
  facet normal -1 0 0
    outer loop
      vertex 46.646 32.44 2.67029e-07
      vertex 46.646 22.11 1.795
      vertex 46.646 32.44 1.795
    endloop
  endfacet
  facet normal -1 0 0
    outer loop
      vertex 46.646 22.01 2.58
      vertex 46.646 22.11 1.795
      vertex 46.646 22.01 2.67029e-07
    endloop
  endfacet
  facet normal -1 0 0
    outer loop
      vertex 46.646 22.01 2.67029e-07
      vertex 46.646 22.11 1.795
      vertex 46.646 32.44 2.67029e-07
    endloop
  endfacet
  facet normal -1 0 0
    outer loop
      vertex 46.646 22.11 2.785
      vertex 46.646 31.589 2.795
      vertex 46.646 31.589 2.785
    endloop
  endfacet
  facet normal -1 -0 0
    outer loop
      vertex 46.646 31.589 2.795
      vertex 46.646 22.11 2.785
      vertex 46.646 31.589 5.92
    endloop
  endfacet
  facet normal -1 0 0
    outer loop
      vertex 46.646 22.11 1.795
      vertex 46.646 22.01 2.58
      vertex 46.646 22.11 2.785
    endloop
  endfacet
  facet normal -1 0 0
    outer loop
      vertex 46.646 11.63 2.58
      vertex 46.646 22.11 2.785
      vertex 46.646 22.01 2.58
    endloop
  endfacet
  facet normal -1 0 0
    outer loop
      vertex 46.646 11.53 2.785
      vertex 46.646 22.11 2.785
      vertex 46.646 11.63 2.58
    endloop
  endfacet
  facet normal -1 0 0
    outer loop
      vertex 46.646 11.53 2.785
      vertex 46.646 11.63 2.58
      vertex 46.646 11.53 1.795
    endloop
  endfacet
  facet normal -1 0 0
    outer loop
      vertex 46.646 22.11 2.785
      vertex 46.646 11.53 2.785
      vertex 46.646 31.589 5.92
    endloop
  endfacet
  facet normal -1 0 0
    outer loop
      vertex 46.646 2 5.92
      vertex 46.646 11.53 2.785
      vertex 46.646 2 2.785
    endloop
  endfacet
  facet normal -1 0 0
    outer loop
      vertex 46.646 11.53 2.785
      vertex 46.646 2 5.92
      vertex 46.646 31.589 5.92
    endloop
  endfacet
  facet normal -1 0 0
    outer loop
      vertex 46.646 31.589 5.92
      vertex 46.646 32.44 6.53
      vertex 46.646 32.44 2.795
    endloop
  endfacet
  facet normal -1 0 0
    outer loop
      vertex 46.646 31.589 5.92
      vertex 46.646 32.44 2.795
      vertex 46.646 31.589 2.795
    endloop
  endfacet
  facet normal -1 -0 0
    outer loop
      vertex 46.646 32.44 6.53
      vertex 46.646 31.589 5.92
      vertex 46.646 32.189 6.53
    endloop
  endfacet
  facet normal 1 0 0
    outer loop
      vertex -46.646 31.589 5.92
      vertex -46.646 32.44 6.53
      vertex -46.646 32.189 6.53
    endloop
  endfacet
  facet normal 1 0 0
    outer loop
      vertex -46.646 32.44 6.53
      vertex -46.646 31.589 5.92
      vertex -46.646 32.44 2.795
    endloop
  endfacet
  facet normal 1 0 0
    outer loop
      vertex -46.646 31.589 5.92
      vertex -46.646 31.589 2.795
      vertex -46.646 32.44 2.795
    endloop
  endfacet
  facet normal 1 -0 0
    outer loop
      vertex -46.646 2 5.92
      vertex -46.646 31.589 2.795
      vertex -46.646 31.589 5.92
    endloop
  endfacet
  facet normal 1 0 0
    outer loop
      vertex -46.646 2 2.785
      vertex -46.646 31.589 2.795
      vertex -46.646 2 5.92
    endloop
  endfacet
  facet normal 1 0 0
    outer loop
      vertex -46.646 31.589 2.795
      vertex -46.646 2 2.785
      vertex -46.646 31.589 2.785
    endloop
  endfacet
  facet normal 1 -0 0
    outer loop
      vertex -46.646 2 1.795
      vertex -46.646 32.44 2.67029e-07
      vertex -46.646 32.44 1.795
    endloop
  endfacet
  facet normal 1 0 0
    outer loop
      vertex -46.646 32.44 2.67029e-07
      vertex -46.646 2 1.795
      vertex -46.646 2 2.67029e-07
    endloop
  endfacet
  facet normal 0 0 -1
    outer loop
      vertex 46.646 2 1.795
      vertex 40.75 11.53 1.795
      vertex 46.646 11.53 1.795
    endloop
  endfacet
  facet normal -0 0 -1
    outer loop
      vertex 40.75 11.53 1.795
      vertex 38.25 4.3 1.795
      vertex 40.75 22.11 1.795
    endloop
  endfacet
  facet normal 0 0 -1
    outer loop
      vertex 46.646 2 1.795
      vertex 38.25 4.3 1.795
      vertex 40.75 11.53 1.795
    endloop
  endfacet
  facet normal 0 0 -1
    outer loop
      vertex 46.646 2 1.795
      vertex 0.25 4.3 1.795
      vertex 38.25 4.3 1.795
    endloop
  endfacet
  facet normal -0 0 -1
    outer loop
      vertex 0.25 4.3 1.795
      vertex -46.646 2 1.795
      vertex 0.25 29.3 1.795
    endloop
  endfacet
  facet normal 0 0 -1
    outer loop
      vertex -46.646 2 1.795
      vertex 0.25 4.3 1.795
      vertex 46.646 2 1.795
    endloop
  endfacet
  facet normal 0 0 -1
    outer loop
      vertex 38.25 29.3 1.795
      vertex 46.646 22.11 1.795
      vertex 40.75 22.11 1.795
    endloop
  endfacet
  facet normal 0 0 -1
    outer loop
      vertex 38.25 29.3 1.795
      vertex 40.75 22.11 1.795
      vertex 38.25 4.3 1.795
    endloop
  endfacet
  facet normal 0 0 -1
    outer loop
      vertex 46.646 22.11 1.795
      vertex 38.25 29.3 1.795
      vertex 46.646 32.44 1.795
    endloop
  endfacet
  facet normal 0 0 -1
    outer loop
      vertex 0.25 29.3 1.795
      vertex 46.646 32.44 1.795
      vertex 38.25 29.3 1.795
    endloop
  endfacet
  facet normal 0 0 -1
    outer loop
      vertex 0.25 29.3 1.795
      vertex -46.646 32.44 1.795
      vertex 46.646 32.44 1.795
    endloop
  endfacet
  facet normal 0 0 -1
    outer loop
      vertex -46.646 32.44 1.795
      vertex 0.25 29.3 1.795
      vertex -46.646 2 1.795
    endloop
  endfacet
  facet normal -0 0 1
    outer loop
      vertex -46.646 32.44 2.795
      vertex 46.646 31.589 2.795
      vertex 46.646 32.44 2.795
    endloop
  endfacet
  facet normal 0 0 1
    outer loop
      vertex 46.646 31.589 2.795
      vertex -46.646 32.44 2.795
      vertex -46.646 31.589 2.795
    endloop
  endfacet
  facet normal -1 0 0
    outer loop
      vertex 38.25 4.3 1.795
      vertex 38.25 29.3 2.785
      vertex 38.25 29.3 1.795
    endloop
  endfacet
  facet normal -1 -0 0
    outer loop
      vertex 38.25 29.3 2.785
      vertex 38.25 4.3 1.795
      vertex 38.25 4.3 2.785
    endloop
  endfacet
  facet normal 0 -1 0
    outer loop
      vertex 0.25 29.3 1.795
      vertex 38.25 29.3 2.785
      vertex 0.25 29.3 2.785
    endloop
  endfacet
  facet normal 0 -1 -0
    outer loop
      vertex 38.25 29.3 2.785
      vertex 0.25 29.3 1.795
      vertex 38.25 29.3 1.795
    endloop
  endfacet
  facet normal 0 1 -0
    outer loop
      vertex 38.25 4.3 1.795
      vertex 0.25 4.3 2.785
      vertex 38.25 4.3 2.785
    endloop
  endfacet
  facet normal 0 1 0
    outer loop
      vertex 0.25 4.3 2.785
      vertex 38.25 4.3 1.795
      vertex 0.25 4.3 1.795
    endloop
  endfacet
  facet normal 1 -0 0
    outer loop
      vertex 0.25 4.3 2.785
      vertex 0.25 29.3 1.795
      vertex 0.25 29.3 2.785
    endloop
  endfacet
  facet normal 1 0 0
    outer loop
      vertex 0.25 29.3 1.795
      vertex 0.25 4.3 2.785
      vertex 0.25 4.3 1.795
    endloop
  endfacet
  facet normal 0 -1 0
    outer loop
      vertex 40.75 22.11 1.795
      vertex 46.646 22.11 2.785
      vertex 40.75 22.11 2.785
    endloop
  endfacet
  facet normal 0 -1 -0
    outer loop
      vertex 46.646 22.11 2.785
      vertex 40.75 22.11 1.795
      vertex 46.646 22.11 1.795
    endloop
  endfacet
  facet normal 0 1 -0
    outer loop
      vertex 46.646 11.53 1.795
      vertex 40.75 11.53 2.785
      vertex 46.646 11.53 2.785
    endloop
  endfacet
  facet normal 0 1 0
    outer loop
      vertex 40.75 11.53 2.785
      vertex 46.646 11.53 1.795
      vertex 40.75 11.53 1.795
    endloop
  endfacet
  facet normal 1 -0 0
    outer loop
      vertex 40.75 11.53 2.785
      vertex 40.75 22.11 1.795
      vertex 40.75 22.11 2.785
    endloop
  endfacet
  facet normal 1 0 0
    outer loop
      vertex 40.75 22.11 1.795
      vertex 40.75 11.53 2.785
      vertex 40.75 11.53 1.795
    endloop
  endfacet
  facet normal -0.923842 0 -0.382774
    outer loop
      vertex -47.819 -4 0.968029
      vertex -47.9992 0.00999928 1.40295
      vertex -47.819 0.00999928 0.968029
    endloop
  endfacet
  facet normal -0.923842 -0 -0.382774
    outer loop
      vertex -47.9992 0.00999928 1.40295
      vertex -47.819 -4 0.968029
      vertex -47.9992 -4 1.40295
    endloop
  endfacet
  facet normal 0.972368 0 -0.233453
    outer loop
      vertex -42.1829 -4 1.8607
      vertex -42.2928 0.00999928 1.40295
      vertex -42.1829 0.00999928 1.8607
    endloop
  endfacet
  facet normal 0.972368 0 -0.233453
    outer loop
      vertex -42.2928 0.00999928 1.40295
      vertex -42.1829 -4 1.8607
      vertex -42.2928 -4 1.40295
    endloop
  endfacet
  facet normal 0.996923 0 -0.0783858
    outer loop
      vertex -42.146 -4 2.33
      vertex -42.1829 0.00999928 1.8607
      vertex -42.146 0.00999928 2.33
    endloop
  endfacet
  facet normal 0.996923 0 -0.0783858
    outer loop
      vertex -42.1829 0.00999928 1.8607
      vertex -42.146 -4 2.33
      vertex -42.1829 -4 1.8607
    endloop
  endfacet
  facet normal 0.923842 0 -0.382774
    outer loop
      vertex -42.2928 -4 1.40295
      vertex -42.473 0.00999928 0.968029
      vertex -42.2928 0.00999928 1.40295
    endloop
  endfacet
  facet normal 0.923842 0 -0.382774
    outer loop
      vertex -42.473 0.00999928 0.968029
      vertex -42.2928 -4 1.40295
      vertex -42.473 -4 0.968029
    endloop
  endfacet
  facet normal 0.522486 0 0.852648
    outer loop
      vertex -43.784 0.00999928 5.00302
      vertex -43.3826 -4 4.75705
      vertex -43.3826 0.00999928 4.75705
    endloop
  endfacet
  facet normal 0.522486 0 0.852648
    outer loop
      vertex -43.3826 -4 4.75705
      vertex -43.784 0.00999928 5.00302
      vertex -43.784 -4 5.00302
    endloop
  endfacet
  facet normal 0.972368 -0 0.233453
    outer loop
      vertex -42.2928 -4 3.25705
      vertex -42.1829 0.00999928 2.7993
      vertex -42.2928 0.00999928 3.25705
    endloop
  endfacet
  facet normal 0.972368 0 0.233453
    outer loop
      vertex -42.1829 0.00999928 2.7993
      vertex -42.2928 -4 3.25705
      vertex -42.1829 -4 2.7993
    endloop
  endfacet
  facet normal 0.382699 0 0.923873
    outer loop
      vertex -44.2189 0.00999928 5.18317
      vertex -43.784 -4 5.00302
      vertex -43.784 0.00999928 5.00302
    endloop
  endfacet
  facet normal 0.382699 0 0.923873
    outer loop
      vertex -43.784 -4 5.00302
      vertex -44.2189 0.00999928 5.18317
      vertex -44.2189 -4 5.18317
    endloop
  endfacet
  facet normal -0.382699 0 0.923873
    outer loop
      vertex -46.508 0.00999928 5.00302
      vertex -46.0731 -4 5.18317
      vertex -46.0731 0.00999928 5.18317
    endloop
  endfacet
  facet normal -0.382699 0 0.923873
    outer loop
      vertex -46.0731 -4 5.18317
      vertex -46.508 0.00999928 5.00302
      vertex -46.508 -4 5.00302
    endloop
  endfacet
  facet normal 0.649498 0 -0.760363
    outer loop
      vertex -43.269 -4 2.67029e-07
      vertex -43.0247 0.00999928 0.20868
      vertex -43.0247 -4 0.20868
    endloop
  endfacet
  facet normal 0.649498 0 -0.760363
    outer loop
      vertex -43.0247 0.00999928 0.20868
      vertex -43.269 -4 2.67029e-07
      vertex -43.269 0.00999928 2.67029e-07
    endloop
  endfacet
  facet normal -0.923842 0 0.382775
    outer loop
      vertex -47.9992 -4 3.25705
      vertex -47.819 0.00999928 3.69197
      vertex -47.9992 0.00999928 3.25705
    endloop
  endfacet
  facet normal -0.923842 0 0.382775
    outer loop
      vertex -47.819 0.00999928 3.69197
      vertex -47.9992 -4 3.25705
      vertex -47.819 -4 3.69197
    endloop
  endfacet
  facet normal -0.233409 0 0.972379
    outer loop
      vertex -46.0731 0.00999928 5.18317
      vertex -45.6153 -4 5.29306
      vertex -45.6153 0.00999928 5.29306
    endloop
  endfacet
  facet normal -0.233409 0 0.972379
    outer loop
      vertex -45.6153 -4 5.29306
      vertex -46.0731 0.00999928 5.18317
      vertex -46.0731 -4 5.18317
    endloop
  endfacet
  facet normal 0 -1 0
    outer loop
      vertex -45.146 -4 4.83
      vertex -45.146 -4 5.33
      vertex -45.6153 -4 5.29306
    endloop
  endfacet
  facet normal 0 -1 0
    outer loop
      vertex -45.5371 -4 4.79922
      vertex -45.6153 -4 5.29306
      vertex -46.0731 -4 5.18317
    endloop
  endfacet
  facet normal 0 -1 0
    outer loop
      vertex -45.146 -4 5.33
      vertex -45.146 -4 4.83
      vertex -44.6767 -4 5.29306
    endloop
  endfacet
  facet normal 0 -1 0
    outer loop
      vertex -45.9185 -4 4.70764
      vertex -46.0731 -4 5.18317
      vertex -46.508 -4 5.00302
    endloop
  endfacet
  facet normal 0 -1 0
    outer loop
      vertex -44.7549 -4 4.79922
      vertex -44.6767 -4 5.29306
      vertex -45.146 -4 4.83
    endloop
  endfacet
  facet normal 0 -1 -0
    outer loop
      vertex -44.6767 -4 5.29306
      vertex -44.7549 -4 4.79922
      vertex -44.2189 -4 5.18317
    endloop
  endfacet
  facet normal 0 -1 0
    outer loop
      vertex -45.6153 -4 5.29306
      vertex -45.5371 -4 4.79922
      vertex -45.146 -4 4.83
    endloop
  endfacet
  facet normal 0 -1 0
    outer loop
      vertex -46.281 -4 4.55752
      vertex -46.508 -4 5.00302
      vertex -46.9094 -4 4.75705
    endloop
  endfacet
  facet normal 0 -1 0
    outer loop
      vertex -46.0731 -4 5.18317
      vertex -45.9185 -4 4.70764
      vertex -45.5371 -4 4.79922
    endloop
  endfacet
  facet normal 0 -1 0
    outer loop
      vertex -46.508 -4 5.00302
      vertex -46.281 -4 4.55752
      vertex -45.9185 -4 4.70764
    endloop
  endfacet
  facet normal 0 -1 0
    outer loop
      vertex -46.6155 -4 4.35254
      vertex -46.9094 -4 4.75705
      vertex -47.2673 -4 4.45132
    endloop
  endfacet
  facet normal 0 -1 0
    outer loop
      vertex -46.9094 -4 4.75705
      vertex -46.6155 -4 4.35254
      vertex -46.281 -4 4.55752
    endloop
  endfacet
  facet normal 0 -1 0
    outer loop
      vertex -47.2673 -4 4.45132
      vertex -46.9138 -4 4.09777
      vertex -46.6155 -4 4.35254
    endloop
  endfacet
  facet normal 0 -1 0
    outer loop
      vertex -47.5731 -4 4.09336
      vertex -46.9138 -4 4.09777
      vertex -47.2673 -4 4.45132
    endloop
  endfacet
  facet normal 0 -1 0
    outer loop
      vertex -47.5731 -4 4.09336
      vertex -47.1685 -4 3.79946
      vertex -46.9138 -4 4.09777
    endloop
  endfacet
  facet normal 0 -1 0
    outer loop
      vertex -47.819 -4 3.69197
      vertex -47.1685 -4 3.79946
      vertex -47.5731 -4 4.09336
    endloop
  endfacet
  facet normal 0 -1 0
    outer loop
      vertex -47.819 -4 3.69197
      vertex -47.3735 -4 3.46498
      vertex -47.1685 -4 3.79946
    endloop
  endfacet
  facet normal 0 -1 0
    outer loop
      vertex -47.9992 -4 3.25705
      vertex -47.3735 -4 3.46498
      vertex -47.819 -4 3.69197
    endloop
  endfacet
  facet normal 0 -1 0
    outer loop
      vertex -47.9992 -4 3.25705
      vertex -47.5236 -4 3.10254
      vertex -47.3735 -4 3.46498
    endloop
  endfacet
  facet normal 0 -1 0
    outer loop
      vertex -48.1091 -4 2.7993
      vertex -47.5236 -4 3.10254
      vertex -47.9992 -4 3.25705
    endloop
  endfacet
  facet normal 0 -1 0
    outer loop
      vertex -48.1091 -4 2.7993
      vertex -47.6152 -4 2.72109
      vertex -47.5236 -4 3.10254
    endloop
  endfacet
  facet normal 0 -1 0
    outer loop
      vertex -48.146 -4 2.33
      vertex -47.6152 -4 2.72109
      vertex -48.1091 -4 2.7993
    endloop
  endfacet
  facet normal 0 -1 0
    outer loop
      vertex -48.146 -4 2.33
      vertex -47.646 -4 2.33
      vertex -47.6152 -4 2.72109
    endloop
  endfacet
  facet normal 0 -1 0
    outer loop
      vertex -48.146 -4 2.33
      vertex -47.6152 -4 1.93891
      vertex -47.646 -4 2.33
    endloop
  endfacet
  facet normal 0 -1 0
    outer loop
      vertex -48.1091 -4 1.8607
      vertex -47.6152 -4 1.93891
      vertex -48.146 -4 2.33
    endloop
  endfacet
  facet normal 0 -1 0
    outer loop
      vertex -48.1091 -4 1.8607
      vertex -47.5236 -4 1.55746
      vertex -47.6152 -4 1.93891
    endloop
  endfacet
  facet normal 0 -1 0
    outer loop
      vertex -47.9992 -4 1.40295
      vertex -47.5236 -4 1.55746
      vertex -48.1091 -4 1.8607
    endloop
  endfacet
  facet normal 0 -1 0
    outer loop
      vertex -47.9992 -4 1.40295
      vertex -47.3735 -4 1.19502
      vertex -47.5236 -4 1.55746
    endloop
  endfacet
  facet normal 0 -1 0
    outer loop
      vertex -47.819 -4 0.968029
      vertex -47.3735 -4 1.19502
      vertex -47.9992 -4 1.40295
    endloop
  endfacet
  facet normal 0 -1 0
    outer loop
      vertex -47.819 -4 0.968029
      vertex -47.1685 -4 0.860538
      vertex -47.3735 -4 1.19502
    endloop
  endfacet
  facet normal 0 -1 0
    outer loop
      vertex -47.5731 -4 0.566645
      vertex -47.1685 -4 0.860538
      vertex -47.819 -4 0.968029
    endloop
  endfacet
  facet normal 0 -1 0
    outer loop
      vertex -47.5731 -4 0.566645
      vertex -46.9138 -4 0.562233
      vertex -47.1685 -4 0.860538
    endloop
  endfacet
  facet normal 0 -1 0
    outer loop
      vertex -47.2673 -4 0.20868
      vertex -46.9138 -4 0.562233
      vertex -47.5731 -4 0.566645
    endloop
  endfacet
  facet normal 0 -1 0
    outer loop
      vertex -47.023 -4 2.67029e-07
      vertex -46.9138 -4 0.562233
      vertex -47.2673 -4 0.20868
    endloop
  endfacet
  facet normal 0 -1 -0
    outer loop
      vertex -46.9138 -4 0.562233
      vertex -47.023 -4 2.67029e-07
      vertex -46.6155 -4 0.307458
    endloop
  endfacet
  facet normal 0 -1 -0
    outer loop
      vertex -46.6155 -4 0.307458
      vertex -47.023 -4 2.67029e-07
      vertex -46.281 -4 0.102484
    endloop
  endfacet
  facet normal 0 -1 -0
    outer loop
      vertex -46.281 -4 0.102484
      vertex -47.023 -4 2.67029e-07
      vertex -46.0336 -4 2.67029e-07
    endloop
  endfacet
  facet normal 0 -1 0
    outer loop
      vertex -44.3735 -4 4.70764
      vertex -44.2189 -4 5.18317
      vertex -44.7549 -4 4.79922
    endloop
  endfacet
  facet normal 0 -1 -0
    outer loop
      vertex -44.2189 -4 5.18317
      vertex -44.3735 -4 4.70764
      vertex -43.784 -4 5.00302
    endloop
  endfacet
  facet normal 0 -1 0
    outer loop
      vertex -44.011 -4 4.55752
      vertex -43.784 -4 5.00302
      vertex -44.3735 -4 4.70764
    endloop
  endfacet
  facet normal 0 -1 -0
    outer loop
      vertex -43.784 -4 5.00302
      vertex -44.011 -4 4.55752
      vertex -43.3826 -4 4.75705
    endloop
  endfacet
  facet normal 0 -1 0
    outer loop
      vertex -43.6765 -4 4.35254
      vertex -43.3826 -4 4.75705
      vertex -44.011 -4 4.55752
    endloop
  endfacet
  facet normal 0 -1 -0
    outer loop
      vertex -43.3826 -4 4.75705
      vertex -43.6765 -4 4.35254
      vertex -43.0247 -4 4.45132
    endloop
  endfacet
  facet normal 0 -1 0
    outer loop
      vertex -43.3782 -4 4.09777
      vertex -43.0247 -4 4.45132
      vertex -43.6765 -4 4.35254
    endloop
  endfacet
  facet normal 0 -1 0
    outer loop
      vertex -43.3782 -4 4.09777
      vertex -42.7189 -4 4.09336
      vertex -43.0247 -4 4.45132
    endloop
  endfacet
  facet normal 0 -1 0
    outer loop
      vertex -43.1235 -4 3.79946
      vertex -42.7189 -4 4.09336
      vertex -43.3782 -4 4.09777
    endloop
  endfacet
  facet normal 0 -1 0
    outer loop
      vertex -43.1235 -4 3.79946
      vertex -42.473 -4 3.69197
      vertex -42.7189 -4 4.09336
    endloop
  endfacet
  facet normal 0 -1 0
    outer loop
      vertex -42.9185 -4 3.46498
      vertex -42.473 -4 3.69197
      vertex -43.1235 -4 3.79946
    endloop
  endfacet
  facet normal 0 -1 0
    outer loop
      vertex -42.9185 -4 3.46498
      vertex -42.2928 -4 3.25705
      vertex -42.473 -4 3.69197
    endloop
  endfacet
  facet normal 0 -1 0
    outer loop
      vertex -42.7684 -4 3.10254
      vertex -42.2928 -4 3.25705
      vertex -42.9185 -4 3.46498
    endloop
  endfacet
  facet normal 0 -1 0
    outer loop
      vertex -42.7684 -4 3.10254
      vertex -42.1829 -4 2.7993
      vertex -42.2928 -4 3.25705
    endloop
  endfacet
  facet normal 0 -1 0
    outer loop
      vertex -42.6768 -4 2.72109
      vertex -42.1829 -4 2.7993
      vertex -42.7684 -4 3.10254
    endloop
  endfacet
  facet normal 0 -1 0
    outer loop
      vertex -42.646 -4 2.33
      vertex -42.1829 -4 2.7993
      vertex -42.6768 -4 2.72109
    endloop
  endfacet
  facet normal 0 -1 0
    outer loop
      vertex -42.646 -4 2.33
      vertex -42.146 -4 2.33
      vertex -42.1829 -4 2.7993
    endloop
  endfacet
  facet normal 0 -1 0
    outer loop
      vertex -42.6768 -4 1.93891
      vertex -42.146 -4 2.33
      vertex -42.646 -4 2.33
    endloop
  endfacet
  facet normal 0 -1 0
    outer loop
      vertex -42.6768 -4 1.93891
      vertex -42.1829 -4 1.8607
      vertex -42.146 -4 2.33
    endloop
  endfacet
  facet normal 0 -1 0
    outer loop
      vertex -42.7684 -4 1.55746
      vertex -42.1829 -4 1.8607
      vertex -42.6768 -4 1.93891
    endloop
  endfacet
  facet normal 0 -1 0
    outer loop
      vertex -42.7684 -4 1.55746
      vertex -42.2928 -4 1.40295
      vertex -42.1829 -4 1.8607
    endloop
  endfacet
  facet normal 0 -1 0
    outer loop
      vertex -42.9185 -4 1.19502
      vertex -42.2928 -4 1.40295
      vertex -42.7684 -4 1.55746
    endloop
  endfacet
  facet normal 0 -1 0
    outer loop
      vertex -42.9185 -4 1.19502
      vertex -42.473 -4 0.968029
      vertex -42.2928 -4 1.40295
    endloop
  endfacet
  facet normal 0 -1 0
    outer loop
      vertex -43.1235 -4 0.860538
      vertex -42.473 -4 0.968029
      vertex -42.9185 -4 1.19502
    endloop
  endfacet
  facet normal 0 -1 0
    outer loop
      vertex -43.1235 -4 0.860538
      vertex -42.7189 -4 0.566645
      vertex -42.473 -4 0.968029
    endloop
  endfacet
  facet normal 0 -1 0
    outer loop
      vertex -43.3782 -4 0.562233
      vertex -42.7189 -4 0.566645
      vertex -43.1235 -4 0.860538
    endloop
  endfacet
  facet normal 0 -1 0
    outer loop
      vertex -43.269 -4 2.67029e-07
      vertex -43.3782 -4 0.562233
      vertex -43.6765 -4 0.307458
    endloop
  endfacet
  facet normal 0 -1 0
    outer loop
      vertex -43.3782 -4 0.562233
      vertex -43.0247 -4 0.20868
      vertex -42.7189 -4 0.566645
    endloop
  endfacet
  facet normal 0 -1 0
    outer loop
      vertex -43.269 -4 2.67029e-07
      vertex -43.6765 -4 0.307458
      vertex -44.011 -4 0.102484
    endloop
  endfacet
  facet normal 0 -1 0
    outer loop
      vertex -43.269 -4 2.67029e-07
      vertex -44.011 -4 0.102484
      vertex -44.2584 -4 2.67029e-07
    endloop
  endfacet
  facet normal 0 -1 0
    outer loop
      vertex -43.3782 -4 0.562233
      vertex -43.269 -4 2.67029e-07
      vertex -43.0247 -4 0.20868
    endloop
  endfacet
  facet normal 0.923842 -0 0.382775
    outer loop
      vertex -42.473 -4 3.69197
      vertex -42.2928 0.00999928 3.25705
      vertex -42.473 0.00999928 3.69197
    endloop
  endfacet
  facet normal 0.923842 0 0.382775
    outer loop
      vertex -42.2928 0.00999928 3.25705
      vertex -42.473 -4 3.69197
      vertex -42.2928 -4 3.25705
    endloop
  endfacet
  facet normal -0.760329 0 0.649538
    outer loop
      vertex -47.5731 -4 4.09336
      vertex -47.2673 0.00999928 4.45132
      vertex -47.5731 0.00999928 4.09336
    endloop
  endfacet
  facet normal -0.760329 0 0.649538
    outer loop
      vertex -47.2673 0.00999928 4.45132
      vertex -47.5731 -4 4.09336
      vertex -47.2673 -4 4.45132
    endloop
  endfacet
  facet normal -0.649498 0 -0.760363
    outer loop
      vertex -47.2673 -4 0.20868
      vertex -47.023 0.00999928 2.67029e-07
      vertex -47.023 -4 2.67029e-07
    endloop
  endfacet
  facet normal -0.649498 0 -0.760363
    outer loop
      vertex -47.023 0.00999928 2.67029e-07
      vertex -47.2673 -4 0.20868
      vertex -47.2673 0.00999928 0.20868
    endloop
  endfacet
  facet normal 0.0784703 0 0.996916
    outer loop
      vertex -45.146 0.00999928 5.33
      vertex -44.6767 -4 5.29306
      vertex -44.6767 0.00999928 5.29306
    endloop
  endfacet
  facet normal 0.0784703 0 0.996916
    outer loop
      vertex -44.6767 -4 5.29306
      vertex -45.146 0.00999928 5.33
      vertex -45.146 -4 5.33
    endloop
  endfacet
  facet normal -0.649515 0 0.760349
    outer loop
      vertex -47.2673 0.00999928 4.45132
      vertex -46.9094 -4 4.75705
      vertex -46.9094 0.00999928 4.75705
    endloop
  endfacet
  facet normal -0.649515 0 0.760349
    outer loop
      vertex -46.9094 -4 4.75705
      vertex -47.2673 0.00999928 4.45132
      vertex -47.2673 -4 4.45132
    endloop
  endfacet
  facet normal 0.852708 -0 0.522387
    outer loop
      vertex -42.7189 -4 4.09336
      vertex -42.473 0.00999928 3.69197
      vertex -42.7189 0.00999928 4.09336
    endloop
  endfacet
  facet normal 0.852708 0 0.522387
    outer loop
      vertex -42.473 0.00999928 3.69197
      vertex -42.7189 -4 4.09336
      vertex -42.473 -4 3.69197
    endloop
  endfacet
  facet normal 0.852705 0 -0.522393
    outer loop
      vertex -42.473 -4 0.968029
      vertex -42.7189 0.00999928 0.566645
      vertex -42.473 0.00999928 0.968029
    endloop
  endfacet
  facet normal 0.852705 0 -0.522393
    outer loop
      vertex -42.7189 0.00999928 0.566645
      vertex -42.473 -4 0.968029
      vertex -42.7189 -4 0.566645
    endloop
  endfacet
  facet normal 0.760334 0 -0.649533
    outer loop
      vertex -42.7189 -4 0.566645
      vertex -43.0247 0.00999928 0.20868
      vertex -42.7189 0.00999928 0.566645
    endloop
  endfacet
  facet normal 0.760334 0 -0.649533
    outer loop
      vertex -43.0247 0.00999928 0.20868
      vertex -42.7189 -4 0.566645
      vertex -43.0247 -4 0.20868
    endloop
  endfacet
  facet normal -0.760334 0 -0.649533
    outer loop
      vertex -47.2673 -4 0.20868
      vertex -47.5731 0.00999928 0.566645
      vertex -47.2673 0.00999928 0.20868
    endloop
  endfacet
  facet normal -0.760334 -0 -0.649533
    outer loop
      vertex -47.5731 0.00999928 0.566645
      vertex -47.2673 -4 0.20868
      vertex -47.5731 -4 0.566645
    endloop
  endfacet
  facet normal -0.972368 0 -0.233453
    outer loop
      vertex -47.9992 -4 1.40295
      vertex -48.1091 0.00999928 1.8607
      vertex -47.9992 0.00999928 1.40295
    endloop
  endfacet
  facet normal -0.972368 -0 -0.233453
    outer loop
      vertex -48.1091 0.00999928 1.8607
      vertex -47.9992 -4 1.40295
      vertex -48.1091 -4 1.8607
    endloop
  endfacet
  facet normal -0.972368 0 0.233453
    outer loop
      vertex -48.1091 -4 2.7993
      vertex -47.9992 0.00999928 3.25705
      vertex -48.1091 0.00999928 2.7993
    endloop
  endfacet
  facet normal -0.972368 0 0.233453
    outer loop
      vertex -47.9992 0.00999928 3.25705
      vertex -48.1091 -4 2.7993
      vertex -47.9992 -4 3.25705
    endloop
  endfacet
  facet normal 0.233409 0 0.972379
    outer loop
      vertex -44.6767 0.00999928 5.29306
      vertex -44.2189 -4 5.18317
      vertex -44.2189 0.00999928 5.18317
    endloop
  endfacet
  facet normal 0.233409 0 0.972379
    outer loop
      vertex -44.2189 -4 5.18317
      vertex -44.6767 0.00999928 5.29306
      vertex -44.6767 -4 5.29306
    endloop
  endfacet
  facet normal 0.996923 -0 0.0783858
    outer loop
      vertex -42.1829 -4 2.7993
      vertex -42.146 0.00999928 2.33
      vertex -42.1829 0.00999928 2.7993
    endloop
  endfacet
  facet normal 0.996923 0 0.0783858
    outer loop
      vertex -42.146 0.00999928 2.33
      vertex -42.1829 -4 2.7993
      vertex -42.146 -4 2.33
    endloop
  endfacet
  facet normal 0.760329 -0 0.649538
    outer loop
      vertex -43.0247 -4 4.45132
      vertex -42.7189 0.00999928 4.09336
      vertex -43.0247 0.00999928 4.45132
    endloop
  endfacet
  facet normal 0.760329 0 0.649538
    outer loop
      vertex -42.7189 0.00999928 4.09336
      vertex -43.0247 -4 4.45132
      vertex -42.7189 -4 4.09336
    endloop
  endfacet
  facet normal -0.852708 0 0.522387
    outer loop
      vertex -47.819 -4 3.69197
      vertex -47.5731 0.00999928 4.09336
      vertex -47.819 0.00999928 3.69197
    endloop
  endfacet
  facet normal -0.852708 0 0.522387
    outer loop
      vertex -47.5731 0.00999928 4.09336
      vertex -47.819 -4 3.69197
      vertex -47.5731 -4 4.09336
    endloop
  endfacet
  facet normal -0.996923 0 0.0783858
    outer loop
      vertex -48.146 -4 2.33
      vertex -48.1091 0.00999928 2.7993
      vertex -48.146 0.00999928 2.33
    endloop
  endfacet
  facet normal -0.996923 0 0.0783858
    outer loop
      vertex -48.1091 0.00999928 2.7993
      vertex -48.146 -4 2.33
      vertex -48.1091 -4 2.7993
    endloop
  endfacet
  facet normal -0.0784703 0 0.996916
    outer loop
      vertex -45.6153 0.00999928 5.29306
      vertex -45.146 -4 5.33
      vertex -45.146 0.00999928 5.33
    endloop
  endfacet
  facet normal -0.0784703 0 0.996916
    outer loop
      vertex -45.146 -4 5.33
      vertex -45.6153 0.00999928 5.29306
      vertex -45.6153 -4 5.29306
    endloop
  endfacet
  facet normal -0.522486 0 0.852648
    outer loop
      vertex -46.9094 0.00999928 4.75705
      vertex -46.508 -4 5.00302
      vertex -46.508 0.00999928 5.00302
    endloop
  endfacet
  facet normal -0.522486 0 0.852648
    outer loop
      vertex -46.508 -4 5.00302
      vertex -46.9094 0.00999928 4.75705
      vertex -46.9094 -4 4.75705
    endloop
  endfacet
  facet normal 0 1 0
    outer loop
      vertex -44.6767 0.00999928 5.29306
      vertex -45.6153 0.00999928 5.29306
      vertex -45.146 0.00999928 5.33
    endloop
  endfacet
  facet normal 0 1 0
    outer loop
      vertex -44.2189 0.00999928 5.18317
      vertex -45.6153 0.00999928 5.29306
      vertex -44.6767 0.00999928 5.29306
    endloop
  endfacet
  facet normal 0 1 0
    outer loop
      vertex -44.2189 0.00999928 5.18317
      vertex -46.0731 0.00999928 5.18317
      vertex -45.6153 0.00999928 5.29306
    endloop
  endfacet
  facet normal 0 1 0
    outer loop
      vertex -43.784 0.00999928 5.00302
      vertex -46.0731 0.00999928 5.18317
      vertex -44.2189 0.00999928 5.18317
    endloop
  endfacet
  facet normal 0 1 0
    outer loop
      vertex -43.784 0.00999928 5.00302
      vertex -46.508 0.00999928 5.00302
      vertex -46.0731 0.00999928 5.18317
    endloop
  endfacet
  facet normal 0 1 0
    outer loop
      vertex -43.3826 0.00999928 4.75705
      vertex -46.508 0.00999928 5.00302
      vertex -43.784 0.00999928 5.00302
    endloop
  endfacet
  facet normal 0 1 0
    outer loop
      vertex -43.3826 0.00999928 4.75705
      vertex -46.9094 0.00999928 4.75705
      vertex -46.508 0.00999928 5.00302
    endloop
  endfacet
  facet normal 0 1 0
    outer loop
      vertex -43.0247 0.00999928 4.45132
      vertex -46.9094 0.00999928 4.75705
      vertex -43.3826 0.00999928 4.75705
    endloop
  endfacet
  facet normal 0 1 0
    outer loop
      vertex -43.0247 0.00999928 4.45132
      vertex -47.2673 0.00999928 4.45132
      vertex -46.9094 0.00999928 4.75705
    endloop
  endfacet
  facet normal 0 1 0
    outer loop
      vertex -42.7189 0.00999928 4.09336
      vertex -47.2673 0.00999928 4.45132
      vertex -43.0247 0.00999928 4.45132
    endloop
  endfacet
  facet normal 0 1 0
    outer loop
      vertex -42.7189 0.00999928 4.09336
      vertex -47.5731 0.00999928 4.09336
      vertex -47.2673 0.00999928 4.45132
    endloop
  endfacet
  facet normal 0 1 0
    outer loop
      vertex -42.473 0.00999928 3.69197
      vertex -47.5731 0.00999928 4.09336
      vertex -42.7189 0.00999928 4.09336
    endloop
  endfacet
  facet normal 0 1 0
    outer loop
      vertex -42.473 0.00999928 3.69197
      vertex -47.819 0.00999928 3.69197
      vertex -47.5731 0.00999928 4.09336
    endloop
  endfacet
  facet normal 0 1 0
    outer loop
      vertex -42.2928 0.00999928 3.25705
      vertex -47.819 0.00999928 3.69197
      vertex -42.473 0.00999928 3.69197
    endloop
  endfacet
  facet normal 0 1 0
    outer loop
      vertex -42.2928 0.00999928 3.25705
      vertex -47.9992 0.00999928 3.25705
      vertex -47.819 0.00999928 3.69197
    endloop
  endfacet
  facet normal 0 1 0
    outer loop
      vertex -42.1829 0.00999928 2.7993
      vertex -47.9992 0.00999928 3.25705
      vertex -42.2928 0.00999928 3.25705
    endloop
  endfacet
  facet normal 0 1 0
    outer loop
      vertex -42.1829 0.00999928 2.7993
      vertex -48.1091 0.00999928 2.7993
      vertex -47.9992 0.00999928 3.25705
    endloop
  endfacet
  facet normal 0 1 0
    outer loop
      vertex -42.146 0.00999928 2.33
      vertex -48.1091 0.00999928 2.7993
      vertex -42.1829 0.00999928 2.7993
    endloop
  endfacet
  facet normal 0 1 0
    outer loop
      vertex -42.146 0.00999928 2.33
      vertex -48.146 0.00999928 2.33
      vertex -48.1091 0.00999928 2.7993
    endloop
  endfacet
  facet normal 0 1 -0
    outer loop
      vertex -42.1829 0.00999928 1.8607
      vertex -48.146 0.00999928 2.33
      vertex -42.146 0.00999928 2.33
    endloop
  endfacet
  facet normal 0 1 0
    outer loop
      vertex -42.1829 0.00999928 1.8607
      vertex -48.1091 0.00999928 1.8607
      vertex -48.146 0.00999928 2.33
    endloop
  endfacet
  facet normal 0 1 -0
    outer loop
      vertex -42.2928 0.00999928 1.40295
      vertex -48.1091 0.00999928 1.8607
      vertex -42.1829 0.00999928 1.8607
    endloop
  endfacet
  facet normal 0 1 0
    outer loop
      vertex -42.2928 0.00999928 1.40295
      vertex -47.9992 0.00999928 1.40295
      vertex -48.1091 0.00999928 1.8607
    endloop
  endfacet
  facet normal 0 1 -0
    outer loop
      vertex -42.473 0.00999928 0.968029
      vertex -47.9992 0.00999928 1.40295
      vertex -42.2928 0.00999928 1.40295
    endloop
  endfacet
  facet normal 0 1 0
    outer loop
      vertex -42.473 0.00999928 0.968029
      vertex -47.819 0.00999928 0.968029
      vertex -47.9992 0.00999928 1.40295
    endloop
  endfacet
  facet normal 0 1 0
    outer loop
      vertex -43.269 0.00999928 2.67029e-07
      vertex -42.473 0.00999928 0.968029
      vertex -42.7189 0.00999928 0.566645
    endloop
  endfacet
  facet normal 0 1 0
    outer loop
      vertex -42.473 0.00999928 0.968029
      vertex -43.269 0.00999928 2.67029e-07
      vertex -47.819 0.00999928 0.968029
    endloop
  endfacet
  facet normal 0 1 0
    outer loop
      vertex -43.269 0.00999928 2.67029e-07
      vertex -42.7189 0.00999928 0.566645
      vertex -43.0247 0.00999928 0.20868
    endloop
  endfacet
  facet normal 0 1 -0
    outer loop
      vertex -47.023 0.00999928 2.67029e-07
      vertex -47.819 0.00999928 0.968029
      vertex -43.269 0.00999928 2.67029e-07
    endloop
  endfacet
  facet normal 0 1 0
    outer loop
      vertex -47.819 0.00999928 0.968029
      vertex -47.023 0.00999928 2.67029e-07
      vertex -47.5731 0.00999928 0.566645
    endloop
  endfacet
  facet normal 0 1 0
    outer loop
      vertex -47.5731 0.00999928 0.566645
      vertex -47.023 0.00999928 2.67029e-07
      vertex -47.2673 0.00999928 0.20868
    endloop
  endfacet
  facet normal -0.996923 0 -0.0783858
    outer loop
      vertex -48.1091 -4 1.8607
      vertex -48.146 0.00999928 2.33
      vertex -48.1091 0.00999928 1.8607
    endloop
  endfacet
  facet normal -0.996923 -0 -0.0783858
    outer loop
      vertex -48.146 0.00999928 2.33
      vertex -48.1091 -4 1.8607
      vertex -48.146 -4 2.33
    endloop
  endfacet
  facet normal -0.852705 0 -0.522393
    outer loop
      vertex -47.5731 -4 0.566645
      vertex -47.819 0.00999928 0.968029
      vertex -47.5731 0.00999928 0.566645
    endloop
  endfacet
  facet normal -0.852705 -0 -0.522393
    outer loop
      vertex -47.819 0.00999928 0.968029
      vertex -47.5731 -4 0.566645
      vertex -47.819 -4 0.968029
    endloop
  endfacet
  facet normal 0.649515 0 0.760349
    outer loop
      vertex -43.3826 0.00999928 4.75705
      vertex -43.0247 -4 4.45132
      vertex -43.0247 0.00999928 4.45132
    endloop
  endfacet
  facet normal 0.649515 0 0.760349
    outer loop
      vertex -43.0247 -4 4.45132
      vertex -43.3826 0.00999928 4.75705
      vertex -43.3826 -4 4.75705
    endloop
  endfacet
  facet normal 0.972357 0 -0.233498
    outer loop
      vertex -47.5236 -4 3.10254
      vertex -47.6152 -3.21 2.72109
      vertex -47.5236 -3.21 3.10254
    endloop
  endfacet
  facet normal 0.972357 0 -0.233498
    outer loop
      vertex -47.6152 -3.21 2.72109
      vertex -47.5236 -4 3.10254
      vertex -47.6152 -4 2.72109
    endloop
  endfacet
  facet normal -0.972357 0 0.233498
    outer loop
      vertex -42.7684 -4 1.55746
      vertex -42.6768 -3.21 1.93891
      vertex -42.7684 -3.21 1.55746
    endloop
  endfacet
  facet normal -0.972357 0 0.233498
    outer loop
      vertex -42.6768 -3.21 1.93891
      vertex -42.7684 -4 1.55746
      vertex -42.6768 -4 1.93891
    endloop
  endfacet
  facet normal -0.996913 0 0.0785112
    outer loop
      vertex -42.6768 -4 1.93891
      vertex -42.646 -3.21 2.33
      vertex -42.6768 -3.21 1.93891
    endloop
  endfacet
  facet normal -0.996913 0 0.0785112
    outer loop
      vertex -42.646 -3.21 2.33
      vertex -42.6768 -4 1.93891
      vertex -42.646 -4 2.33
    endloop
  endfacet
  facet normal -0.923904 0 0.382623
    outer loop
      vertex -42.9185 -4 1.19502
      vertex -42.7684 -3.21 1.55746
      vertex -42.9185 -3.21 1.19502
    endloop
  endfacet
  facet normal -0.923904 0 0.382623
    outer loop
      vertex -42.7684 -3.21 1.55746
      vertex -42.9185 -4 1.19502
      vertex -42.7684 -4 1.55746
    endloop
  endfacet
  facet normal -0.382613 0 -0.923909
    outer loop
      vertex -44.3735 -4 4.70764
      vertex -44.011 -3.21 4.55752
      vertex -44.011 -4 4.55752
    endloop
  endfacet
  facet normal -0.382613 0 -0.923909
    outer loop
      vertex -44.011 -3.21 4.55752
      vertex -44.3735 -4 4.70764
      vertex -44.3735 -3.21 4.70764
    endloop
  endfacet
  facet normal -0.852606 0 -0.522555
    outer loop
      vertex -42.9185 -4 3.46498
      vertex -43.1235 -3.21 3.79946
      vertex -42.9185 -3.21 3.46498
    endloop
  endfacet
  facet normal -0.852606 -0 -0.522555
    outer loop
      vertex -43.1235 -3.21 3.79946
      vertex -42.9185 -4 3.46498
      vertex -43.1235 -4 3.79946
    endloop
  endfacet
  facet normal 0.649452 0 0.760403
    outer loop
      vertex -46.9138 -3.21 0.562233
      vertex -46.6155 -4 0.307458
      vertex -46.6155 -3.21 0.307458
    endloop
  endfacet
  facet normal 0.649452 0 0.760403
    outer loop
      vertex -46.6155 -4 0.307458
      vertex -46.9138 -3.21 0.562233
      vertex -46.9138 -4 0.562233
    endloop
  endfacet
  facet normal 0.382707 0 0.92387
    outer loop
      vertex -46.281 -3.21 0.102484
      vertex -46.0336 -4 2.67029e-07
      vertex -46.0336 -3.21 2.67029e-07
    endloop
  endfacet
  facet normal 0.382707 0 0.92387
    outer loop
      vertex -46.0336 -4 2.67029e-07
      vertex -46.281 -3.21 0.102484
      vertex -46.281 -4 0.102484
    endloop
  endfacet
  facet normal -0.760508 0 -0.649329
    outer loop
      vertex -43.1235 -4 3.79946
      vertex -43.3782 -3.21 4.09777
      vertex -43.1235 -3.21 3.79946
    endloop
  endfacet
  facet normal -0.760508 -0 -0.649329
    outer loop
      vertex -43.3782 -3.21 4.09777
      vertex -43.1235 -4 3.79946
      vertex -43.3782 -4 4.09777
    endloop
  endfacet
  facet normal -0.996913 0 -0.0785112
    outer loop
      vertex -42.646 -4 2.33
      vertex -42.6768 -3.21 2.72109
      vertex -42.646 -3.21 2.33
    endloop
  endfacet
  facet normal -0.996913 -0 -0.0785112
    outer loop
      vertex -42.6768 -3.21 2.72109
      vertex -42.646 -4 2.33
      vertex -42.6768 -4 2.72109
    endloop
  endfacet
  facet normal -0.923904 0 -0.382623
    outer loop
      vertex -42.7684 -4 3.10254
      vertex -42.9185 -3.21 3.46498
      vertex -42.7684 -3.21 3.10254
    endloop
  endfacet
  facet normal -0.923904 -0 -0.382623
    outer loop
      vertex -42.9185 -3.21 3.46498
      vertex -42.7684 -4 3.10254
      vertex -42.9185 -4 3.46498
    endloop
  endfacet
  facet normal 0.923904 0 -0.382623
    outer loop
      vertex -47.3735 -4 3.46498
      vertex -47.5236 -3.21 3.10254
      vertex -47.3735 -3.21 3.46498
    endloop
  endfacet
  facet normal 0.923904 0 -0.382623
    outer loop
      vertex -47.5236 -3.21 3.10254
      vertex -47.3735 -4 3.46498
      vertex -47.5236 -4 3.10254
    endloop
  endfacet
  facet normal 0.996913 -0 0.0785112
    outer loop
      vertex -47.646 -4 2.33
      vertex -47.6152 -3.21 1.93891
      vertex -47.646 -3.21 2.33
    endloop
  endfacet
  facet normal 0.996913 0 0.0785112
    outer loop
      vertex -47.6152 -3.21 1.93891
      vertex -47.646 -4 2.33
      vertex -47.6152 -4 1.93891
    endloop
  endfacet
  facet normal 0.972357 -0 0.233498
    outer loop
      vertex -47.6152 -4 1.93891
      vertex -47.5236 -3.21 1.55746
      vertex -47.6152 -3.21 1.93891
    endloop
  endfacet
  facet normal 0.972357 0 0.233498
    outer loop
      vertex -47.5236 -3.21 1.55746
      vertex -47.6152 -4 1.93891
      vertex -47.5236 -4 1.55746
    endloop
  endfacet
  facet normal 0.760508 0 -0.649329
    outer loop
      vertex -46.9138 -4 4.09777
      vertex -47.1685 -3.21 3.79946
      vertex -46.9138 -3.21 4.09777
    endloop
  endfacet
  facet normal 0.760508 0 -0.649329
    outer loop
      vertex -47.1685 -3.21 3.79946
      vertex -46.9138 -4 4.09777
      vertex -47.1685 -4 3.79946
    endloop
  endfacet
  facet normal 0.233479 0 -0.972362
    outer loop
      vertex -45.9185 -4 4.70764
      vertex -45.5371 -3.21 4.79922
      vertex -45.5371 -4 4.79922
    endloop
  endfacet
  facet normal 0.233479 0 -0.972362
    outer loop
      vertex -45.5371 -3.21 4.79922
      vertex -45.9185 -4 4.70764
      vertex -45.9185 -3.21 4.70764
    endloop
  endfacet
  facet normal 0.649445 0 -0.760409
    outer loop
      vertex -46.9138 -4 4.09777
      vertex -46.6155 -3.21 4.35254
      vertex -46.6155 -4 4.35254
    endloop
  endfacet
  facet normal 0.649445 0 -0.760409
    outer loop
      vertex -46.6155 -3.21 4.35254
      vertex -46.9138 -4 4.09777
      vertex -46.9138 -3.21 4.09777
    endloop
  endfacet
  facet normal -0.852607 0 0.522553
    outer loop
      vertex -43.1235 -4 0.860538
      vertex -42.9185 -3.21 1.19502
      vertex -43.1235 -3.21 0.860538
    endloop
  endfacet
  facet normal -0.852607 0 0.522553
    outer loop
      vertex -42.9185 -3.21 1.19502
      vertex -43.1235 -4 0.860538
      vertex -42.9185 -4 1.19502
    endloop
  endfacet
  facet normal 0.923904 -0 0.382623
    outer loop
      vertex -47.5236 -4 1.55746
      vertex -47.3735 -3.21 1.19502
      vertex -47.5236 -3.21 1.55746
    endloop
  endfacet
  facet normal 0.923904 0 0.382623
    outer loop
      vertex -47.3735 -3.21 1.19502
      vertex -47.5236 -4 1.55746
      vertex -47.3735 -4 1.19502
    endloop
  endfacet
  facet normal 0.522484 0 0.852649
    outer loop
      vertex -46.6155 -3.21 0.307458
      vertex -46.281 -4 0.102484
      vertex -46.281 -3.21 0.102484
    endloop
  endfacet
  facet normal 0.522484 0 0.852649
    outer loop
      vertex -46.281 -4 0.102484
      vertex -46.6155 -3.21 0.307458
      vertex -46.6155 -4 0.307458
    endloop
  endfacet
  facet normal 0.0784585 0 -0.996917
    outer loop
      vertex -45.5371 -4 4.79922
      vertex -45.146 -3.21 4.83
      vertex -45.146 -4 4.83
    endloop
  endfacet
  facet normal 0.0784585 0 -0.996917
    outer loop
      vertex -45.146 -3.21 4.83
      vertex -45.5371 -4 4.79922
      vertex -45.5371 -3.21 4.79922
    endloop
  endfacet
  facet normal -0.522484 0 0.852649
    outer loop
      vertex -44.011 -3.21 0.102484
      vertex -43.6765 -4 0.307458
      vertex -43.6765 -3.21 0.307458
    endloop
  endfacet
  facet normal -0.522484 0 0.852649
    outer loop
      vertex -43.6765 -4 0.307458
      vertex -44.011 -3.21 0.102484
      vertex -44.011 -4 0.102484
    endloop
  endfacet
  facet normal -0.522495 0 -0.852642
    outer loop
      vertex -44.011 -4 4.55752
      vertex -43.6765 -3.21 4.35254
      vertex -43.6765 -4 4.35254
    endloop
  endfacet
  facet normal -0.522495 0 -0.852642
    outer loop
      vertex -43.6765 -3.21 4.35254
      vertex -44.011 -4 4.55752
      vertex -44.011 -3.21 4.55752
    endloop
  endfacet
  facet normal 0.760502 -0 0.649335
    outer loop
      vertex -47.1685 -4 0.860538
      vertex -46.9138 -3.21 0.562233
      vertex -47.1685 -3.21 0.860538
    endloop
  endfacet
  facet normal 0.760502 0 0.649335
    outer loop
      vertex -46.9138 -3.21 0.562233
      vertex -47.1685 -4 0.860538
      vertex -46.9138 -4 0.562233
    endloop
  endfacet
  facet normal 0.522495 0 -0.852642
    outer loop
      vertex -46.6155 -4 4.35254
      vertex -46.281 -3.21 4.55752
      vertex -46.281 -4 4.55752
    endloop
  endfacet
  facet normal 0.522495 0 -0.852642
    outer loop
      vertex -46.281 -3.21 4.55752
      vertex -46.6155 -4 4.35254
      vertex -46.6155 -3.21 4.35254
    endloop
  endfacet
  facet normal -0.760502 0 0.649335
    outer loop
      vertex -43.3782 -4 0.562233
      vertex -43.1235 -3.21 0.860538
      vertex -43.3782 -3.21 0.562233
    endloop
  endfacet
  facet normal -0.760502 0 0.649335
    outer loop
      vertex -43.1235 -3.21 0.860538
      vertex -43.3782 -4 0.562233
      vertex -43.1235 -4 0.860538
    endloop
  endfacet
  facet normal -0.649452 0 0.760403
    outer loop
      vertex -43.6765 -3.21 0.307458
      vertex -43.3782 -4 0.562233
      vertex -43.3782 -3.21 0.562233
    endloop
  endfacet
  facet normal -0.649452 0 0.760403
    outer loop
      vertex -43.3782 -4 0.562233
      vertex -43.6765 -3.21 0.307458
      vertex -43.6765 -4 0.307458
    endloop
  endfacet
  facet normal -0.0784585 0 -0.996917
    outer loop
      vertex -45.146 -4 4.83
      vertex -44.7549 -3.21 4.79922
      vertex -44.7549 -4 4.79922
    endloop
  endfacet
  facet normal -0.0784585 0 -0.996917
    outer loop
      vertex -44.7549 -3.21 4.79922
      vertex -45.146 -4 4.83
      vertex -45.146 -3.21 4.83
    endloop
  endfacet
  facet normal 0.382613 0 -0.923909
    outer loop
      vertex -46.281 -4 4.55752
      vertex -45.9185 -3.21 4.70764
      vertex -45.9185 -4 4.70764
    endloop
  endfacet
  facet normal 0.382613 0 -0.923909
    outer loop
      vertex -45.9185 -3.21 4.70764
      vertex -46.281 -4 4.55752
      vertex -46.281 -3.21 4.55752
    endloop
  endfacet
  facet normal 0.852606 0 -0.522555
    outer loop
      vertex -47.1685 -4 3.79946
      vertex -47.3735 -3.21 3.46498
      vertex -47.1685 -3.21 3.79946
    endloop
  endfacet
  facet normal 0.852606 0 -0.522555
    outer loop
      vertex -47.3735 -3.21 3.46498
      vertex -47.1685 -4 3.79946
      vertex -47.3735 -4 3.46498
    endloop
  endfacet
  facet normal -0.233479 0 -0.972362
    outer loop
      vertex -44.7549 -4 4.79922
      vertex -44.3735 -3.21 4.70764
      vertex -44.3735 -4 4.70764
    endloop
  endfacet
  facet normal -0.233479 0 -0.972362
    outer loop
      vertex -44.3735 -3.21 4.70764
      vertex -44.7549 -4 4.79922
      vertex -44.7549 -3.21 4.79922
    endloop
  endfacet
  facet normal -0.649445 0 -0.760409
    outer loop
      vertex -43.6765 -4 4.35254
      vertex -43.3782 -3.21 4.09777
      vertex -43.3782 -4 4.09777
    endloop
  endfacet
  facet normal -0.649445 0 -0.760409
    outer loop
      vertex -43.3782 -3.21 4.09777
      vertex -43.6765 -4 4.35254
      vertex -43.6765 -3.21 4.35254
    endloop
  endfacet
  facet normal 0.996913 0 -0.0785112
    outer loop
      vertex -47.6152 -4 2.72109
      vertex -47.646 -3.21 2.33
      vertex -47.6152 -3.21 2.72109
    endloop
  endfacet
  facet normal 0.996913 0 -0.0785112
    outer loop
      vertex -47.646 -3.21 2.33
      vertex -47.6152 -4 2.72109
      vertex -47.646 -4 2.33
    endloop
  endfacet
  facet normal -0.972357 0 -0.233498
    outer loop
      vertex -42.6768 -4 2.72109
      vertex -42.7684 -3.21 3.10254
      vertex -42.6768 -3.21 2.72109
    endloop
  endfacet
  facet normal -0.972357 -0 -0.233498
    outer loop
      vertex -42.7684 -3.21 3.10254
      vertex -42.6768 -4 2.72109
      vertex -42.7684 -4 3.10254
    endloop
  endfacet
  facet normal -0.382707 0 0.92387
    outer loop
      vertex -44.2584 -3.21 2.67029e-07
      vertex -44.011 -4 0.102484
      vertex -44.011 -3.21 0.102484
    endloop
  endfacet
  facet normal -0.382707 0 0.92387
    outer loop
      vertex -44.011 -4 0.102484
      vertex -44.2584 -3.21 2.67029e-07
      vertex -44.2584 -4 2.67029e-07
    endloop
  endfacet
  facet normal 0 -1 0
    outer loop
      vertex -45.5371 -3.21 4.79922
      vertex -44.7549 -3.21 4.79922
      vertex -45.146 -3.21 4.83
    endloop
  endfacet
  facet normal 0 -1 0
    outer loop
      vertex -45.9185 -3.21 4.70764
      vertex -44.7549 -3.21 4.79922
      vertex -45.5371 -3.21 4.79922
    endloop
  endfacet
  facet normal 0 -1 0
    outer loop
      vertex -45.9185 -3.21 4.70764
      vertex -44.3735 -3.21 4.70764
      vertex -44.7549 -3.21 4.79922
    endloop
  endfacet
  facet normal 0 -1 0
    outer loop
      vertex -46.281 -3.21 4.55752
      vertex -44.3735 -3.21 4.70764
      vertex -45.9185 -3.21 4.70764
    endloop
  endfacet
  facet normal 0 -1 0
    outer loop
      vertex -46.281 -3.21 4.55752
      vertex -44.011 -3.21 4.55752
      vertex -44.3735 -3.21 4.70764
    endloop
  endfacet
  facet normal 0 -1 0
    outer loop
      vertex -46.6155 -3.21 4.35254
      vertex -44.011 -3.21 4.55752
      vertex -46.281 -3.21 4.55752
    endloop
  endfacet
  facet normal 0 -1 0
    outer loop
      vertex -46.6155 -3.21 4.35254
      vertex -43.6765 -3.21 4.35254
      vertex -44.011 -3.21 4.55752
    endloop
  endfacet
  facet normal 0 -1 0
    outer loop
      vertex -46.9138 -3.21 4.09777
      vertex -43.6765 -3.21 4.35254
      vertex -46.6155 -3.21 4.35254
    endloop
  endfacet
  facet normal 0 -1 0
    outer loop
      vertex -46.9138 -3.21 4.09777
      vertex -43.3782 -3.21 4.09777
      vertex -43.6765 -3.21 4.35254
    endloop
  endfacet
  facet normal 0 -1 0
    outer loop
      vertex -47.1685 -3.21 3.79946
      vertex -43.3782 -3.21 4.09777
      vertex -46.9138 -3.21 4.09777
    endloop
  endfacet
  facet normal 0 -1 0
    outer loop
      vertex -47.1685 -3.21 3.79946
      vertex -43.1235 -3.21 3.79946
      vertex -43.3782 -3.21 4.09777
    endloop
  endfacet
  facet normal 0 -1 0
    outer loop
      vertex -47.3735 -3.21 3.46498
      vertex -43.1235 -3.21 3.79946
      vertex -47.1685 -3.21 3.79946
    endloop
  endfacet
  facet normal 0 -1 0
    outer loop
      vertex -47.3735 -3.21 3.46498
      vertex -42.9185 -3.21 3.46498
      vertex -43.1235 -3.21 3.79946
    endloop
  endfacet
  facet normal 0 -1 0
    outer loop
      vertex -47.5236 -3.21 3.10254
      vertex -42.9185 -3.21 3.46498
      vertex -47.3735 -3.21 3.46498
    endloop
  endfacet
  facet normal 0 -1 0
    outer loop
      vertex -47.5236 -3.21 3.10254
      vertex -42.7684 -3.21 3.10254
      vertex -42.9185 -3.21 3.46498
    endloop
  endfacet
  facet normal 0 -1 0
    outer loop
      vertex -47.6152 -3.21 2.72109
      vertex -42.7684 -3.21 3.10254
      vertex -47.5236 -3.21 3.10254
    endloop
  endfacet
  facet normal 0 -1 0
    outer loop
      vertex -47.6152 -3.21 2.72109
      vertex -42.6768 -3.21 2.72109
      vertex -42.7684 -3.21 3.10254
    endloop
  endfacet
  facet normal 0 -1 0
    outer loop
      vertex -47.646 -3.21 2.33
      vertex -42.6768 -3.21 2.72109
      vertex -47.6152 -3.21 2.72109
    endloop
  endfacet
  facet normal 0 -1 0
    outer loop
      vertex -47.646 -3.21 2.33
      vertex -42.646 -3.21 2.33
      vertex -42.6768 -3.21 2.72109
    endloop
  endfacet
  facet normal 0 -1 0
    outer loop
      vertex -47.6152 -3.21 1.93891
      vertex -42.646 -3.21 2.33
      vertex -47.646 -3.21 2.33
    endloop
  endfacet
  facet normal 0 -1 0
    outer loop
      vertex -47.6152 -3.21 1.93891
      vertex -42.6768 -3.21 1.93891
      vertex -42.646 -3.21 2.33
    endloop
  endfacet
  facet normal 0 -1 0
    outer loop
      vertex -47.5236 -3.21 1.55746
      vertex -42.6768 -3.21 1.93891
      vertex -47.6152 -3.21 1.93891
    endloop
  endfacet
  facet normal 0 -1 0
    outer loop
      vertex -47.5236 -3.21 1.55746
      vertex -42.7684 -3.21 1.55746
      vertex -42.6768 -3.21 1.93891
    endloop
  endfacet
  facet normal 0 -1 0
    outer loop
      vertex -47.3735 -3.21 1.19502
      vertex -42.7684 -3.21 1.55746
      vertex -47.5236 -3.21 1.55746
    endloop
  endfacet
  facet normal 0 -1 0
    outer loop
      vertex -47.3735 -3.21 1.19502
      vertex -42.9185 -3.21 1.19502
      vertex -42.7684 -3.21 1.55746
    endloop
  endfacet
  facet normal 0 -1 0
    outer loop
      vertex -47.1685 -3.21 0.860538
      vertex -42.9185 -3.21 1.19502
      vertex -47.3735 -3.21 1.19502
    endloop
  endfacet
  facet normal 0 -1 0
    outer loop
      vertex -47.1685 -3.21 0.860538
      vertex -43.1235 -3.21 0.860538
      vertex -42.9185 -3.21 1.19502
    endloop
  endfacet
  facet normal 0 -1 0
    outer loop
      vertex -46.9138 -3.21 0.562233
      vertex -43.1235 -3.21 0.860538
      vertex -47.1685 -3.21 0.860538
    endloop
  endfacet
  facet normal 0 -1 0
    outer loop
      vertex -46.9138 -3.21 0.562233
      vertex -43.3782 -3.21 0.562233
      vertex -43.1235 -3.21 0.860538
    endloop
  endfacet
  facet normal 0 -1 0
    outer loop
      vertex -46.0336 -3.21 2.67029e-07
      vertex -46.9138 -3.21 0.562233
      vertex -46.6155 -3.21 0.307458
    endloop
  endfacet
  facet normal 0 -1 0
    outer loop
      vertex -46.9138 -3.21 0.562233
      vertex -46.0336 -3.21 2.67029e-07
      vertex -43.3782 -3.21 0.562233
    endloop
  endfacet
  facet normal 0 -1 0
    outer loop
      vertex -46.0336 -3.21 2.67029e-07
      vertex -46.6155 -3.21 0.307458
      vertex -46.281 -3.21 0.102484
    endloop
  endfacet
  facet normal 0 -1 0
    outer loop
      vertex -44.2584 -3.21 2.67029e-07
      vertex -43.3782 -3.21 0.562233
      vertex -46.0336 -3.21 2.67029e-07
    endloop
  endfacet
  facet normal 0 -1 0
    outer loop
      vertex -43.3782 -3.21 0.562233
      vertex -44.2584 -3.21 2.67029e-07
      vertex -43.6765 -3.21 0.307458
    endloop
  endfacet
  facet normal 0 -1 0
    outer loop
      vertex -43.6765 -3.21 0.307458
      vertex -44.2584 -3.21 2.67029e-07
      vertex -44.011 -3.21 0.102484
    endloop
  endfacet
  facet normal 0.852607 -0 0.522553
    outer loop
      vertex -47.3735 -4 1.19502
      vertex -47.1685 -3.21 0.860538
      vertex -47.3735 -3.21 1.19502
    endloop
  endfacet
  facet normal 0.852607 0 0.522553
    outer loop
      vertex -47.1685 -3.21 0.860538
      vertex -47.3735 -4 1.19502
      vertex -47.1685 -4 0.860538
    endloop
  endfacet
  facet normal -0.923842 0 -0.382774
    outer loop
      vertex 42.473 -4 0.968029
      vertex 42.2928 0.00999928 1.40295
      vertex 42.473 0.00999928 0.968029
    endloop
  endfacet
  facet normal -0.923842 -0 -0.382774
    outer loop
      vertex 42.2928 0.00999928 1.40295
      vertex 42.473 -4 0.968029
      vertex 42.2928 -4 1.40295
    endloop
  endfacet
  facet normal 0.972368 0 -0.233453
    outer loop
      vertex 48.1091 -4 1.8607
      vertex 47.9992 0.00999928 1.40295
      vertex 48.1091 0.00999928 1.8607
    endloop
  endfacet
  facet normal 0.972368 0 -0.233453
    outer loop
      vertex 47.9992 0.00999928 1.40295
      vertex 48.1091 -4 1.8607
      vertex 47.9992 -4 1.40295
    endloop
  endfacet
  facet normal 0.996923 0 -0.0783858
    outer loop
      vertex 48.146 -4 2.33
      vertex 48.1091 0.00999928 1.8607
      vertex 48.146 0.00999928 2.33
    endloop
  endfacet
  facet normal 0.996923 0 -0.0783858
    outer loop
      vertex 48.1091 0.00999928 1.8607
      vertex 48.146 -4 2.33
      vertex 48.1091 -4 1.8607
    endloop
  endfacet
  facet normal 0.923842 0 -0.382774
    outer loop
      vertex 47.9992 -4 1.40295
      vertex 47.819 0.00999928 0.968029
      vertex 47.9992 0.00999928 1.40295
    endloop
  endfacet
  facet normal 0.923842 0 -0.382774
    outer loop
      vertex 47.819 0.00999928 0.968029
      vertex 47.9992 -4 1.40295
      vertex 47.819 -4 0.968029
    endloop
  endfacet
  facet normal 0.522486 0 0.852648
    outer loop
      vertex 46.508 0.00999928 5.00302
      vertex 46.9094 -4 4.75705
      vertex 46.9094 0.00999928 4.75705
    endloop
  endfacet
  facet normal 0.522486 0 0.852648
    outer loop
      vertex 46.9094 -4 4.75705
      vertex 46.508 0.00999928 5.00302
      vertex 46.508 -4 5.00302
    endloop
  endfacet
  facet normal 0.972368 -0 0.233453
    outer loop
      vertex 47.9992 -4 3.25705
      vertex 48.1091 0.00999928 2.7993
      vertex 47.9992 0.00999928 3.25705
    endloop
  endfacet
  facet normal 0.972368 0 0.233453
    outer loop
      vertex 48.1091 0.00999928 2.7993
      vertex 47.9992 -4 3.25705
      vertex 48.1091 -4 2.7993
    endloop
  endfacet
  facet normal 0.382699 0 0.923873
    outer loop
      vertex 46.0731 0.00999928 5.18317
      vertex 46.508 -4 5.00302
      vertex 46.508 0.00999928 5.00302
    endloop
  endfacet
  facet normal 0.382699 0 0.923873
    outer loop
      vertex 46.508 -4 5.00302
      vertex 46.0731 0.00999928 5.18317
      vertex 46.0731 -4 5.18317
    endloop
  endfacet
  facet normal -0.382699 0 0.923873
    outer loop
      vertex 43.784 0.00999928 5.00302
      vertex 44.2189 -4 5.18317
      vertex 44.2189 0.00999928 5.18317
    endloop
  endfacet
  facet normal -0.382699 0 0.923873
    outer loop
      vertex 44.2189 -4 5.18317
      vertex 43.784 0.00999928 5.00302
      vertex 43.784 -4 5.00302
    endloop
  endfacet
  facet normal 0.649498 0 -0.760363
    outer loop
      vertex 47.023 -4 2.67029e-07
      vertex 47.2673 0.00999928 0.20868
      vertex 47.2673 -4 0.20868
    endloop
  endfacet
  facet normal 0.649498 0 -0.760363
    outer loop
      vertex 47.2673 0.00999928 0.20868
      vertex 47.023 -4 2.67029e-07
      vertex 47.023 0.00999928 2.67029e-07
    endloop
  endfacet
  facet normal -0.923842 0 0.382775
    outer loop
      vertex 42.2928 -4 3.25705
      vertex 42.473 0.00999928 3.69197
      vertex 42.2928 0.00999928 3.25705
    endloop
  endfacet
  facet normal -0.923842 0 0.382775
    outer loop
      vertex 42.473 0.00999928 3.69197
      vertex 42.2928 -4 3.25705
      vertex 42.473 -4 3.69197
    endloop
  endfacet
  facet normal -0.233409 0 0.972379
    outer loop
      vertex 44.2189 0.00999928 5.18317
      vertex 44.6767 -4 5.29306
      vertex 44.6767 0.00999928 5.29306
    endloop
  endfacet
  facet normal -0.233409 0 0.972379
    outer loop
      vertex 44.6767 -4 5.29306
      vertex 44.2189 0.00999928 5.18317
      vertex 44.2189 -4 5.18317
    endloop
  endfacet
  facet normal 0 -1 0
    outer loop
      vertex 45.146 -4 4.83
      vertex 45.146 -4 5.33
      vertex 44.6767 -4 5.29306
    endloop
  endfacet
  facet normal 0 -1 0
    outer loop
      vertex 44.7549 -4 4.79922
      vertex 44.6767 -4 5.29306
      vertex 44.2189 -4 5.18317
    endloop
  endfacet
  facet normal 0 -1 0
    outer loop
      vertex 45.146 -4 5.33
      vertex 45.146 -4 4.83
      vertex 45.6153 -4 5.29306
    endloop
  endfacet
  facet normal 0 -1 0
    outer loop
      vertex 44.3735 -4 4.70764
      vertex 44.2189 -4 5.18317
      vertex 43.784 -4 5.00302
    endloop
  endfacet
  facet normal 0 -1 0
    outer loop
      vertex 45.5371 -4 4.79922
      vertex 45.6153 -4 5.29306
      vertex 45.146 -4 4.83
    endloop
  endfacet
  facet normal 0 -1 -0
    outer loop
      vertex 45.6153 -4 5.29306
      vertex 45.5371 -4 4.79922
      vertex 46.0731 -4 5.18317
    endloop
  endfacet
  facet normal 0 -1 0
    outer loop
      vertex 44.6767 -4 5.29306
      vertex 44.7549 -4 4.79922
      vertex 45.146 -4 4.83
    endloop
  endfacet
  facet normal 0 -1 0
    outer loop
      vertex 44.011 -4 4.55752
      vertex 43.784 -4 5.00302
      vertex 43.3826 -4 4.75705
    endloop
  endfacet
  facet normal 0 -1 0
    outer loop
      vertex 44.2189 -4 5.18317
      vertex 44.3735 -4 4.70764
      vertex 44.7549 -4 4.79922
    endloop
  endfacet
  facet normal 0 -1 0
    outer loop
      vertex 43.784 -4 5.00302
      vertex 44.011 -4 4.55752
      vertex 44.3735 -4 4.70764
    endloop
  endfacet
  facet normal 0 -1 0
    outer loop
      vertex 43.6765 -4 4.35254
      vertex 43.3826 -4 4.75705
      vertex 43.0247 -4 4.45132
    endloop
  endfacet
  facet normal 0 -1 0
    outer loop
      vertex 43.3826 -4 4.75705
      vertex 43.6765 -4 4.35254
      vertex 44.011 -4 4.55752
    endloop
  endfacet
  facet normal 0 -1 0
    outer loop
      vertex 43.0247 -4 4.45132
      vertex 43.3782 -4 4.09777
      vertex 43.6765 -4 4.35254
    endloop
  endfacet
  facet normal 0 -1 0
    outer loop
      vertex 42.7189 -4 4.09336
      vertex 43.3782 -4 4.09777
      vertex 43.0247 -4 4.45132
    endloop
  endfacet
  facet normal 0 -1 0
    outer loop
      vertex 42.7189 -4 4.09336
      vertex 43.1235 -4 3.79946
      vertex 43.3782 -4 4.09777
    endloop
  endfacet
  facet normal 0 -1 0
    outer loop
      vertex 42.473 -4 3.69197
      vertex 43.1235 -4 3.79946
      vertex 42.7189 -4 4.09336
    endloop
  endfacet
  facet normal 0 -1 0
    outer loop
      vertex 42.473 -4 3.69197
      vertex 42.9185 -4 3.46498
      vertex 43.1235 -4 3.79946
    endloop
  endfacet
  facet normal 0 -1 0
    outer loop
      vertex 42.2928 -4 3.25705
      vertex 42.9185 -4 3.46498
      vertex 42.473 -4 3.69197
    endloop
  endfacet
  facet normal 0 -1 0
    outer loop
      vertex 42.2928 -4 3.25705
      vertex 42.7684 -4 3.10254
      vertex 42.9185 -4 3.46498
    endloop
  endfacet
  facet normal 0 -1 0
    outer loop
      vertex 42.1829 -4 2.7993
      vertex 42.7684 -4 3.10254
      vertex 42.2928 -4 3.25705
    endloop
  endfacet
  facet normal 0 -1 0
    outer loop
      vertex 42.1829 -4 2.7993
      vertex 42.6768 -4 2.72109
      vertex 42.7684 -4 3.10254
    endloop
  endfacet
  facet normal 0 -1 0
    outer loop
      vertex 42.146 -4 2.33
      vertex 42.6768 -4 2.72109
      vertex 42.1829 -4 2.7993
    endloop
  endfacet
  facet normal 0 -1 0
    outer loop
      vertex 42.146 -4 2.33
      vertex 42.646 -4 2.33
      vertex 42.6768 -4 2.72109
    endloop
  endfacet
  facet normal 0 -1 0
    outer loop
      vertex 42.146 -4 2.33
      vertex 42.6768 -4 1.93891
      vertex 42.646 -4 2.33
    endloop
  endfacet
  facet normal 0 -1 0
    outer loop
      vertex 42.1829 -4 1.8607
      vertex 42.6768 -4 1.93891
      vertex 42.146 -4 2.33
    endloop
  endfacet
  facet normal 0 -1 0
    outer loop
      vertex 42.1829 -4 1.8607
      vertex 42.7684 -4 1.55746
      vertex 42.6768 -4 1.93891
    endloop
  endfacet
  facet normal 0 -1 0
    outer loop
      vertex 42.2928 -4 1.40295
      vertex 42.7684 -4 1.55746
      vertex 42.1829 -4 1.8607
    endloop
  endfacet
  facet normal 0 -1 0
    outer loop
      vertex 42.2928 -4 1.40295
      vertex 42.9185 -4 1.19502
      vertex 42.7684 -4 1.55746
    endloop
  endfacet
  facet normal 0 -1 0
    outer loop
      vertex 42.473 -4 0.968029
      vertex 42.9185 -4 1.19502
      vertex 42.2928 -4 1.40295
    endloop
  endfacet
  facet normal 0 -1 0
    outer loop
      vertex 42.473 -4 0.968029
      vertex 43.1235 -4 0.860538
      vertex 42.9185 -4 1.19502
    endloop
  endfacet
  facet normal 0 -1 0
    outer loop
      vertex 42.7189 -4 0.566645
      vertex 43.1235 -4 0.860538
      vertex 42.473 -4 0.968029
    endloop
  endfacet
  facet normal 0 -1 0
    outer loop
      vertex 42.7189 -4 0.566645
      vertex 43.3782 -4 0.562233
      vertex 43.1235 -4 0.860538
    endloop
  endfacet
  facet normal 0 -1 0
    outer loop
      vertex 43.0247 -4 0.20868
      vertex 43.3782 -4 0.562233
      vertex 42.7189 -4 0.566645
    endloop
  endfacet
  facet normal 0 -1 0
    outer loop
      vertex 43.269 -4 2.67029e-07
      vertex 43.3782 -4 0.562233
      vertex 43.0247 -4 0.20868
    endloop
  endfacet
  facet normal 0 -1 -0
    outer loop
      vertex 43.3782 -4 0.562233
      vertex 43.269 -4 2.67029e-07
      vertex 43.6765 -4 0.307458
    endloop
  endfacet
  facet normal 0 -1 -0
    outer loop
      vertex 43.6765 -4 0.307458
      vertex 43.269 -4 2.67029e-07
      vertex 44.011 -4 0.102484
    endloop
  endfacet
  facet normal 0 -1 -0
    outer loop
      vertex 44.011 -4 0.102484
      vertex 43.269 -4 2.67029e-07
      vertex 44.2584 -4 2.67029e-07
    endloop
  endfacet
  facet normal 0 -1 0
    outer loop
      vertex 45.9185 -4 4.70764
      vertex 46.0731 -4 5.18317
      vertex 45.5371 -4 4.79922
    endloop
  endfacet
  facet normal 0 -1 -0
    outer loop
      vertex 46.0731 -4 5.18317
      vertex 45.9185 -4 4.70764
      vertex 46.508 -4 5.00302
    endloop
  endfacet
  facet normal 0 -1 0
    outer loop
      vertex 46.281 -4 4.55752
      vertex 46.508 -4 5.00302
      vertex 45.9185 -4 4.70764
    endloop
  endfacet
  facet normal 0 -1 -0
    outer loop
      vertex 46.508 -4 5.00302
      vertex 46.281 -4 4.55752
      vertex 46.9094 -4 4.75705
    endloop
  endfacet
  facet normal 0 -1 0
    outer loop
      vertex 46.6155 -4 4.35254
      vertex 46.9094 -4 4.75705
      vertex 46.281 -4 4.55752
    endloop
  endfacet
  facet normal 0 -1 -0
    outer loop
      vertex 46.9094 -4 4.75705
      vertex 46.6155 -4 4.35254
      vertex 47.2673 -4 4.45132
    endloop
  endfacet
  facet normal 0 -1 0
    outer loop
      vertex 46.9138 -4 4.09777
      vertex 47.2673 -4 4.45132
      vertex 46.6155 -4 4.35254
    endloop
  endfacet
  facet normal 0 -1 0
    outer loop
      vertex 46.9138 -4 4.09777
      vertex 47.5731 -4 4.09336
      vertex 47.2673 -4 4.45132
    endloop
  endfacet
  facet normal 0 -1 0
    outer loop
      vertex 47.1685 -4 3.79946
      vertex 47.5731 -4 4.09336
      vertex 46.9138 -4 4.09777
    endloop
  endfacet
  facet normal 0 -1 0
    outer loop
      vertex 47.1685 -4 3.79946
      vertex 47.819 -4 3.69197
      vertex 47.5731 -4 4.09336
    endloop
  endfacet
  facet normal 0 -1 0
    outer loop
      vertex 47.3735 -4 3.46498
      vertex 47.819 -4 3.69197
      vertex 47.1685 -4 3.79946
    endloop
  endfacet
  facet normal 0 -1 0
    outer loop
      vertex 47.3735 -4 3.46498
      vertex 47.9992 -4 3.25705
      vertex 47.819 -4 3.69197
    endloop
  endfacet
  facet normal 0 -1 0
    outer loop
      vertex 47.5236 -4 3.10254
      vertex 47.9992 -4 3.25705
      vertex 47.3735 -4 3.46498
    endloop
  endfacet
  facet normal 0 -1 0
    outer loop
      vertex 47.5236 -4 3.10254
      vertex 48.1091 -4 2.7993
      vertex 47.9992 -4 3.25705
    endloop
  endfacet
  facet normal 0 -1 0
    outer loop
      vertex 47.6152 -4 2.72109
      vertex 48.1091 -4 2.7993
      vertex 47.5236 -4 3.10254
    endloop
  endfacet
  facet normal 0 -1 0
    outer loop
      vertex 47.646 -4 2.33
      vertex 48.1091 -4 2.7993
      vertex 47.6152 -4 2.72109
    endloop
  endfacet
  facet normal 0 -1 0
    outer loop
      vertex 47.646 -4 2.33
      vertex 48.146 -4 2.33
      vertex 48.1091 -4 2.7993
    endloop
  endfacet
  facet normal 0 -1 0
    outer loop
      vertex 47.6152 -4 1.93891
      vertex 48.146 -4 2.33
      vertex 47.646 -4 2.33
    endloop
  endfacet
  facet normal 0 -1 0
    outer loop
      vertex 47.6152 -4 1.93891
      vertex 48.1091 -4 1.8607
      vertex 48.146 -4 2.33
    endloop
  endfacet
  facet normal 0 -1 0
    outer loop
      vertex 47.5236 -4 1.55746
      vertex 48.1091 -4 1.8607
      vertex 47.6152 -4 1.93891
    endloop
  endfacet
  facet normal 0 -1 0
    outer loop
      vertex 47.5236 -4 1.55746
      vertex 47.9992 -4 1.40295
      vertex 48.1091 -4 1.8607
    endloop
  endfacet
  facet normal 0 -1 0
    outer loop
      vertex 47.3735 -4 1.19502
      vertex 47.9992 -4 1.40295
      vertex 47.5236 -4 1.55746
    endloop
  endfacet
  facet normal 0 -1 0
    outer loop
      vertex 47.3735 -4 1.19502
      vertex 47.819 -4 0.968029
      vertex 47.9992 -4 1.40295
    endloop
  endfacet
  facet normal 0 -1 0
    outer loop
      vertex 47.1685 -4 0.860538
      vertex 47.819 -4 0.968029
      vertex 47.3735 -4 1.19502
    endloop
  endfacet
  facet normal 0 -1 0
    outer loop
      vertex 47.1685 -4 0.860538
      vertex 47.5731 -4 0.566645
      vertex 47.819 -4 0.968029
    endloop
  endfacet
  facet normal 0 -1 0
    outer loop
      vertex 46.9138 -4 0.562233
      vertex 47.5731 -4 0.566645
      vertex 47.1685 -4 0.860538
    endloop
  endfacet
  facet normal 0 -1 0
    outer loop
      vertex 47.023 -4 2.67029e-07
      vertex 46.9138 -4 0.562233
      vertex 46.6155 -4 0.307458
    endloop
  endfacet
  facet normal 0 -1 0
    outer loop
      vertex 46.9138 -4 0.562233
      vertex 47.2673 -4 0.20868
      vertex 47.5731 -4 0.566645
    endloop
  endfacet
  facet normal 0 -1 0
    outer loop
      vertex 47.023 -4 2.67029e-07
      vertex 46.6155 -4 0.307458
      vertex 46.281 -4 0.102484
    endloop
  endfacet
  facet normal 0 -1 0
    outer loop
      vertex 47.023 -4 2.67029e-07
      vertex 46.281 -4 0.102484
      vertex 46.0336 -4 2.67029e-07
    endloop
  endfacet
  facet normal 0 -1 0
    outer loop
      vertex 46.9138 -4 0.562233
      vertex 47.023 -4 2.67029e-07
      vertex 47.2673 -4 0.20868
    endloop
  endfacet
  facet normal 0.923842 -0 0.382775
    outer loop
      vertex 47.819 -4 3.69197
      vertex 47.9992 0.00999928 3.25705
      vertex 47.819 0.00999928 3.69197
    endloop
  endfacet
  facet normal 0.923842 0 0.382775
    outer loop
      vertex 47.9992 0.00999928 3.25705
      vertex 47.819 -4 3.69197
      vertex 47.9992 -4 3.25705
    endloop
  endfacet
  facet normal -0.760329 0 0.649538
    outer loop
      vertex 42.7189 -4 4.09336
      vertex 43.0247 0.00999928 4.45132
      vertex 42.7189 0.00999928 4.09336
    endloop
  endfacet
  facet normal -0.760329 0 0.649538
    outer loop
      vertex 43.0247 0.00999928 4.45132
      vertex 42.7189 -4 4.09336
      vertex 43.0247 -4 4.45132
    endloop
  endfacet
  facet normal -0.649498 0 -0.760363
    outer loop
      vertex 43.0247 -4 0.20868
      vertex 43.269 0.00999928 2.67029e-07
      vertex 43.269 -4 2.67029e-07
    endloop
  endfacet
  facet normal -0.649498 0 -0.760363
    outer loop
      vertex 43.269 0.00999928 2.67029e-07
      vertex 43.0247 -4 0.20868
      vertex 43.0247 0.00999928 0.20868
    endloop
  endfacet
  facet normal 0.0784703 0 0.996916
    outer loop
      vertex 45.146 0.00999928 5.33
      vertex 45.6153 -4 5.29306
      vertex 45.6153 0.00999928 5.29306
    endloop
  endfacet
  facet normal 0.0784703 0 0.996916
    outer loop
      vertex 45.6153 -4 5.29306
      vertex 45.146 0.00999928 5.33
      vertex 45.146 -4 5.33
    endloop
  endfacet
  facet normal -0.649515 0 0.760349
    outer loop
      vertex 43.0247 0.00999928 4.45132
      vertex 43.3826 -4 4.75705
      vertex 43.3826 0.00999928 4.75705
    endloop
  endfacet
  facet normal -0.649515 0 0.760349
    outer loop
      vertex 43.3826 -4 4.75705
      vertex 43.0247 0.00999928 4.45132
      vertex 43.0247 -4 4.45132
    endloop
  endfacet
  facet normal 0.852708 -0 0.522387
    outer loop
      vertex 47.5731 -4 4.09336
      vertex 47.819 0.00999928 3.69197
      vertex 47.5731 0.00999928 4.09336
    endloop
  endfacet
  facet normal 0.852708 0 0.522387
    outer loop
      vertex 47.819 0.00999928 3.69197
      vertex 47.5731 -4 4.09336
      vertex 47.819 -4 3.69197
    endloop
  endfacet
  facet normal 0.852705 0 -0.522393
    outer loop
      vertex 47.819 -4 0.968029
      vertex 47.5731 0.00999928 0.566645
      vertex 47.819 0.00999928 0.968029
    endloop
  endfacet
  facet normal 0.852705 0 -0.522393
    outer loop
      vertex 47.5731 0.00999928 0.566645
      vertex 47.819 -4 0.968029
      vertex 47.5731 -4 0.566645
    endloop
  endfacet
  facet normal 0.760334 0 -0.649533
    outer loop
      vertex 47.5731 -4 0.566645
      vertex 47.2673 0.00999928 0.20868
      vertex 47.5731 0.00999928 0.566645
    endloop
  endfacet
  facet normal 0.760334 0 -0.649533
    outer loop
      vertex 47.2673 0.00999928 0.20868
      vertex 47.5731 -4 0.566645
      vertex 47.2673 -4 0.20868
    endloop
  endfacet
  facet normal -0.760334 0 -0.649533
    outer loop
      vertex 43.0247 -4 0.20868
      vertex 42.7189 0.00999928 0.566645
      vertex 43.0247 0.00999928 0.20868
    endloop
  endfacet
  facet normal -0.760334 -0 -0.649533
    outer loop
      vertex 42.7189 0.00999928 0.566645
      vertex 43.0247 -4 0.20868
      vertex 42.7189 -4 0.566645
    endloop
  endfacet
  facet normal -0.972368 0 -0.233453
    outer loop
      vertex 42.2928 -4 1.40295
      vertex 42.1829 0.00999928 1.8607
      vertex 42.2928 0.00999928 1.40295
    endloop
  endfacet
  facet normal -0.972368 -0 -0.233453
    outer loop
      vertex 42.1829 0.00999928 1.8607
      vertex 42.2928 -4 1.40295
      vertex 42.1829 -4 1.8607
    endloop
  endfacet
  facet normal -0.972368 0 0.233453
    outer loop
      vertex 42.1829 -4 2.7993
      vertex 42.2928 0.00999928 3.25705
      vertex 42.1829 0.00999928 2.7993
    endloop
  endfacet
  facet normal -0.972368 0 0.233453
    outer loop
      vertex 42.2928 0.00999928 3.25705
      vertex 42.1829 -4 2.7993
      vertex 42.2928 -4 3.25705
    endloop
  endfacet
  facet normal 0.233409 0 0.972379
    outer loop
      vertex 45.6153 0.00999928 5.29306
      vertex 46.0731 -4 5.18317
      vertex 46.0731 0.00999928 5.18317
    endloop
  endfacet
  facet normal 0.233409 0 0.972379
    outer loop
      vertex 46.0731 -4 5.18317
      vertex 45.6153 0.00999928 5.29306
      vertex 45.6153 -4 5.29306
    endloop
  endfacet
  facet normal 0.996923 -0 0.0783858
    outer loop
      vertex 48.1091 -4 2.7993
      vertex 48.146 0.00999928 2.33
      vertex 48.1091 0.00999928 2.7993
    endloop
  endfacet
  facet normal 0.996923 0 0.0783858
    outer loop
      vertex 48.146 0.00999928 2.33
      vertex 48.1091 -4 2.7993
      vertex 48.146 -4 2.33
    endloop
  endfacet
  facet normal 0.760329 -0 0.649538
    outer loop
      vertex 47.2673 -4 4.45132
      vertex 47.5731 0.00999928 4.09336
      vertex 47.2673 0.00999928 4.45132
    endloop
  endfacet
  facet normal 0.760329 0 0.649538
    outer loop
      vertex 47.5731 0.00999928 4.09336
      vertex 47.2673 -4 4.45132
      vertex 47.5731 -4 4.09336
    endloop
  endfacet
  facet normal -0.852708 0 0.522387
    outer loop
      vertex 42.473 -4 3.69197
      vertex 42.7189 0.00999928 4.09336
      vertex 42.473 0.00999928 3.69197
    endloop
  endfacet
  facet normal -0.852708 0 0.522387
    outer loop
      vertex 42.7189 0.00999928 4.09336
      vertex 42.473 -4 3.69197
      vertex 42.7189 -4 4.09336
    endloop
  endfacet
  facet normal -0.996923 0 0.0783858
    outer loop
      vertex 42.146 -4 2.33
      vertex 42.1829 0.00999928 2.7993
      vertex 42.146 0.00999928 2.33
    endloop
  endfacet
  facet normal -0.996923 0 0.0783858
    outer loop
      vertex 42.1829 0.00999928 2.7993
      vertex 42.146 -4 2.33
      vertex 42.1829 -4 2.7993
    endloop
  endfacet
  facet normal -0.0784703 0 0.996916
    outer loop
      vertex 44.6767 0.00999928 5.29306
      vertex 45.146 -4 5.33
      vertex 45.146 0.00999928 5.33
    endloop
  endfacet
  facet normal -0.0784703 0 0.996916
    outer loop
      vertex 45.146 -4 5.33
      vertex 44.6767 0.00999928 5.29306
      vertex 44.6767 -4 5.29306
    endloop
  endfacet
  facet normal -0.522486 0 0.852648
    outer loop
      vertex 43.3826 0.00999928 4.75705
      vertex 43.784 -4 5.00302
      vertex 43.784 0.00999928 5.00302
    endloop
  endfacet
  facet normal -0.522486 0 0.852648
    outer loop
      vertex 43.784 -4 5.00302
      vertex 43.3826 0.00999928 4.75705
      vertex 43.3826 -4 4.75705
    endloop
  endfacet
  facet normal 0 1 0
    outer loop
      vertex 45.6153 0.00999928 5.29306
      vertex 44.6767 0.00999928 5.29306
      vertex 45.146 0.00999928 5.33
    endloop
  endfacet
  facet normal 0 1 0
    outer loop
      vertex 46.0731 0.00999928 5.18317
      vertex 44.6767 0.00999928 5.29306
      vertex 45.6153 0.00999928 5.29306
    endloop
  endfacet
  facet normal 0 1 0
    outer loop
      vertex 46.0731 0.00999928 5.18317
      vertex 44.2189 0.00999928 5.18317
      vertex 44.6767 0.00999928 5.29306
    endloop
  endfacet
  facet normal 0 1 0
    outer loop
      vertex 46.508 0.00999928 5.00302
      vertex 44.2189 0.00999928 5.18317
      vertex 46.0731 0.00999928 5.18317
    endloop
  endfacet
  facet normal 0 1 0
    outer loop
      vertex 46.508 0.00999928 5.00302
      vertex 43.784 0.00999928 5.00302
      vertex 44.2189 0.00999928 5.18317
    endloop
  endfacet
  facet normal 0 1 0
    outer loop
      vertex 46.9094 0.00999928 4.75705
      vertex 43.784 0.00999928 5.00302
      vertex 46.508 0.00999928 5.00302
    endloop
  endfacet
  facet normal 0 1 0
    outer loop
      vertex 46.9094 0.00999928 4.75705
      vertex 43.3826 0.00999928 4.75705
      vertex 43.784 0.00999928 5.00302
    endloop
  endfacet
  facet normal 0 1 0
    outer loop
      vertex 47.2673 0.00999928 4.45132
      vertex 43.3826 0.00999928 4.75705
      vertex 46.9094 0.00999928 4.75705
    endloop
  endfacet
  facet normal 0 1 0
    outer loop
      vertex 47.2673 0.00999928 4.45132
      vertex 43.0247 0.00999928 4.45132
      vertex 43.3826 0.00999928 4.75705
    endloop
  endfacet
  facet normal 0 1 0
    outer loop
      vertex 47.5731 0.00999928 4.09336
      vertex 43.0247 0.00999928 4.45132
      vertex 47.2673 0.00999928 4.45132
    endloop
  endfacet
  facet normal 0 1 0
    outer loop
      vertex 47.5731 0.00999928 4.09336
      vertex 42.7189 0.00999928 4.09336
      vertex 43.0247 0.00999928 4.45132
    endloop
  endfacet
  facet normal 0 1 0
    outer loop
      vertex 47.819 0.00999928 3.69197
      vertex 42.7189 0.00999928 4.09336
      vertex 47.5731 0.00999928 4.09336
    endloop
  endfacet
  facet normal 0 1 0
    outer loop
      vertex 47.819 0.00999928 3.69197
      vertex 42.473 0.00999928 3.69197
      vertex 42.7189 0.00999928 4.09336
    endloop
  endfacet
  facet normal 0 1 0
    outer loop
      vertex 47.9992 0.00999928 3.25705
      vertex 42.473 0.00999928 3.69197
      vertex 47.819 0.00999928 3.69197
    endloop
  endfacet
  facet normal 0 1 0
    outer loop
      vertex 47.9992 0.00999928 3.25705
      vertex 42.2928 0.00999928 3.25705
      vertex 42.473 0.00999928 3.69197
    endloop
  endfacet
  facet normal 0 1 0
    outer loop
      vertex 48.1091 0.00999928 2.7993
      vertex 42.2928 0.00999928 3.25705
      vertex 47.9992 0.00999928 3.25705
    endloop
  endfacet
  facet normal 0 1 0
    outer loop
      vertex 48.1091 0.00999928 2.7993
      vertex 42.1829 0.00999928 2.7993
      vertex 42.2928 0.00999928 3.25705
    endloop
  endfacet
  facet normal 0 1 0
    outer loop
      vertex 48.146 0.00999928 2.33
      vertex 42.1829 0.00999928 2.7993
      vertex 48.1091 0.00999928 2.7993
    endloop
  endfacet
  facet normal 0 1 0
    outer loop
      vertex 48.146 0.00999928 2.33
      vertex 42.146 0.00999928 2.33
      vertex 42.1829 0.00999928 2.7993
    endloop
  endfacet
  facet normal 0 1 -0
    outer loop
      vertex 48.1091 0.00999928 1.8607
      vertex 42.146 0.00999928 2.33
      vertex 48.146 0.00999928 2.33
    endloop
  endfacet
  facet normal 0 1 0
    outer loop
      vertex 48.1091 0.00999928 1.8607
      vertex 42.1829 0.00999928 1.8607
      vertex 42.146 0.00999928 2.33
    endloop
  endfacet
  facet normal 0 1 -0
    outer loop
      vertex 47.9992 0.00999928 1.40295
      vertex 42.1829 0.00999928 1.8607
      vertex 48.1091 0.00999928 1.8607
    endloop
  endfacet
  facet normal 0 1 0
    outer loop
      vertex 47.9992 0.00999928 1.40295
      vertex 42.2928 0.00999928 1.40295
      vertex 42.1829 0.00999928 1.8607
    endloop
  endfacet
  facet normal 0 1 -0
    outer loop
      vertex 47.819 0.00999928 0.968029
      vertex 42.2928 0.00999928 1.40295
      vertex 47.9992 0.00999928 1.40295
    endloop
  endfacet
  facet normal 0 1 0
    outer loop
      vertex 47.819 0.00999928 0.968029
      vertex 42.473 0.00999928 0.968029
      vertex 42.2928 0.00999928 1.40295
    endloop
  endfacet
  facet normal 0 1 0
    outer loop
      vertex 47.023 0.00999928 2.67029e-07
      vertex 47.819 0.00999928 0.968029
      vertex 47.5731 0.00999928 0.566645
    endloop
  endfacet
  facet normal 0 1 0
    outer loop
      vertex 47.819 0.00999928 0.968029
      vertex 47.023 0.00999928 2.67029e-07
      vertex 42.473 0.00999928 0.968029
    endloop
  endfacet
  facet normal 0 1 0
    outer loop
      vertex 47.023 0.00999928 2.67029e-07
      vertex 47.5731 0.00999928 0.566645
      vertex 47.2673 0.00999928 0.20868
    endloop
  endfacet
  facet normal 0 1 -0
    outer loop
      vertex 43.269 0.00999928 2.67029e-07
      vertex 42.473 0.00999928 0.968029
      vertex 47.023 0.00999928 2.67029e-07
    endloop
  endfacet
  facet normal 0 1 0
    outer loop
      vertex 42.473 0.00999928 0.968029
      vertex 43.269 0.00999928 2.67029e-07
      vertex 42.7189 0.00999928 0.566645
    endloop
  endfacet
  facet normal 0 1 0
    outer loop
      vertex 42.7189 0.00999928 0.566645
      vertex 43.269 0.00999928 2.67029e-07
      vertex 43.0247 0.00999928 0.20868
    endloop
  endfacet
  facet normal -0.996923 0 -0.0783858
    outer loop
      vertex 42.1829 -4 1.8607
      vertex 42.146 0.00999928 2.33
      vertex 42.1829 0.00999928 1.8607
    endloop
  endfacet
  facet normal -0.996923 -0 -0.0783858
    outer loop
      vertex 42.146 0.00999928 2.33
      vertex 42.1829 -4 1.8607
      vertex 42.146 -4 2.33
    endloop
  endfacet
  facet normal -0.852705 0 -0.522393
    outer loop
      vertex 42.7189 -4 0.566645
      vertex 42.473 0.00999928 0.968029
      vertex 42.7189 0.00999928 0.566645
    endloop
  endfacet
  facet normal -0.852705 -0 -0.522393
    outer loop
      vertex 42.473 0.00999928 0.968029
      vertex 42.7189 -4 0.566645
      vertex 42.473 -4 0.968029
    endloop
  endfacet
  facet normal 0.649515 0 0.760349
    outer loop
      vertex 46.9094 0.00999928 4.75705
      vertex 47.2673 -4 4.45132
      vertex 47.2673 0.00999928 4.45132
    endloop
  endfacet
  facet normal 0.649515 0 0.760349
    outer loop
      vertex 47.2673 -4 4.45132
      vertex 46.9094 0.00999928 4.75705
      vertex 46.9094 -4 4.75705
    endloop
  endfacet
  facet normal 0.972357 0 -0.233498
    outer loop
      vertex 42.7684 -4 3.10254
      vertex 42.6768 -3.21 2.72109
      vertex 42.7684 -3.21 3.10254
    endloop
  endfacet
  facet normal 0.972357 0 -0.233498
    outer loop
      vertex 42.6768 -3.21 2.72109
      vertex 42.7684 -4 3.10254
      vertex 42.6768 -4 2.72109
    endloop
  endfacet
  facet normal -0.972357 0 0.233498
    outer loop
      vertex 47.5236 -4 1.55746
      vertex 47.6152 -3.21 1.93891
      vertex 47.5236 -3.21 1.55746
    endloop
  endfacet
  facet normal -0.972357 0 0.233498
    outer loop
      vertex 47.6152 -3.21 1.93891
      vertex 47.5236 -4 1.55746
      vertex 47.6152 -4 1.93891
    endloop
  endfacet
  facet normal -0.996913 0 0.0785112
    outer loop
      vertex 47.6152 -4 1.93891
      vertex 47.646 -3.21 2.33
      vertex 47.6152 -3.21 1.93891
    endloop
  endfacet
  facet normal -0.996913 0 0.0785112
    outer loop
      vertex 47.646 -3.21 2.33
      vertex 47.6152 -4 1.93891
      vertex 47.646 -4 2.33
    endloop
  endfacet
  facet normal -0.923904 0 0.382623
    outer loop
      vertex 47.3735 -4 1.19502
      vertex 47.5236 -3.21 1.55746
      vertex 47.3735 -3.21 1.19502
    endloop
  endfacet
  facet normal -0.923904 0 0.382623
    outer loop
      vertex 47.5236 -3.21 1.55746
      vertex 47.3735 -4 1.19502
      vertex 47.5236 -4 1.55746
    endloop
  endfacet
  facet normal -0.382613 0 -0.923909
    outer loop
      vertex 45.9185 -4 4.70764
      vertex 46.281 -3.21 4.55752
      vertex 46.281 -4 4.55752
    endloop
  endfacet
  facet normal -0.382613 0 -0.923909
    outer loop
      vertex 46.281 -3.21 4.55752
      vertex 45.9185 -4 4.70764
      vertex 45.9185 -3.21 4.70764
    endloop
  endfacet
  facet normal -0.852606 0 -0.522555
    outer loop
      vertex 47.3735 -4 3.46498
      vertex 47.1685 -3.21 3.79946
      vertex 47.3735 -3.21 3.46498
    endloop
  endfacet
  facet normal -0.852606 -0 -0.522555
    outer loop
      vertex 47.1685 -3.21 3.79946
      vertex 47.3735 -4 3.46498
      vertex 47.1685 -4 3.79946
    endloop
  endfacet
  facet normal 0.649452 0 0.760403
    outer loop
      vertex 43.3782 -3.21 0.562233
      vertex 43.6765 -4 0.307458
      vertex 43.6765 -3.21 0.307458
    endloop
  endfacet
  facet normal 0.649452 0 0.760403
    outer loop
      vertex 43.6765 -4 0.307458
      vertex 43.3782 -3.21 0.562233
      vertex 43.3782 -4 0.562233
    endloop
  endfacet
  facet normal 0.382707 0 0.92387
    outer loop
      vertex 44.011 -3.21 0.102484
      vertex 44.2584 -4 2.67029e-07
      vertex 44.2584 -3.21 2.67029e-07
    endloop
  endfacet
  facet normal 0.382707 0 0.92387
    outer loop
      vertex 44.2584 -4 2.67029e-07
      vertex 44.011 -3.21 0.102484
      vertex 44.011 -4 0.102484
    endloop
  endfacet
  facet normal -0.760508 0 -0.649329
    outer loop
      vertex 47.1685 -4 3.79946
      vertex 46.9138 -3.21 4.09777
      vertex 47.1685 -3.21 3.79946
    endloop
  endfacet
  facet normal -0.760508 -0 -0.649329
    outer loop
      vertex 46.9138 -3.21 4.09777
      vertex 47.1685 -4 3.79946
      vertex 46.9138 -4 4.09777
    endloop
  endfacet
  facet normal -0.996913 0 -0.0785112
    outer loop
      vertex 47.646 -4 2.33
      vertex 47.6152 -3.21 2.72109
      vertex 47.646 -3.21 2.33
    endloop
  endfacet
  facet normal -0.996913 -0 -0.0785112
    outer loop
      vertex 47.6152 -3.21 2.72109
      vertex 47.646 -4 2.33
      vertex 47.6152 -4 2.72109
    endloop
  endfacet
  facet normal -0.923904 0 -0.382623
    outer loop
      vertex 47.5236 -4 3.10254
      vertex 47.3735 -3.21 3.46498
      vertex 47.5236 -3.21 3.10254
    endloop
  endfacet
  facet normal -0.923904 -0 -0.382623
    outer loop
      vertex 47.3735 -3.21 3.46498
      vertex 47.5236 -4 3.10254
      vertex 47.3735 -4 3.46498
    endloop
  endfacet
  facet normal 0.923904 0 -0.382623
    outer loop
      vertex 42.9185 -4 3.46498
      vertex 42.7684 -3.21 3.10254
      vertex 42.9185 -3.21 3.46498
    endloop
  endfacet
  facet normal 0.923904 0 -0.382623
    outer loop
      vertex 42.7684 -3.21 3.10254
      vertex 42.9185 -4 3.46498
      vertex 42.7684 -4 3.10254
    endloop
  endfacet
  facet normal 0.996913 -0 0.0785112
    outer loop
      vertex 42.646 -4 2.33
      vertex 42.6768 -3.21 1.93891
      vertex 42.646 -3.21 2.33
    endloop
  endfacet
  facet normal 0.996913 0 0.0785112
    outer loop
      vertex 42.6768 -3.21 1.93891
      vertex 42.646 -4 2.33
      vertex 42.6768 -4 1.93891
    endloop
  endfacet
  facet normal 0.972357 -0 0.233498
    outer loop
      vertex 42.6768 -4 1.93891
      vertex 42.7684 -3.21 1.55746
      vertex 42.6768 -3.21 1.93891
    endloop
  endfacet
  facet normal 0.972357 0 0.233498
    outer loop
      vertex 42.7684 -3.21 1.55746
      vertex 42.6768 -4 1.93891
      vertex 42.7684 -4 1.55746
    endloop
  endfacet
  facet normal 0.760508 0 -0.649329
    outer loop
      vertex 43.3782 -4 4.09777
      vertex 43.1235 -3.21 3.79946
      vertex 43.3782 -3.21 4.09777
    endloop
  endfacet
  facet normal 0.760508 0 -0.649329
    outer loop
      vertex 43.1235 -3.21 3.79946
      vertex 43.3782 -4 4.09777
      vertex 43.1235 -4 3.79946
    endloop
  endfacet
  facet normal 0.233479 0 -0.972362
    outer loop
      vertex 44.3735 -4 4.70764
      vertex 44.7549 -3.21 4.79922
      vertex 44.7549 -4 4.79922
    endloop
  endfacet
  facet normal 0.233479 0 -0.972362
    outer loop
      vertex 44.7549 -3.21 4.79922
      vertex 44.3735 -4 4.70764
      vertex 44.3735 -3.21 4.70764
    endloop
  endfacet
  facet normal 0.649445 0 -0.760409
    outer loop
      vertex 43.3782 -4 4.09777
      vertex 43.6765 -3.21 4.35254
      vertex 43.6765 -4 4.35254
    endloop
  endfacet
  facet normal 0.649445 0 -0.760409
    outer loop
      vertex 43.6765 -3.21 4.35254
      vertex 43.3782 -4 4.09777
      vertex 43.3782 -3.21 4.09777
    endloop
  endfacet
  facet normal -0.852607 0 0.522553
    outer loop
      vertex 47.1685 -4 0.860538
      vertex 47.3735 -3.21 1.19502
      vertex 47.1685 -3.21 0.860538
    endloop
  endfacet
  facet normal -0.852607 0 0.522553
    outer loop
      vertex 47.3735 -3.21 1.19502
      vertex 47.1685 -4 0.860538
      vertex 47.3735 -4 1.19502
    endloop
  endfacet
  facet normal 0.923904 -0 0.382623
    outer loop
      vertex 42.7684 -4 1.55746
      vertex 42.9185 -3.21 1.19502
      vertex 42.7684 -3.21 1.55746
    endloop
  endfacet
  facet normal 0.923904 0 0.382623
    outer loop
      vertex 42.9185 -3.21 1.19502
      vertex 42.7684 -4 1.55746
      vertex 42.9185 -4 1.19502
    endloop
  endfacet
  facet normal 0.522484 0 0.852649
    outer loop
      vertex 43.6765 -3.21 0.307458
      vertex 44.011 -4 0.102484
      vertex 44.011 -3.21 0.102484
    endloop
  endfacet
  facet normal 0.522484 0 0.852649
    outer loop
      vertex 44.011 -4 0.102484
      vertex 43.6765 -3.21 0.307458
      vertex 43.6765 -4 0.307458
    endloop
  endfacet
  facet normal 0.0784585 0 -0.996917
    outer loop
      vertex 44.7549 -4 4.79922
      vertex 45.146 -3.21 4.83
      vertex 45.146 -4 4.83
    endloop
  endfacet
  facet normal 0.0784585 0 -0.996917
    outer loop
      vertex 45.146 -3.21 4.83
      vertex 44.7549 -4 4.79922
      vertex 44.7549 -3.21 4.79922
    endloop
  endfacet
  facet normal -0.522484 0 0.852649
    outer loop
      vertex 46.281 -3.21 0.102484
      vertex 46.6155 -4 0.307458
      vertex 46.6155 -3.21 0.307458
    endloop
  endfacet
  facet normal -0.522484 0 0.852649
    outer loop
      vertex 46.6155 -4 0.307458
      vertex 46.281 -3.21 0.102484
      vertex 46.281 -4 0.102484
    endloop
  endfacet
  facet normal -0.522495 0 -0.852642
    outer loop
      vertex 46.281 -4 4.55752
      vertex 46.6155 -3.21 4.35254
      vertex 46.6155 -4 4.35254
    endloop
  endfacet
  facet normal -0.522495 0 -0.852642
    outer loop
      vertex 46.6155 -3.21 4.35254
      vertex 46.281 -4 4.55752
      vertex 46.281 -3.21 4.55752
    endloop
  endfacet
  facet normal 0.760502 -0 0.649335
    outer loop
      vertex 43.1235 -4 0.860538
      vertex 43.3782 -3.21 0.562233
      vertex 43.1235 -3.21 0.860538
    endloop
  endfacet
  facet normal 0.760502 0 0.649335
    outer loop
      vertex 43.3782 -3.21 0.562233
      vertex 43.1235 -4 0.860538
      vertex 43.3782 -4 0.562233
    endloop
  endfacet
  facet normal 0.522495 0 -0.852642
    outer loop
      vertex 43.6765 -4 4.35254
      vertex 44.011 -3.21 4.55752
      vertex 44.011 -4 4.55752
    endloop
  endfacet
  facet normal 0.522495 0 -0.852642
    outer loop
      vertex 44.011 -3.21 4.55752
      vertex 43.6765 -4 4.35254
      vertex 43.6765 -3.21 4.35254
    endloop
  endfacet
  facet normal -0.760502 0 0.649335
    outer loop
      vertex 46.9138 -4 0.562233
      vertex 47.1685 -3.21 0.860538
      vertex 46.9138 -3.21 0.562233
    endloop
  endfacet
  facet normal -0.760502 0 0.649335
    outer loop
      vertex 47.1685 -3.21 0.860538
      vertex 46.9138 -4 0.562233
      vertex 47.1685 -4 0.860538
    endloop
  endfacet
  facet normal -0.649452 0 0.760403
    outer loop
      vertex 46.6155 -3.21 0.307458
      vertex 46.9138 -4 0.562233
      vertex 46.9138 -3.21 0.562233
    endloop
  endfacet
  facet normal -0.649452 0 0.760403
    outer loop
      vertex 46.9138 -4 0.562233
      vertex 46.6155 -3.21 0.307458
      vertex 46.6155 -4 0.307458
    endloop
  endfacet
  facet normal -0.0784585 0 -0.996917
    outer loop
      vertex 45.146 -4 4.83
      vertex 45.5371 -3.21 4.79922
      vertex 45.5371 -4 4.79922
    endloop
  endfacet
  facet normal -0.0784585 0 -0.996917
    outer loop
      vertex 45.5371 -3.21 4.79922
      vertex 45.146 -4 4.83
      vertex 45.146 -3.21 4.83
    endloop
  endfacet
  facet normal 0.382613 0 -0.923909
    outer loop
      vertex 44.011 -4 4.55752
      vertex 44.3735 -3.21 4.70764
      vertex 44.3735 -4 4.70764
    endloop
  endfacet
  facet normal 0.382613 0 -0.923909
    outer loop
      vertex 44.3735 -3.21 4.70764
      vertex 44.011 -4 4.55752
      vertex 44.011 -3.21 4.55752
    endloop
  endfacet
  facet normal 0.852606 0 -0.522555
    outer loop
      vertex 43.1235 -4 3.79946
      vertex 42.9185 -3.21 3.46498
      vertex 43.1235 -3.21 3.79946
    endloop
  endfacet
  facet normal 0.852606 0 -0.522555
    outer loop
      vertex 42.9185 -3.21 3.46498
      vertex 43.1235 -4 3.79946
      vertex 42.9185 -4 3.46498
    endloop
  endfacet
  facet normal -0.233479 0 -0.972362
    outer loop
      vertex 45.5371 -4 4.79922
      vertex 45.9185 -3.21 4.70764
      vertex 45.9185 -4 4.70764
    endloop
  endfacet
  facet normal -0.233479 0 -0.972362
    outer loop
      vertex 45.9185 -3.21 4.70764
      vertex 45.5371 -4 4.79922
      vertex 45.5371 -3.21 4.79922
    endloop
  endfacet
  facet normal -0.649445 0 -0.760409
    outer loop
      vertex 46.6155 -4 4.35254
      vertex 46.9138 -3.21 4.09777
      vertex 46.9138 -4 4.09777
    endloop
  endfacet
  facet normal -0.649445 0 -0.760409
    outer loop
      vertex 46.9138 -3.21 4.09777
      vertex 46.6155 -4 4.35254
      vertex 46.6155 -3.21 4.35254
    endloop
  endfacet
  facet normal 0.996913 0 -0.0785112
    outer loop
      vertex 42.6768 -4 2.72109
      vertex 42.646 -3.21 2.33
      vertex 42.6768 -3.21 2.72109
    endloop
  endfacet
  facet normal 0.996913 0 -0.0785112
    outer loop
      vertex 42.646 -3.21 2.33
      vertex 42.6768 -4 2.72109
      vertex 42.646 -4 2.33
    endloop
  endfacet
  facet normal -0.972357 0 -0.233498
    outer loop
      vertex 47.6152 -4 2.72109
      vertex 47.5236 -3.21 3.10254
      vertex 47.6152 -3.21 2.72109
    endloop
  endfacet
  facet normal -0.972357 -0 -0.233498
    outer loop
      vertex 47.5236 -3.21 3.10254
      vertex 47.6152 -4 2.72109
      vertex 47.5236 -4 3.10254
    endloop
  endfacet
  facet normal -0.382707 0 0.92387
    outer loop
      vertex 46.0336 -3.21 2.67029e-07
      vertex 46.281 -4 0.102484
      vertex 46.281 -3.21 0.102484
    endloop
  endfacet
  facet normal -0.382707 0 0.92387
    outer loop
      vertex 46.281 -4 0.102484
      vertex 46.0336 -3.21 2.67029e-07
      vertex 46.0336 -4 2.67029e-07
    endloop
  endfacet
  facet normal 0 -1 0
    outer loop
      vertex 44.7549 -3.21 4.79922
      vertex 45.5371 -3.21 4.79922
      vertex 45.146 -3.21 4.83
    endloop
  endfacet
  facet normal 0 -1 0
    outer loop
      vertex 44.3735 -3.21 4.70764
      vertex 45.5371 -3.21 4.79922
      vertex 44.7549 -3.21 4.79922
    endloop
  endfacet
  facet normal 0 -1 0
    outer loop
      vertex 44.3735 -3.21 4.70764
      vertex 45.9185 -3.21 4.70764
      vertex 45.5371 -3.21 4.79922
    endloop
  endfacet
  facet normal 0 -1 0
    outer loop
      vertex 44.011 -3.21 4.55752
      vertex 45.9185 -3.21 4.70764
      vertex 44.3735 -3.21 4.70764
    endloop
  endfacet
  facet normal 0 -1 0
    outer loop
      vertex 44.011 -3.21 4.55752
      vertex 46.281 -3.21 4.55752
      vertex 45.9185 -3.21 4.70764
    endloop
  endfacet
  facet normal 0 -1 0
    outer loop
      vertex 43.6765 -3.21 4.35254
      vertex 46.281 -3.21 4.55752
      vertex 44.011 -3.21 4.55752
    endloop
  endfacet
  facet normal 0 -1 0
    outer loop
      vertex 43.6765 -3.21 4.35254
      vertex 46.6155 -3.21 4.35254
      vertex 46.281 -3.21 4.55752
    endloop
  endfacet
  facet normal 0 -1 0
    outer loop
      vertex 43.3782 -3.21 4.09777
      vertex 46.6155 -3.21 4.35254
      vertex 43.6765 -3.21 4.35254
    endloop
  endfacet
  facet normal 0 -1 0
    outer loop
      vertex 43.3782 -3.21 4.09777
      vertex 46.9138 -3.21 4.09777
      vertex 46.6155 -3.21 4.35254
    endloop
  endfacet
  facet normal 0 -1 0
    outer loop
      vertex 43.1235 -3.21 3.79946
      vertex 46.9138 -3.21 4.09777
      vertex 43.3782 -3.21 4.09777
    endloop
  endfacet
  facet normal 0 -1 0
    outer loop
      vertex 43.1235 -3.21 3.79946
      vertex 47.1685 -3.21 3.79946
      vertex 46.9138 -3.21 4.09777
    endloop
  endfacet
  facet normal 0 -1 0
    outer loop
      vertex 42.9185 -3.21 3.46498
      vertex 47.1685 -3.21 3.79946
      vertex 43.1235 -3.21 3.79946
    endloop
  endfacet
  facet normal 0 -1 0
    outer loop
      vertex 42.9185 -3.21 3.46498
      vertex 47.3735 -3.21 3.46498
      vertex 47.1685 -3.21 3.79946
    endloop
  endfacet
  facet normal 0 -1 0
    outer loop
      vertex 42.7684 -3.21 3.10254
      vertex 47.3735 -3.21 3.46498
      vertex 42.9185 -3.21 3.46498
    endloop
  endfacet
  facet normal 0 -1 0
    outer loop
      vertex 42.7684 -3.21 3.10254
      vertex 47.5236 -3.21 3.10254
      vertex 47.3735 -3.21 3.46498
    endloop
  endfacet
  facet normal 0 -1 0
    outer loop
      vertex 42.6768 -3.21 2.72109
      vertex 47.5236 -3.21 3.10254
      vertex 42.7684 -3.21 3.10254
    endloop
  endfacet
  facet normal 0 -1 0
    outer loop
      vertex 42.6768 -3.21 2.72109
      vertex 47.6152 -3.21 2.72109
      vertex 47.5236 -3.21 3.10254
    endloop
  endfacet
  facet normal 0 -1 0
    outer loop
      vertex 42.646 -3.21 2.33
      vertex 47.6152 -3.21 2.72109
      vertex 42.6768 -3.21 2.72109
    endloop
  endfacet
  facet normal 0 -1 0
    outer loop
      vertex 42.646 -3.21 2.33
      vertex 47.646 -3.21 2.33
      vertex 47.6152 -3.21 2.72109
    endloop
  endfacet
  facet normal 0 -1 0
    outer loop
      vertex 42.6768 -3.21 1.93891
      vertex 47.646 -3.21 2.33
      vertex 42.646 -3.21 2.33
    endloop
  endfacet
  facet normal 0 -1 0
    outer loop
      vertex 42.6768 -3.21 1.93891
      vertex 47.6152 -3.21 1.93891
      vertex 47.646 -3.21 2.33
    endloop
  endfacet
  facet normal 0 -1 0
    outer loop
      vertex 42.7684 -3.21 1.55746
      vertex 47.6152 -3.21 1.93891
      vertex 42.6768 -3.21 1.93891
    endloop
  endfacet
  facet normal 0 -1 0
    outer loop
      vertex 42.7684 -3.21 1.55746
      vertex 47.5236 -3.21 1.55746
      vertex 47.6152 -3.21 1.93891
    endloop
  endfacet
  facet normal 0 -1 0
    outer loop
      vertex 42.9185 -3.21 1.19502
      vertex 47.5236 -3.21 1.55746
      vertex 42.7684 -3.21 1.55746
    endloop
  endfacet
  facet normal 0 -1 0
    outer loop
      vertex 42.9185 -3.21 1.19502
      vertex 47.3735 -3.21 1.19502
      vertex 47.5236 -3.21 1.55746
    endloop
  endfacet
  facet normal 0 -1 0
    outer loop
      vertex 43.1235 -3.21 0.860538
      vertex 47.3735 -3.21 1.19502
      vertex 42.9185 -3.21 1.19502
    endloop
  endfacet
  facet normal 0 -1 0
    outer loop
      vertex 43.1235 -3.21 0.860538
      vertex 47.1685 -3.21 0.860538
      vertex 47.3735 -3.21 1.19502
    endloop
  endfacet
  facet normal 0 -1 0
    outer loop
      vertex 43.3782 -3.21 0.562233
      vertex 47.1685 -3.21 0.860538
      vertex 43.1235 -3.21 0.860538
    endloop
  endfacet
  facet normal 0 -1 0
    outer loop
      vertex 43.3782 -3.21 0.562233
      vertex 46.9138 -3.21 0.562233
      vertex 47.1685 -3.21 0.860538
    endloop
  endfacet
  facet normal 0 -1 0
    outer loop
      vertex 44.2584 -3.21 2.67029e-07
      vertex 43.3782 -3.21 0.562233
      vertex 43.6765 -3.21 0.307458
    endloop
  endfacet
  facet normal 0 -1 0
    outer loop
      vertex 43.3782 -3.21 0.562233
      vertex 44.2584 -3.21 2.67029e-07
      vertex 46.9138 -3.21 0.562233
    endloop
  endfacet
  facet normal 0 -1 0
    outer loop
      vertex 44.2584 -3.21 2.67029e-07
      vertex 43.6765 -3.21 0.307458
      vertex 44.011 -3.21 0.102484
    endloop
  endfacet
  facet normal 0 -1 0
    outer loop
      vertex 46.0336 -3.21 2.67029e-07
      vertex 46.9138 -3.21 0.562233
      vertex 44.2584 -3.21 2.67029e-07
    endloop
  endfacet
  facet normal 0 -1 0
    outer loop
      vertex 46.9138 -3.21 0.562233
      vertex 46.0336 -3.21 2.67029e-07
      vertex 46.6155 -3.21 0.307458
    endloop
  endfacet
  facet normal 0 -1 0
    outer loop
      vertex 46.6155 -3.21 0.307458
      vertex 46.0336 -3.21 2.67029e-07
      vertex 46.281 -3.21 0.102484
    endloop
  endfacet
  facet normal 0.852607 -0 0.522553
    outer loop
      vertex 42.9185 -4 1.19502
      vertex 43.1235 -3.21 0.860538
      vertex 42.9185 -3.21 1.19502
    endloop
  endfacet
  facet normal 0.852607 0 0.522553
    outer loop
      vertex 43.1235 -3.21 0.860538
      vertex 42.9185 -4 1.19502
      vertex 43.1235 -4 0.860538
    endloop
  endfacet
  facet normal 0.382734 0.923859 -0
    outer loop
      vertex -49.3014 3.90628 2.67029e-07
      vertex -49.4681 3.97534 5.74
      vertex -49.3014 3.90628 5.74
    endloop
  endfacet
  facet normal 0.382734 0.923859 0
    outer loop
      vertex -49.4681 3.97534 5.74
      vertex -49.3014 3.90628 2.67029e-07
      vertex -49.4681 3.97534 2.67029e-07
    endloop
  endfacet
  facet normal 0.923993 0.382411 0
    outer loop
      vertex -49.9707 4.47791 5.74
      vertex -50.0397 4.64463 2.67029e-07
      vertex -50.0397 4.64463 5.74
    endloop
  endfacet
  facet normal 0.923993 0.382411 0
    outer loop
      vertex -50.0397 4.64463 2.67029e-07
      vertex -49.9707 4.47791 5.74
      vertex -49.9707 4.47791 2.67029e-07
    endloop
  endfacet
  facet normal -0.760398 -0.649458 0
    outer loop
      vertex -48.0156 5.67595 2.67029e-07
      vertex -48.1328 5.81317 5.74
      vertex -48.1328 5.81317 2.67029e-07
    endloop
  endfacet
  facet normal -0.760398 -0.649458 0
    outer loop
      vertex -48.1328 5.81317 5.74
      vertex -48.0156 5.67595 2.67029e-07
      vertex -48.0156 5.67595 5.74
    endloop
  endfacet
  facet normal 0.972403 0.233306 0
    outer loop
      vertex -50.0397 4.64463 5.74
      vertex -50.0818 4.8201 2.67029e-07
      vertex -50.0818 4.8201 5.74
    endloop
  endfacet
  facet normal 0.972403 0.233306 0
    outer loop
      vertex -50.0818 4.8201 2.67029e-07
      vertex -50.0397 4.64463 5.74
      vertex -50.0397 4.64463 2.67029e-07
    endloop
  endfacet
  facet normal -0.996899 -0.078688 0
    outer loop
      vertex -47.796 5 2.67029e-07
      vertex -47.8102 5.1799 5.74
      vertex -47.8102 5.1799 2.67029e-07
    endloop
  endfacet
  facet normal -0.996899 -0.078688 0
    outer loop
      vertex -47.8102 5.1799 5.74
      vertex -47.796 5 2.67029e-07
      vertex -47.796 5 5.74
    endloop
  endfacet
  facet normal -0.852604 -0.522557 0
    outer loop
      vertex -47.9213 5.52209 2.67029e-07
      vertex -48.0156 5.67595 5.74
      vertex -48.0156 5.67595 2.67029e-07
    endloop
  endfacet
  facet normal -0.852604 -0.522557 0
    outer loop
      vertex -48.0156 5.67595 5.74
      vertex -47.9213 5.52209 2.67029e-07
      vertex -47.9213 5.52209 5.74
    endloop
  endfacet
  facet normal -0.852604 0.522557 0
    outer loop
      vertex -48.0156 4.32405 2.67029e-07
      vertex -47.9213 4.47791 5.74
      vertex -47.9213 4.47791 2.67029e-07
    endloop
  endfacet
  facet normal -0.852604 0.522557 0
    outer loop
      vertex -47.9213 4.47791 5.74
      vertex -48.0156 4.32405 2.67029e-07
      vertex -48.0156 4.32405 5.74
    endloop
  endfacet
  facet normal 0.923993 -0.382411 0
    outer loop
      vertex -50.0397 5.35537 5.74
      vertex -49.9707 5.52209 2.67029e-07
      vertex -49.9707 5.52209 5.74
    endloop
  endfacet
  facet normal 0.923993 -0.382411 0
    outer loop
      vertex -49.9707 5.52209 2.67029e-07
      vertex -50.0397 5.35537 5.74
      vertex -50.0397 5.35537 2.67029e-07
    endloop
  endfacet
  facet normal -0.996899 0.078688 0
    outer loop
      vertex -47.8102 4.8201 2.67029e-07
      vertex -47.796 5 5.74
      vertex -47.796 5 2.67029e-07
    endloop
  endfacet
  facet normal -0.996899 0.078688 0
    outer loop
      vertex -47.796 5 5.74
      vertex -47.8102 4.8201 2.67029e-07
      vertex -47.8102 4.8201 5.74
    endloop
  endfacet
  facet normal 0.996899 -0.078688 0
    outer loop
      vertex -50.096 5 5.74
      vertex -50.0818 5.1799 2.67029e-07
      vertex -50.0818 5.1799 5.74
    endloop
  endfacet
  facet normal 0.996899 -0.078688 0
    outer loop
      vertex -50.0818 5.1799 2.67029e-07
      vertex -50.096 5 5.74
      vertex -50.096 5 2.67029e-07
    endloop
  endfacet
  facet normal -0.233425 -0.972375 0
    outer loop
      vertex -48.7661 6.13584 2.67029e-07
      vertex -48.5906 6.09371 5.74
      vertex -48.7661 6.13584 5.74
    endloop
  endfacet
  facet normal -0.233425 -0.972375 -0
    outer loop
      vertex -48.5906 6.09371 5.74
      vertex -48.7661 6.13584 2.67029e-07
      vertex -48.5906 6.09371 2.67029e-07
    endloop
  endfacet
  facet normal -0.972403 0.233306 0
    outer loop
      vertex -47.8523 4.64463 2.67029e-07
      vertex -47.8102 4.8201 5.74
      vertex -47.8102 4.8201 2.67029e-07
    endloop
  endfacet
  facet normal -0.972403 0.233306 0
    outer loop
      vertex -47.8102 4.8201 5.74
      vertex -47.8523 4.64463 2.67029e-07
      vertex -47.8523 4.64463 5.74
    endloop
  endfacet
  facet normal 0.233373 0.972387 -0
    outer loop
      vertex -49.1259 3.86416 2.67029e-07
      vertex -49.3014 3.90628 5.74
      vertex -49.1259 3.86416 5.74
    endloop
  endfacet
  facet normal 0.233373 0.972387 0
    outer loop
      vertex -49.3014 3.90628 5.74
      vertex -49.1259 3.86416 2.67029e-07
      vertex -49.3014 3.90628 2.67029e-07
    endloop
  endfacet
  facet normal -0.923993 0.382411 0
    outer loop
      vertex -47.9213 4.47791 2.67029e-07
      vertex -47.8523 4.64463 5.74
      vertex -47.8523 4.64463 2.67029e-07
    endloop
  endfacet
  facet normal -0.923993 0.382411 0
    outer loop
      vertex -47.8523 4.64463 5.74
      vertex -47.9213 4.47791 2.67029e-07
      vertex -47.9213 4.47791 5.74
    endloop
  endfacet
  facet normal -0.522418 0.85269 0
    outer loop
      vertex -48.27 4.06963 2.67029e-07
      vertex -48.4239 3.97534 5.74
      vertex -48.27 4.06963 5.74
    endloop
  endfacet
  facet normal -0.522418 0.85269 0
    outer loop
      vertex -48.4239 3.97534 5.74
      vertex -48.27 4.06963 2.67029e-07
      vertex -48.4239 3.97534 2.67029e-07
    endloop
  endfacet
  facet normal -0.233373 0.972387 0
    outer loop
      vertex -48.5906 3.90628 2.67029e-07
      vertex -48.7661 3.86416 5.74
      vertex -48.5906 3.90628 5.74
    endloop
  endfacet
  facet normal -0.233373 0.972387 0
    outer loop
      vertex -48.7661 3.86416 5.74
      vertex -48.5906 3.90628 2.67029e-07
      vertex -48.7661 3.86416 2.67029e-07
    endloop
  endfacet
  facet normal 0.522418 0.85269 -0
    outer loop
      vertex -49.4681 3.97534 2.67029e-07
      vertex -49.622 4.06963 5.74
      vertex -49.4681 3.97534 5.74
    endloop
  endfacet
  facet normal 0.522418 0.85269 0
    outer loop
      vertex -49.622 4.06963 5.74
      vertex -49.4681 3.97534 2.67029e-07
      vertex -49.622 4.06963 2.67029e-07
    endloop
  endfacet
  facet normal 0.760398 0.649458 0
    outer loop
      vertex -49.7592 4.18683 5.74
      vertex -49.8764 4.32405 2.67029e-07
      vertex -49.8764 4.32405 5.74
    endloop
  endfacet
  facet normal 0.760398 0.649458 0
    outer loop
      vertex -49.8764 4.32405 2.67029e-07
      vertex -49.7592 4.18683 5.74
      vertex -49.7592 4.18683 2.67029e-07
    endloop
  endfacet
  facet normal -0.649513 0.760351 0
    outer loop
      vertex -48.1328 4.18683 2.67029e-07
      vertex -48.27 4.06963 5.74
      vertex -48.1328 4.18683 5.74
    endloop
  endfacet
  facet normal -0.649513 0.760351 0
    outer loop
      vertex -48.27 4.06963 5.74
      vertex -48.1328 4.18683 2.67029e-07
      vertex -48.27 4.06963 2.67029e-07
    endloop
  endfacet
  facet normal -0.522418 -0.85269 0
    outer loop
      vertex -48.4239 6.02466 2.67029e-07
      vertex -48.27 5.93037 5.74
      vertex -48.4239 6.02466 5.74
    endloop
  endfacet
  facet normal -0.522418 -0.85269 -0
    outer loop
      vertex -48.27 5.93037 5.74
      vertex -48.4239 6.02466 2.67029e-07
      vertex -48.27 5.93037 2.67029e-07
    endloop
  endfacet
  facet normal 0.852604 -0.522557 0
    outer loop
      vertex -49.9707 5.52209 5.74
      vertex -49.8764 5.67595 2.67029e-07
      vertex -49.8764 5.67595 5.74
    endloop
  endfacet
  facet normal 0.852604 -0.522557 0
    outer loop
      vertex -49.8764 5.67595 2.67029e-07
      vertex -49.9707 5.52209 5.74
      vertex -49.9707 5.52209 2.67029e-07
    endloop
  endfacet
  facet normal -0.0784677 -0.996917 0
    outer loop
      vertex -48.946 6.15 2.67029e-07
      vertex -48.7661 6.13584 5.74
      vertex -48.946 6.15 5.74
    endloop
  endfacet
  facet normal -0.0784677 -0.996917 -0
    outer loop
      vertex -48.7661 6.13584 5.74
      vertex -48.946 6.15 2.67029e-07
      vertex -48.7661 6.13584 2.67029e-07
    endloop
  endfacet
  facet normal -0.760398 0.649458 0
    outer loop
      vertex -48.1328 4.18683 2.67029e-07
      vertex -48.0156 4.32405 5.74
      vertex -48.0156 4.32405 2.67029e-07
    endloop
  endfacet
  facet normal -0.760398 0.649458 0
    outer loop
      vertex -48.0156 4.32405 5.74
      vertex -48.1328 4.18683 2.67029e-07
      vertex -48.1328 4.18683 5.74
    endloop
  endfacet
  facet normal 0.996899 0.078688 0
    outer loop
      vertex -50.0818 4.8201 5.74
      vertex -50.096 5 2.67029e-07
      vertex -50.096 5 5.74
    endloop
  endfacet
  facet normal 0.996899 0.078688 0
    outer loop
      vertex -50.096 5 2.67029e-07
      vertex -50.0818 4.8201 5.74
      vertex -50.0818 4.8201 2.67029e-07
    endloop
  endfacet
  facet normal -0.382734 0.923859 0
    outer loop
      vertex -48.4239 3.97534 2.67029e-07
      vertex -48.5906 3.90628 5.74
      vertex -48.4239 3.97534 5.74
    endloop
  endfacet
  facet normal -0.382734 0.923859 0
    outer loop
      vertex -48.5906 3.90628 5.74
      vertex -48.4239 3.97534 2.67029e-07
      vertex -48.5906 3.90628 2.67029e-07
    endloop
  endfacet
  facet normal 0.522418 -0.85269 0
    outer loop
      vertex -49.622 5.93037 2.67029e-07
      vertex -49.4681 6.02466 5.74
      vertex -49.622 5.93037 5.74
    endloop
  endfacet
  facet normal 0.522418 -0.85269 0
    outer loop
      vertex -49.4681 6.02466 5.74
      vertex -49.622 5.93037 2.67029e-07
      vertex -49.4681 6.02466 2.67029e-07
    endloop
  endfacet
  facet normal 0.382686 -0.923878 0
    outer loop
      vertex -49.4681 6.02466 2.67029e-07
      vertex -49.3014 6.09371 5.74
      vertex -49.4681 6.02466 5.74
    endloop
  endfacet
  facet normal 0.382686 -0.923878 0
    outer loop
      vertex -49.3014 6.09371 5.74
      vertex -49.4681 6.02466 2.67029e-07
      vertex -49.3014 6.09371 2.67029e-07
    endloop
  endfacet
  facet normal 0.649513 0.760351 -0
    outer loop
      vertex -49.622 4.06963 2.67029e-07
      vertex -49.7592 4.18683 5.74
      vertex -49.622 4.06963 5.74
    endloop
  endfacet
  facet normal 0.649513 0.760351 0
    outer loop
      vertex -49.7592 4.18683 5.74
      vertex -49.622 4.06963 2.67029e-07
      vertex -49.7592 4.18683 2.67029e-07
    endloop
  endfacet
  facet normal 0.852604 0.522557 0
    outer loop
      vertex -49.8764 4.32405 5.74
      vertex -49.9707 4.47791 2.67029e-07
      vertex -49.9707 4.47791 5.74
    endloop
  endfacet
  facet normal 0.852604 0.522557 0
    outer loop
      vertex -49.9707 4.47791 2.67029e-07
      vertex -49.8764 4.32405 5.74
      vertex -49.8764 4.32405 2.67029e-07
    endloop
  endfacet
  facet normal -0.923993 -0.382411 0
    outer loop
      vertex -47.8523 5.35537 2.67029e-07
      vertex -47.9213 5.52209 5.74
      vertex -47.9213 5.52209 2.67029e-07
    endloop
  endfacet
  facet normal -0.923993 -0.382411 0
    outer loop
      vertex -47.9213 5.52209 5.74
      vertex -47.8523 5.35537 2.67029e-07
      vertex -47.8523 5.35537 5.74
    endloop
  endfacet
  facet normal -0.382686 -0.923878 0
    outer loop
      vertex -48.5906 6.09371 2.67029e-07
      vertex -48.4239 6.02466 5.74
      vertex -48.5906 6.09371 5.74
    endloop
  endfacet
  facet normal -0.382686 -0.923878 -0
    outer loop
      vertex -48.4239 6.02466 5.74
      vertex -48.5906 6.09371 2.67029e-07
      vertex -48.4239 6.02466 2.67029e-07
    endloop
  endfacet
  facet normal 0.233425 -0.972375 0
    outer loop
      vertex -49.3014 6.09371 2.67029e-07
      vertex -49.1259 6.13584 5.74
      vertex -49.3014 6.09371 5.74
    endloop
  endfacet
  facet normal 0.233425 -0.972375 0
    outer loop
      vertex -49.1259 6.13584 5.74
      vertex -49.3014 6.09371 2.67029e-07
      vertex -49.1259 6.13584 2.67029e-07
    endloop
  endfacet
  facet normal 0.649513 -0.760351 0
    outer loop
      vertex -49.7592 5.81317 2.67029e-07
      vertex -49.622 5.93037 5.74
      vertex -49.7592 5.81317 5.74
    endloop
  endfacet
  facet normal 0.649513 -0.760351 0
    outer loop
      vertex -49.622 5.93037 5.74
      vertex -49.7592 5.81317 2.67029e-07
      vertex -49.622 5.93037 2.67029e-07
    endloop
  endfacet
  facet normal -0.0784677 0.996917 0
    outer loop
      vertex -48.7661 3.86416 2.67029e-07
      vertex -48.946 3.85 5.74
      vertex -48.7661 3.86416 5.74
    endloop
  endfacet
  facet normal -0.0784677 0.996917 0
    outer loop
      vertex -48.946 3.85 5.74
      vertex -48.7661 3.86416 2.67029e-07
      vertex -48.946 3.85 2.67029e-07
    endloop
  endfacet
  facet normal 0.760398 -0.649458 0
    outer loop
      vertex -49.8764 5.67595 5.74
      vertex -49.7592 5.81317 2.67029e-07
      vertex -49.7592 5.81317 5.74
    endloop
  endfacet
  facet normal 0.760398 -0.649458 0
    outer loop
      vertex -49.7592 5.81317 2.67029e-07
      vertex -49.8764 5.67595 5.74
      vertex -49.8764 5.67595 2.67029e-07
    endloop
  endfacet
  facet normal -0.649513 -0.760351 0
    outer loop
      vertex -48.27 5.93037 2.67029e-07
      vertex -48.1328 5.81317 5.74
      vertex -48.27 5.93037 5.74
    endloop
  endfacet
  facet normal -0.649513 -0.760351 -0
    outer loop
      vertex -48.1328 5.81317 5.74
      vertex -48.27 5.93037 2.67029e-07
      vertex -48.1328 5.81317 2.67029e-07
    endloop
  endfacet
  facet normal 0.0784677 0.996917 -0
    outer loop
      vertex -48.946 3.85 2.67029e-07
      vertex -49.1259 3.86416 5.74
      vertex -48.946 3.85 5.74
    endloop
  endfacet
  facet normal 0.0784677 0.996917 0
    outer loop
      vertex -49.1259 3.86416 5.74
      vertex -48.946 3.85 2.67029e-07
      vertex -49.1259 3.86416 2.67029e-07
    endloop
  endfacet
  facet normal 0.972403 -0.233306 0
    outer loop
      vertex -50.0818 5.1799 5.74
      vertex -50.0397 5.35537 2.67029e-07
      vertex -50.0397 5.35537 5.74
    endloop
  endfacet
  facet normal 0.972403 -0.233306 0
    outer loop
      vertex -50.0397 5.35537 2.67029e-07
      vertex -50.0818 5.1799 5.74
      vertex -50.0818 5.1799 2.67029e-07
    endloop
  endfacet
  facet normal -0.972403 -0.233306 0
    outer loop
      vertex -47.8102 5.1799 2.67029e-07
      vertex -47.8523 5.35537 5.74
      vertex -47.8523 5.35537 2.67029e-07
    endloop
  endfacet
  facet normal -0.972403 -0.233306 0
    outer loop
      vertex -47.8523 5.35537 5.74
      vertex -47.8102 5.1799 2.67029e-07
      vertex -47.8102 5.1799 5.74
    endloop
  endfacet
  facet normal 0.0784677 -0.996917 0
    outer loop
      vertex -49.1259 6.13584 2.67029e-07
      vertex -48.946 6.15 5.74
      vertex -49.1259 6.13584 5.74
    endloop
  endfacet
  facet normal 0.0784677 -0.996917 0
    outer loop
      vertex -48.946 6.15 5.74
      vertex -49.1259 6.13584 2.67029e-07
      vertex -48.946 6.15 2.67029e-07
    endloop
  endfacet
  facet normal 0.705995 0.0555446 0.706036
    outer loop
      vertex -50.872 4.69495 6.54
      vertex -50.0818 4.8201 5.74
      vertex -50.896 5 6.54
    endloop
  endfacet
  facet normal -0.165337 0.688631 0.70601
    outer loop
      vertex -48.3465 3.15495 6.53
      vertex -48.5906 3.90628 5.74
      vertex -48.6403 3.08441 6.53
    endloop
  endfacet
  facet normal -0.705991 -0.0557382 0.706024
    outer loop
      vertex -47.1281 5.0292 6.41017
      vertex -47.1382 5.28633 6.42037
      vertex -47.8102 5.1799 5.74
    endloop
  endfacet
  facet normal -0.706055 0.0546463 0.706045
    outer loop
      vertex -47.796 5 5.74
      vertex -47.1281 4.9708 6.41017
      vertex -47.127 5 6.40901
    endloop
  endfacet
  facet normal -0.70599 0.0557257 0.706026
    outer loop
      vertex -47.1281 4.9708 6.41017
      vertex -47.796 5 5.74
      vertex -47.8102 4.8201 5.74
    endloop
  endfacet
  facet normal -0.705991 0.0557382 0.706024
    outer loop
      vertex -47.1382 4.71367 6.42037
      vertex -47.1281 4.9708 6.41017
      vertex -47.8102 4.8201 5.74
    endloop
  endfacet
  facet normal 0.603588 -0.370269 0.706103
    outer loop
      vertex -50.646 5.94641 6.54
      vertex -50.6835 5.88528 6.54
      vertex -50.646 5.92734 6.53
    endloop
  endfacet
  facet normal 0.603883 -0.369987 0.705999
    outer loop
      vertex -50.646 5.92734 6.53
      vertex -49.9707 5.52209 5.74
      vertex -50.5167 6.13838 6.53
    endloop
  endfacet
  facet normal 0.603658 -0.370357 0.705997
    outer loop
      vertex -49.9707 5.52209 5.74
      vertex -50.646 5.92734 6.53
      vertex -50.6835 5.88528 6.54
    endloop
  endfacet
  facet normal -0.533542 -0.465298 0.70628
    outer loop
      vertex -48.1328 5.81317 5.74
      vertex -47.5727 6.37007 6.53
      vertex -47.5742 6.37179 6.53
    endloop
  endfacet
  facet normal -0.538506 -0.459939 0.706022
    outer loop
      vertex -47.5727 6.37007 6.53
      vertex -48.1328 5.81317 5.74
      vertex -48.0156 5.67595 5.74
    endloop
  endfacet
  facet normal 0.370093 0.603813 0.706004
    outer loop
      vertex -49.8287 3.27262 6.53
      vertex -49.622 4.06963 5.74
      vertex -50.0863 3.43051 6.53
    endloop
  endfacet
  facet normal -0.0577576 -0.705926 0.705926
    outer loop
      vertex -48.946 6.15 5.74
      vertex -48.9438 6.93982 6.53
      vertex -48.946 6.94 6.53
    endloop
  endfacet
  facet normal -0.0555709 -0.706017 0.706011
    outer loop
      vertex -48.9438 6.93982 6.53
      vertex -48.946 6.15 5.74
      vertex -48.7661 6.13584 5.74
    endloop
  endfacet
  facet normal -0.688652 0.165201 0.706022
    outer loop
      vertex -47.1699 4.44357 6.45265
      vertex -47.1382 4.71367 6.42037
      vertex -47.8102 4.8201 5.74
    endloop
  endfacet
  facet normal -0.654288 0.271043 0.706005
    outer loop
      vertex -47.231 4.12617 6.51477
      vertex -47.1758 4.4056 6.45865
      vertex -47.9213 4.47791 5.74
    endloop
  endfacet
  facet normal -0.370093 0.603813 0.706004
    outer loop
      vertex -48.0633 3.27262 6.53
      vertex -47.8057 3.43051 6.53
      vertex -48.27 4.06963 5.74
    endloop
  endfacet
  facet normal -0.70599 -0.0557257 0.706026
    outer loop
      vertex -47.796 5 5.74
      vertex -47.1281 5.0292 6.41017
      vertex -47.8102 5.1799 5.74
    endloop
  endfacet
  facet normal -0.706055 -0.0546463 0.706045
    outer loop
      vertex -47.1281 5.0292 6.41017
      vertex -47.796 5 5.74
      vertex -47.127 5 6.40901
    endloop
  endfacet
  facet normal 0.654341 -0.270811 0.706044
    outer loop
      vertex -50.0397 5.35537 5.74
      vertex -49.9707 5.52209 5.74
      vertex -50.8006 5.60258 6.54
    endloop
  endfacet
  facet normal 0.65429 0.27102 0.706012
    outer loop
      vertex -50.6835 4.11472 6.54
      vertex -49.9707 4.47791 5.74
      vertex -50.8006 4.39742 6.54
    endloop
  endfacet
  facet normal 0.0555345 -0.706015 0.706017
    outer loop
      vertex -49.1259 6.13584 5.74
      vertex -48.9482 6.93982 6.53
      vertex -49.2495 6.91612 6.53
    endloop
  endfacet
  facet normal 0.705995 -0.0555446 0.706036
    outer loop
      vertex -50.0818 5.1799 5.74
      vertex -50.872 5.30505 6.54
      vertex -50.896 5 6.54
    endloop
  endfacet
  facet normal -0.53857 0.459884 0.706009
    outer loop
      vertex -47.5727 3.62993 6.53
      vertex -47.3765 3.8597 6.53
      vertex -48.0156 4.32405 5.74
    endloop
  endfacet
  facet normal 0.603883 0.369987 0.705999
    outer loop
      vertex -49.9707 4.47791 5.74
      vertex -50.646 4.07266 6.53
      vertex -50.5167 3.86162 6.53
    endloop
  endfacet
  facet normal 0.603588 0.370269 0.706103
    outer loop
      vertex -50.646 4.07266 6.53
      vertex -50.6835 4.11472 6.54
      vertex -50.646 4.05359 6.54
    endloop
  endfacet
  facet normal 0.603658 0.370357 0.705997
    outer loop
      vertex -50.6835 4.11472 6.54
      vertex -50.646 4.07266 6.53
      vertex -49.9707 4.47791 5.74
    endloop
  endfacet
  facet normal -0.268349 -0.655272 0.706121
    outer loop
      vertex -48.5906 6.09371 5.74
      vertex -48.3444 6.84419 6.53
      vertex -48.3465 6.84505 6.53
    endloop
  endfacet
  facet normal -0.271017 -0.654286 0.706017
    outer loop
      vertex -48.3444 6.84419 6.53
      vertex -48.5906 6.09371 5.74
      vertex -48.4239 6.02466 5.74
    endloop
  endfacet
  facet normal -0.53857 -0.459884 0.706009
    outer loop
      vertex -47.3765 6.1403 6.53
      vertex -47.5727 6.37007 6.53
      vertex -48.0156 5.67595 5.74
    endloop
  endfacet
  facet normal -0.271052 0.654278 0.706011
    outer loop
      vertex -48.5906 3.90628 5.74
      vertex -48.3444 3.15581 6.53
      vertex -48.4239 3.97534 5.74
    endloop
  endfacet
  facet normal -0.268351 0.655276 0.706117
    outer loop
      vertex -48.3444 3.15581 6.53
      vertex -48.5906 3.90628 5.74
      vertex -48.3465 3.15495 6.53
    endloop
  endfacet
  facet normal 0.688623 -0.165253 0.706039
    outer loop
      vertex -50.0818 5.1799 5.74
      vertex -50.8006 5.60258 6.54
      vertex -50.872 5.30505 6.54
    endloop
  endfacet
  facet normal 0.0577576 0.705926 0.705926
    outer loop
      vertex -48.946 3.85 5.74
      vertex -48.9482 3.06018 6.53
      vertex -48.946 3.06 6.53
    endloop
  endfacet
  facet normal 0.0555709 0.706017 0.706011
    outer loop
      vertex -48.9482 3.06018 6.53
      vertex -48.946 3.85 5.74
      vertex -49.1259 3.86416 5.74
    endloop
  endfacet
  facet normal 0.0577576 -0.705926 0.705926
    outer loop
      vertex -48.9482 6.93982 6.53
      vertex -48.946 6.15 5.74
      vertex -48.946 6.94 6.53
    endloop
  endfacet
  facet normal 0.0555709 -0.706017 0.706011
    outer loop
      vertex -48.946 6.15 5.74
      vertex -48.9482 6.93982 6.53
      vertex -49.1259 6.13584 5.74
    endloop
  endfacet
  facet normal 0.654341 0.270811 0.706044
    outer loop
      vertex -49.9707 4.47791 5.74
      vertex -50.0397 4.64463 5.74
      vertex -50.8006 4.39742 6.54
    endloop
  endfacet
  facet normal 0.603811 0.370073 0.706016
    outer loop
      vertex -50.5167 3.86162 6.53
      vertex -49.8764 4.32405 5.74
      vertex -49.9707 4.47791 5.74
    endloop
  endfacet
  facet normal 0.600362 0.375226 0.706237
    outer loop
      vertex -49.8764 4.32405 5.74
      vertex -50.5167 3.86162 6.53
      vertex -50.5155 3.8597 6.53
    endloop
  endfacet
  facet normal 0.65429 -0.27102 0.706012
    outer loop
      vertex -49.9707 5.52209 5.74
      vertex -50.6835 5.88528 6.54
      vertex -50.8006 5.60258 6.54
    endloop
  endfacet
  facet normal -0.459909 0.53856 0.706
    outer loop
      vertex -47.8057 3.43051 6.53
      vertex -47.5759 3.62675 6.53
      vertex -48.27 4.06963 5.74
    endloop
  endfacet
  facet normal 0.706008 0.0557271 0.706008
    outer loop
      vertex -50.0818 4.8201 5.74
      vertex -50.096 5 5.74
      vertex -50.896 5 6.54
    endloop
  endfacet
  facet normal -0.271085 -0.65427 0.706006
    outer loop
      vertex -48.0653 6.72855 6.53
      vertex -48.3444 6.84419 6.53
      vertex -48.4239 6.02466 5.74
    endloop
  endfacet
  facet normal -0.603811 0.370073 0.706016
    outer loop
      vertex -48.0156 4.32405 5.74
      vertex -47.3753 3.86162 6.53
      vertex -47.9213 4.47791 5.74
    endloop
  endfacet
  facet normal -0.600362 0.375226 0.706237
    outer loop
      vertex -47.3753 3.86162 6.53
      vertex -48.0156 4.32405 5.74
      vertex -47.3765 3.8597 6.53
    endloop
  endfacet
  facet normal 0.459909 -0.53856 0.706
    outer loop
      vertex -49.622 5.93037 5.74
      vertex -50.0863 6.56949 6.53
      vertex -50.3161 6.37325 6.53
    endloop
  endfacet
  facet normal -0.688642 0.165224 0.706026
    outer loop
      vertex -47.8523 4.64463 5.74
      vertex -47.1699 4.44357 6.45265
      vertex -47.8102 4.8201 5.74
    endloop
  endfacet
  facet normal -0.688052 0.167427 0.706082
    outer loop
      vertex -47.1699 4.44357 6.45265
      vertex -47.8523 4.64463 5.74
      vertex -47.1723 4.42367 6.45503
    endloop
  endfacet
  facet normal -0.0555345 -0.706015 0.706017
    outer loop
      vertex -48.7661 6.13584 5.74
      vertex -48.6425 6.91612 6.53
      vertex -48.9438 6.93982 6.53
    endloop
  endfacet
  facet normal -0.688652 -0.165201 0.706022
    outer loop
      vertex -47.1382 5.28633 6.42037
      vertex -47.1699 5.55643 6.45265
      vertex -47.8102 5.1799 5.74
    endloop
  endfacet
  facet normal 0.0555345 0.706015 0.706017
    outer loop
      vertex -48.9482 3.06018 6.53
      vertex -49.1259 3.86416 5.74
      vertex -49.2495 3.08388 6.53
    endloop
  endfacet
  facet normal 0.271085 -0.65427 0.706006
    outer loop
      vertex -49.4681 6.02466 5.74
      vertex -49.5476 6.84419 6.53
      vertex -49.8267 6.72855 6.53
    endloop
  endfacet
  facet normal -0.655328 -0.268239 0.706111
    outer loop
      vertex -47.1758 5.5944 6.45865
      vertex -47.8523 5.35537 5.74
      vertex -47.1723 5.57632 6.45503
    endloop
  endfacet
  facet normal -0.654345 -0.270812 0.706041
    outer loop
      vertex -47.8523 5.35537 5.74
      vertex -47.1758 5.5944 6.45865
      vertex -47.9213 5.52209 5.74
    endloop
  endfacet
  facet normal 0.706008 -0.0557271 0.706008
    outer loop
      vertex -50.096 5 5.74
      vertex -50.0818 5.1799 5.74
      vertex -50.896 5 6.54
    endloop
  endfacet
  facet normal 0.538506 0.459939 0.706022
    outer loop
      vertex -50.3193 3.62993 6.53
      vertex -49.7592 4.18683 5.74
      vertex -49.8764 4.32405 5.74
    endloop
  endfacet
  facet normal 0.533542 0.465298 0.70628
    outer loop
      vertex -49.7592 4.18683 5.74
      vertex -50.3193 3.62993 6.53
      vertex -50.3178 3.62821 6.53
    endloop
  endfacet
  facet normal -0.68803 -0.167509 0.706084
    outer loop
      vertex -47.8523 5.35537 5.74
      vertex -47.1699 5.55643 6.45265
      vertex -47.1723 5.57632 6.45503
    endloop
  endfacet
  facet normal -0.688642 -0.165224 0.706026
    outer loop
      vertex -47.1699 5.55643 6.45265
      vertex -47.8523 5.35537 5.74
      vertex -47.8102 5.1799 5.74
    endloop
  endfacet
  facet normal -0.165336 -0.688627 0.706015
    outer loop
      vertex -48.5906 6.09371 5.74
      vertex -48.3465 6.84505 6.53
      vertex -48.6403 6.91559 6.53
    endloop
  endfacet
  facet normal -0.600362 -0.375226 0.706237
    outer loop
      vertex -48.0156 5.67595 5.74
      vertex -47.3753 6.13838 6.53
      vertex -47.3765 6.1403 6.53
    endloop
  endfacet
  facet normal -0.603811 -0.370073 0.706016
    outer loop
      vertex -47.3753 6.13838 6.53
      vertex -48.0156 5.67595 5.74
      vertex -47.9213 5.52209 5.74
    endloop
  endfacet
  facet normal 0.53857 -0.459884 0.706009
    outer loop
      vertex -49.8764 5.67595 5.74
      vertex -50.3193 6.37007 6.53
      vertex -50.5155 6.1403 6.53
    endloop
  endfacet
  facet normal 0.533542 -0.465298 0.70628
    outer loop
      vertex -50.3193 6.37007 6.53
      vertex -49.7592 5.81317 5.74
      vertex -50.3178 6.37179 6.53
    endloop
  endfacet
  facet normal 0.538506 -0.459939 0.706022
    outer loop
      vertex -49.7592 5.81317 5.74
      vertex -50.3193 6.37007 6.53
      vertex -49.8764 5.67595 5.74
    endloop
  endfacet
  facet normal -0.538506 0.459939 0.706022
    outer loop
      vertex -48.1328 4.18683 5.74
      vertex -47.5727 3.62993 6.53
      vertex -48.0156 4.32405 5.74
    endloop
  endfacet
  facet normal -0.533542 0.465298 0.70628
    outer loop
      vertex -47.5727 3.62993 6.53
      vertex -48.1328 4.18683 5.74
      vertex -47.5742 3.62821 6.53
    endloop
  endfacet
  facet normal -0.461362 0.537202 0.706087
    outer loop
      vertex -48.1328 4.18683 5.74
      vertex -47.5759 3.62675 6.53
      vertex -47.5742 3.62821 6.53
    endloop
  endfacet
  facet normal -0.459981 0.538476 0.706017
    outer loop
      vertex -47.5759 3.62675 6.53
      vertex -48.1328 4.18683 5.74
      vertex -48.27 4.06963 5.74
    endloop
  endfacet
  facet normal 0.688635 -0.165222 0.706034
    outer loop
      vertex -50.0818 5.1799 5.74
      vertex -50.0397 5.35537 5.74
      vertex -50.8006 5.60258 6.54
    endloop
  endfacet
  facet normal -0.36997 0.603865 0.706024
    outer loop
      vertex -48.4239 3.97534 5.74
      vertex -48.0633 3.27262 6.53
      vertex -48.27 4.06963 5.74
    endloop
  endfacet
  facet normal -0.357357 0.610867 0.706496
    outer loop
      vertex -48.0633 3.27262 6.53
      vertex -48.4239 3.97534 5.74
      vertex -48.0653 3.27145 6.53
    endloop
  endfacet
  facet normal -0.271085 0.65427 0.706006
    outer loop
      vertex -48.3444 3.15581 6.53
      vertex -48.0653 3.27145 6.53
      vertex -48.4239 3.97534 5.74
    endloop
  endfacet
  facet normal -0.655276 0.268377 0.706107
    outer loop
      vertex -47.8523 4.64463 5.74
      vertex -47.1758 4.4056 6.45865
      vertex -47.1723 4.42367 6.45503
    endloop
  endfacet
  facet normal -0.654345 0.270812 0.706041
    outer loop
      vertex -47.1758 4.4056 6.45865
      vertex -47.8523 4.64463 5.74
      vertex -47.9213 4.47791 5.74
    endloop
  endfacet
  facet normal -0.603761 0.370188 0.705998
    outer loop
      vertex -47.9213 4.47791 5.74
      vertex -47.246 4.07266 6.53
      vertex -47.231 4.12617 6.51477
    endloop
  endfacet
  facet normal -0.603883 0.369987 0.705999
    outer loop
      vertex -47.246 4.07266 6.53
      vertex -47.9213 4.47791 5.74
      vertex -47.3753 3.86162 6.53
    endloop
  endfacet
  facet normal -0.359666 -0.609603 0.706417
    outer loop
      vertex -48.4239 6.02466 5.74
      vertex -48.0633 6.72737 6.53
      vertex -48.0653 6.72855 6.53
    endloop
  endfacet
  facet normal -0.369972 -0.603868 0.70602
    outer loop
      vertex -48.0633 6.72737 6.53
      vertex -48.4239 6.02466 5.74
      vertex -48.27 5.93037 5.74
    endloop
  endfacet
  facet normal 0.165311 -0.688633 0.706014
    outer loop
      vertex -49.5433 6.84558 6.53
      vertex -49.3014 6.09371 5.74
      vertex -49.1259 6.13584 5.74
    endloop
  endfacet
  facet normal 0.165861 -0.688479 0.706036
    outer loop
      vertex -49.3014 6.09371 5.74
      vertex -49.5433 6.84558 6.53
      vertex -49.5455 6.84505 6.53
    endloop
  endfacet
  facet normal 0.165275 0.688648 0.706009
    outer loop
      vertex -49.3014 3.90628 5.74
      vertex -49.5433 3.15442 6.53
      vertex -49.1259 3.86416 5.74
    endloop
  endfacet
  facet normal 0.165862 0.688483 0.706032
    outer loop
      vertex -49.5433 3.15442 6.53
      vertex -49.3014 3.90628 5.74
      vertex -49.5455 3.15495 6.53
    endloop
  endfacet
  facet normal 0.688623 0.165253 0.706039
    outer loop
      vertex -50.8006 4.39742 6.54
      vertex -50.0818 4.8201 5.74
      vertex -50.872 4.69495 6.54
    endloop
  endfacet
  facet normal -0.603883 -0.369987 0.705999
    outer loop
      vertex -47.9213 5.52209 5.74
      vertex -47.246 5.92734 6.53
      vertex -47.3753 6.13838 6.53
    endloop
  endfacet
  facet normal -0.603761 -0.370188 0.705998
    outer loop
      vertex -47.246 5.92734 6.53
      vertex -47.9213 5.52209 5.74
      vertex -47.231 5.87383 6.51477
    endloop
  endfacet
  facet normal -0.654288 -0.271043 0.706005
    outer loop
      vertex -47.1758 5.5944 6.45865
      vertex -47.231 5.87383 6.51477
      vertex -47.9213 5.52209 5.74
    endloop
  endfacet
  facet normal -0.0555709 0.706017 0.706011
    outer loop
      vertex -48.946 3.85 5.74
      vertex -48.9438 3.06018 6.53
      vertex -48.7661 3.86416 5.74
    endloop
  endfacet
  facet normal -0.0577576 0.705926 0.705926
    outer loop
      vertex -48.9438 3.06018 6.53
      vertex -48.946 3.85 5.74
      vertex -48.946 3.06 6.53
    endloop
  endfacet
  facet normal 0.688635 0.165222 0.706034
    outer loop
      vertex -50.0397 4.64463 5.74
      vertex -50.0818 4.8201 5.74
      vertex -50.8006 4.39742 6.54
    endloop
  endfacet
  facet normal -0.16587 -0.688517 0.705997
    outer loop
      vertex -48.7661 6.13584 5.74
      vertex -48.6403 6.91559 6.53
      vertex -48.6425 6.91612 6.53
    endloop
  endfacet
  facet normal -0.16531 -0.688629 0.706019
    outer loop
      vertex -48.6403 6.91559 6.53
      vertex -48.7661 6.13584 5.74
      vertex -48.5906 6.09371 5.74
    endloop
  endfacet
  facet normal -0.459909 -0.53856 0.706
    outer loop
      vertex -47.5759 6.37325 6.53
      vertex -47.8057 6.56949 6.53
      vertex -48.27 5.93037 5.74
    endloop
  endfacet
  facet normal 0.459981 0.538476 0.706017
    outer loop
      vertex -49.7592 4.18683 5.74
      vertex -50.3161 3.62675 6.53
      vertex -49.622 4.06963 5.74
    endloop
  endfacet
  facet normal 0.461362 0.537202 0.706087
    outer loop
      vertex -50.3161 3.62675 6.53
      vertex -49.7592 4.18683 5.74
      vertex -50.3178 3.62821 6.53
    endloop
  endfacet
  facet normal -0.165273 0.688637 0.70602
    outer loop
      vertex -48.7661 3.86416 5.74
      vertex -48.6403 3.08441 6.53
      vertex -48.5906 3.90628 5.74
    endloop
  endfacet
  facet normal -0.16587 0.688517 0.705997
    outer loop
      vertex -48.6403 3.08441 6.53
      vertex -48.7661 3.86416 5.74
      vertex -48.6425 3.08388 6.53
    endloop
  endfacet
  facet normal -0.0555345 0.706015 0.706017
    outer loop
      vertex -48.6425 3.08388 6.53
      vertex -48.7661 3.86416 5.74
      vertex -48.9438 3.06018 6.53
    endloop
  endfacet
  facet normal 0.600362 -0.375226 0.706237
    outer loop
      vertex -50.5167 6.13838 6.53
      vertex -49.8764 5.67595 5.74
      vertex -50.5155 6.1403 6.53
    endloop
  endfacet
  facet normal 0.603811 -0.370073 0.706016
    outer loop
      vertex -49.8764 5.67595 5.74
      vertex -50.5167 6.13838 6.53
      vertex -49.9707 5.52209 5.74
    endloop
  endfacet
  facet normal 0.53857 0.459884 0.706009
    outer loop
      vertex -50.3193 3.62993 6.53
      vertex -49.8764 4.32405 5.74
      vertex -50.5155 3.8597 6.53
    endloop
  endfacet
  facet normal 0.268349 -0.655272 0.706121
    outer loop
      vertex -49.5476 6.84419 6.53
      vertex -49.3014 6.09371 5.74
      vertex -49.5455 6.84505 6.53
    endloop
  endfacet
  facet normal 0.271017 -0.654286 0.706017
    outer loop
      vertex -49.3014 6.09371 5.74
      vertex -49.5476 6.84419 6.53
      vertex -49.4681 6.02466 5.74
    endloop
  endfacet
  facet normal 0.165335 -0.688623 0.706018
    outer loop
      vertex -49.1259 6.13584 5.74
      vertex -49.2495 6.91612 6.53
      vertex -49.5433 6.84558 6.53
    endloop
  endfacet
  facet normal 0.459909 0.53856 0.706
    outer loop
      vertex -50.0863 3.43051 6.53
      vertex -49.622 4.06963 5.74
      vertex -50.3161 3.62675 6.53
    endloop
  endfacet
  facet normal 0.36997 0.603865 0.706024
    outer loop
      vertex -49.8287 3.27262 6.53
      vertex -49.4681 3.97534 5.74
      vertex -49.622 4.06963 5.74
    endloop
  endfacet
  facet normal 0.357357 0.610867 0.706496
    outer loop
      vertex -49.4681 3.97534 5.74
      vertex -49.8287 3.27262 6.53
      vertex -49.8267 3.27145 6.53
    endloop
  endfacet
  facet normal 0.165335 0.688623 0.706018
    outer loop
      vertex -49.2495 3.08388 6.53
      vertex -49.1259 3.86416 5.74
      vertex -49.5433 3.15442 6.53
    endloop
  endfacet
  facet normal 0.271085 0.65427 0.706006
    outer loop
      vertex -49.5476 3.15581 6.53
      vertex -49.4681 3.97534 5.74
      vertex -49.8267 3.27145 6.53
    endloop
  endfacet
  facet normal 0.271052 0.654278 0.706011
    outer loop
      vertex -49.5476 3.15581 6.53
      vertex -49.3014 3.90628 5.74
      vertex -49.4681 3.97534 5.74
    endloop
  endfacet
  facet normal 0.268351 0.655276 0.706117
    outer loop
      vertex -49.3014 3.90628 5.74
      vertex -49.5476 3.15581 6.53
      vertex -49.5455 3.15495 6.53
    endloop
  endfacet
  facet normal 0 0 -1
    outer loop
      vertex 50.872 4.69495 6.54
      vertex 50.872 5.30505 6.54
      vertex 50.896 5 6.54
    endloop
  endfacet
  facet normal 0 0 -1
    outer loop
      vertex 50.8006 4.39742 6.54
      vertex 50.872 5.30505 6.54
      vertex 50.872 4.69495 6.54
    endloop
  endfacet
  facet normal 0 0 -1
    outer loop
      vertex 50.8006 4.39742 6.54
      vertex 50.8006 5.60258 6.54
      vertex 50.872 5.30505 6.54
    endloop
  endfacet
  facet normal 0 0 -1
    outer loop
      vertex 50.646 4.05359 6.54
      vertex 50.8006 4.39742 6.54
      vertex 50.6835 4.11472 6.54
    endloop
  endfacet
  facet normal -0 0 -1
    outer loop
      vertex 50.8006 4.39742 6.54
      vertex 50.646 4.05359 6.54
      vertex 50.8006 5.60258 6.54
    endloop
  endfacet
  facet normal 0 0 -1
    outer loop
      vertex 50.646 5.94641 6.54
      vertex 50.8006 5.60258 6.54
      vertex 50.646 4.05359 6.54
    endloop
  endfacet
  facet normal 0 0 -1
    outer loop
      vertex 50.8006 5.60258 6.54
      vertex 50.646 5.94641 6.54
      vertex 50.6835 5.88528 6.54
    endloop
  endfacet
  facet normal 0 0 -1
    outer loop
      vertex -50.8006 4.39742 6.54
      vertex -50.646 4.05359 6.54
      vertex -50.6835 4.11472 6.54
    endloop
  endfacet
  facet normal 0 0 -1
    outer loop
      vertex -50.646 4.05359 6.54
      vertex -50.8006 4.39742 6.54
      vertex -50.646 5.94641 6.54
    endloop
  endfacet
  facet normal 0 0 -1
    outer loop
      vertex -50.8006 5.60258 6.54
      vertex -50.646 5.94641 6.54
      vertex -50.8006 4.39742 6.54
    endloop
  endfacet
  facet normal 0 0 -1
    outer loop
      vertex -50.646 5.94641 6.54
      vertex -50.8006 5.60258 6.54
      vertex -50.6835 5.88528 6.54
    endloop
  endfacet
  facet normal 0 0 -1
    outer loop
      vertex -50.872 4.69495 6.54
      vertex -50.8006 5.60258 6.54
      vertex -50.8006 4.39742 6.54
    endloop
  endfacet
  facet normal 0 0 -1
    outer loop
      vertex -50.872 4.69495 6.54
      vertex -50.872 5.30505 6.54
      vertex -50.8006 5.60258 6.54
    endloop
  endfacet
  facet normal 0 -0 -1
    outer loop
      vertex -50.872 5.30505 6.54
      vertex -50.872 4.69495 6.54
      vertex -50.896 5 6.54
    endloop
  endfacet
  facet normal 0 0 -1
    outer loop
      vertex 50.872 29.135 6.54
      vertex 50.872 29.745 6.54
      vertex 50.896 29.44 6.54
    endloop
  endfacet
  facet normal 0 0 -1
    outer loop
      vertex 50.8006 28.8374 6.54
      vertex 50.872 29.745 6.54
      vertex 50.872 29.135 6.54
    endloop
  endfacet
  facet normal 0 0 -1
    outer loop
      vertex 50.8006 28.8374 6.54
      vertex 50.8006 30.0426 6.54
      vertex 50.872 29.745 6.54
    endloop
  endfacet
  facet normal 0 0 -1
    outer loop
      vertex 50.646 28.4936 6.54
      vertex 50.8006 28.8374 6.54
      vertex 50.6835 28.5547 6.54
    endloop
  endfacet
  facet normal -0 0 -1
    outer loop
      vertex 50.8006 28.8374 6.54
      vertex 50.646 28.4936 6.54
      vertex 50.8006 30.0426 6.54
    endloop
  endfacet
  facet normal 0 0 -1
    outer loop
      vertex 50.646 30.3864 6.54
      vertex 50.8006 30.0426 6.54
      vertex 50.646 28.4936 6.54
    endloop
  endfacet
  facet normal 0 0 -1
    outer loop
      vertex 50.8006 30.0426 6.54
      vertex 50.646 30.3864 6.54
      vertex 50.6835 30.3253 6.54
    endloop
  endfacet
  facet normal 0 0 -1
    outer loop
      vertex -50.8006 28.8374 6.54
      vertex -50.646 28.4936 6.54
      vertex -50.6835 28.5547 6.54
    endloop
  endfacet
  facet normal 0 0 -1
    outer loop
      vertex -50.646 28.4936 6.54
      vertex -50.8006 28.8374 6.54
      vertex -50.646 30.3864 6.54
    endloop
  endfacet
  facet normal 0 0 -1
    outer loop
      vertex -50.8006 30.0426 6.54
      vertex -50.646 30.3864 6.54
      vertex -50.8006 28.8374 6.54
    endloop
  endfacet
  facet normal 0 0 -1
    outer loop
      vertex -50.646 30.3864 6.54
      vertex -50.8006 30.0426 6.54
      vertex -50.6835 30.3253 6.54
    endloop
  endfacet
  facet normal 0 0 -1
    outer loop
      vertex -50.872 29.135 6.54
      vertex -50.8006 30.0426 6.54
      vertex -50.8006 28.8374 6.54
    endloop
  endfacet
  facet normal 0 0 -1
    outer loop
      vertex -50.872 29.135 6.54
      vertex -50.872 29.745 6.54
      vertex -50.8006 30.0426 6.54
    endloop
  endfacet
  facet normal 0 -0 -1
    outer loop
      vertex -50.872 29.745 6.54
      vertex -50.872 29.135 6.54
      vertex -50.896 29.44 6.54
    endloop
  endfacet
  facet normal 0.459981 -0.538476 0.706017
    outer loop
      vertex -50.3161 6.37325 6.53
      vertex -49.7592 5.81317 5.74
      vertex -49.622 5.93037 5.74
    endloop
  endfacet
  facet normal 0.461362 -0.537202 0.706087
    outer loop
      vertex -49.7592 5.81317 5.74
      vertex -50.3161 6.37325 6.53
      vertex -50.3178 6.37179 6.53
    endloop
  endfacet
  facet normal -0.370076 -0.603824 0.706003
    outer loop
      vertex -47.8057 6.56949 6.53
      vertex -48.0633 6.72737 6.53
      vertex -48.27 5.93037 5.74
    endloop
  endfacet
  facet normal -0.461362 -0.537202 0.706087
    outer loop
      vertex -47.5759 6.37325 6.53
      vertex -48.1328 5.81317 5.74
      vertex -47.5742 6.37179 6.53
    endloop
  endfacet
  facet normal -0.459981 -0.538476 0.706017
    outer loop
      vertex -48.1328 5.81317 5.74
      vertex -47.5759 6.37325 6.53
      vertex -48.27 5.93037 5.74
    endloop
  endfacet
  facet normal 0.370076 -0.603824 0.706003
    outer loop
      vertex -49.622 5.93037 5.74
      vertex -49.8287 6.72737 6.53
      vertex -50.0863 6.56949 6.53
    endloop
  endfacet
  facet normal 0.359666 -0.609603 0.706417
    outer loop
      vertex -49.8287 6.72737 6.53
      vertex -49.4681 6.02466 5.74
      vertex -49.8267 6.72855 6.53
    endloop
  endfacet
  facet normal 0.369972 -0.603868 0.70602
    outer loop
      vertex -49.4681 6.02466 5.74
      vertex -49.8287 6.72737 6.53
      vertex -49.622 5.93037 5.74
    endloop
  endfacet
  facet normal -0.522458 -0.852665 0
    outer loop
      vertex -48.4239 30.4647 2.67029e-07
      vertex -48.27 30.3704 5.74
      vertex -48.4239 30.4647 5.74
    endloop
  endfacet
  facet normal -0.522458 -0.852665 -0
    outer loop
      vertex -48.27 30.3704 5.74
      vertex -48.4239 30.4647 2.67029e-07
      vertex -48.27 30.3704 2.67029e-07
    endloop
  endfacet
  facet normal 0.522458 -0.852665 0
    outer loop
      vertex -49.622 30.3704 2.67029e-07
      vertex -49.4681 30.4647 5.74
      vertex -49.622 30.3704 5.74
    endloop
  endfacet
  facet normal 0.522458 -0.852665 0
    outer loop
      vertex -49.4681 30.4647 5.74
      vertex -49.622 30.3704 2.67029e-07
      vertex -49.4681 30.4647 2.67029e-07
    endloop
  endfacet
  facet normal -0.972412 0.233268 0
    outer loop
      vertex -47.8523 29.0846 2.67029e-07
      vertex -47.8102 29.2601 5.74
      vertex -47.8102 29.2601 2.67029e-07
    endloop
  endfacet
  facet normal -0.972412 0.233268 0
    outer loop
      vertex -47.8102 29.2601 5.74
      vertex -47.8523 29.0846 2.67029e-07
      vertex -47.8523 29.0846 5.74
    endloop
  endfacet
  facet normal 0.38245 -0.923976 0
    outer loop
      vertex -49.4681 30.4647 2.67029e-07
      vertex -49.3014 30.5337 5.74
      vertex -49.4681 30.4647 5.74
    endloop
  endfacet
  facet normal 0.38245 -0.923976 0
    outer loop
      vertex -49.3014 30.5337 5.74
      vertex -49.4681 30.4647 2.67029e-07
      vertex -49.3014 30.5337 2.67029e-07
    endloop
  endfacet
  facet normal 0.972412 -0.233268 0
    outer loop
      vertex -50.0818 29.6199 5.74
      vertex -50.0397 29.7954 2.67029e-07
      vertex -50.0397 29.7954 5.74
    endloop
  endfacet
  facet normal 0.972412 -0.233268 0
    outer loop
      vertex -50.0397 29.7954 2.67029e-07
      vertex -50.0818 29.6199 5.74
      vertex -50.0818 29.6199 2.67029e-07
    endloop
  endfacet
  facet normal 0.972412 0.233268 0
    outer loop
      vertex -50.0397 29.0846 5.74
      vertex -50.0818 29.2601 2.67029e-07
      vertex -50.0818 29.2601 5.74
    endloop
  endfacet
  facet normal 0.972412 0.233268 0
    outer loop
      vertex -50.0818 29.2601 2.67029e-07
      vertex -50.0397 29.0846 5.74
      vertex -50.0397 29.0846 2.67029e-07
    endloop
  endfacet
  facet normal -0.38245 -0.923976 0
    outer loop
      vertex -48.5906 30.5337 2.67029e-07
      vertex -48.4239 30.4647 5.74
      vertex -48.5906 30.5337 5.74
    endloop
  endfacet
  facet normal -0.38245 -0.923976 -0
    outer loop
      vertex -48.4239 30.4647 5.74
      vertex -48.5906 30.5337 2.67029e-07
      vertex -48.4239 30.4647 2.67029e-07
    endloop
  endfacet
  facet normal 0.233268 -0.972412 0
    outer loop
      vertex -49.3014 30.5337 2.67029e-07
      vertex -49.1259 30.5758 5.74
      vertex -49.3014 30.5337 5.74
    endloop
  endfacet
  facet normal 0.233268 -0.972412 0
    outer loop
      vertex -49.1259 30.5758 5.74
      vertex -49.3014 30.5337 2.67029e-07
      vertex -49.1259 30.5758 2.67029e-07
    endloop
  endfacet
  facet normal 0.233268 0.972412 -0
    outer loop
      vertex -49.1259 28.3042 2.67029e-07
      vertex -49.3014 28.3463 5.74
      vertex -49.1259 28.3042 5.74
    endloop
  endfacet
  facet normal 0.233268 0.972412 0
    outer loop
      vertex -49.3014 28.3463 5.74
      vertex -49.1259 28.3042 2.67029e-07
      vertex -49.3014 28.3463 2.67029e-07
    endloop
  endfacet
  facet normal -0.233268 0.972412 0
    outer loop
      vertex -48.5906 28.3463 2.67029e-07
      vertex -48.7661 28.3042 5.74
      vertex -48.5906 28.3463 5.74
    endloop
  endfacet
  facet normal -0.233268 0.972412 0
    outer loop
      vertex -48.7661 28.3042 5.74
      vertex -48.5906 28.3463 2.67029e-07
      vertex -48.7661 28.3042 2.67029e-07
    endloop
  endfacet
  facet normal -0.852665 -0.522458 0
    outer loop
      vertex -47.9213 29.9621 2.67029e-07
      vertex -48.0156 30.116 5.74
      vertex -48.0156 30.116 2.67029e-07
    endloop
  endfacet
  facet normal -0.852665 -0.522458 0
    outer loop
      vertex -48.0156 30.116 5.74
      vertex -47.9213 29.9621 2.67029e-07
      vertex -47.9213 29.9621 5.74
    endloop
  endfacet
  facet normal -0.760351 -0.649513 0
    outer loop
      vertex -48.0156 30.116 2.67029e-07
      vertex -48.1328 30.2532 5.74
      vertex -48.1328 30.2532 2.67029e-07
    endloop
  endfacet
  facet normal -0.760351 -0.649513 0
    outer loop
      vertex -48.1328 30.2532 5.74
      vertex -48.0156 30.116 2.67029e-07
      vertex -48.0156 30.116 5.74
    endloop
  endfacet
  facet normal -0.649513 0.760351 0
    outer loop
      vertex -48.1328 28.6268 2.67029e-07
      vertex -48.27 28.5096 5.74
      vertex -48.1328 28.6268 5.74
    endloop
  endfacet
  facet normal -0.649513 0.760351 0
    outer loop
      vertex -48.27 28.5096 5.74
      vertex -48.1328 28.6268 2.67029e-07
      vertex -48.27 28.5096 2.67029e-07
    endloop
  endfacet
  facet normal 0.996899 0.078688 0
    outer loop
      vertex -50.0818 29.2601 5.74
      vertex -50.096 29.44 2.67029e-07
      vertex -50.096 29.44 5.74
    endloop
  endfacet
  facet normal 0.996899 0.078688 0
    outer loop
      vertex -50.096 29.44 2.67029e-07
      vertex -50.0818 29.2601 5.74
      vertex -50.0818 29.2601 2.67029e-07
    endloop
  endfacet
  facet normal -0.649513 -0.760351 0
    outer loop
      vertex -48.27 30.3704 2.67029e-07
      vertex -48.1328 30.2532 5.74
      vertex -48.27 30.3704 5.74
    endloop
  endfacet
  facet normal -0.649513 -0.760351 -0
    outer loop
      vertex -48.1328 30.2532 5.74
      vertex -48.27 30.3704 2.67029e-07
      vertex -48.1328 30.2532 2.67029e-07
    endloop
  endfacet
  facet normal -0.078688 -0.996899 0
    outer loop
      vertex -48.946 30.59 2.67029e-07
      vertex -48.7661 30.5758 5.74
      vertex -48.946 30.59 5.74
    endloop
  endfacet
  facet normal -0.078688 -0.996899 -0
    outer loop
      vertex -48.7661 30.5758 5.74
      vertex -48.946 30.59 2.67029e-07
      vertex -48.7661 30.5758 2.67029e-07
    endloop
  endfacet
  facet normal -0.996899 0.078688 0
    outer loop
      vertex -47.8102 29.2601 2.67029e-07
      vertex -47.796 29.44 5.74
      vertex -47.796 29.44 2.67029e-07
    endloop
  endfacet
  facet normal -0.996899 0.078688 0
    outer loop
      vertex -47.796 29.44 5.74
      vertex -47.8102 29.2601 2.67029e-07
      vertex -47.8102 29.2601 5.74
    endloop
  endfacet
  facet normal -0.522458 0.852665 0
    outer loop
      vertex -48.27 28.5096 2.67029e-07
      vertex -48.4239 28.4153 5.74
      vertex -48.27 28.5096 5.74
    endloop
  endfacet
  facet normal -0.522458 0.852665 0
    outer loop
      vertex -48.4239 28.4153 5.74
      vertex -48.27 28.5096 2.67029e-07
      vertex -48.4239 28.4153 2.67029e-07
    endloop
  endfacet
  facet normal 0.078688 0.996899 -0
    outer loop
      vertex -48.946 28.29 2.67029e-07
      vertex -49.1259 28.3042 5.74
      vertex -48.946 28.29 5.74
    endloop
  endfacet
  facet normal 0.078688 0.996899 0
    outer loop
      vertex -49.1259 28.3042 5.74
      vertex -48.946 28.29 2.67029e-07
      vertex -49.1259 28.3042 2.67029e-07
    endloop
  endfacet
  facet normal 0.996899 -0.078688 0
    outer loop
      vertex -50.096 29.44 5.74
      vertex -50.0818 29.6199 2.67029e-07
      vertex -50.0818 29.6199 5.74
    endloop
  endfacet
  facet normal 0.996899 -0.078688 0
    outer loop
      vertex -50.0818 29.6199 2.67029e-07
      vertex -50.096 29.44 5.74
      vertex -50.096 29.44 2.67029e-07
    endloop
  endfacet
  facet normal -0.923976 0.38245 0
    outer loop
      vertex -47.9213 28.9179 2.67029e-07
      vertex -47.8523 29.0846 5.74
      vertex -47.8523 29.0846 2.67029e-07
    endloop
  endfacet
  facet normal -0.923976 0.38245 0
    outer loop
      vertex -47.8523 29.0846 5.74
      vertex -47.9213 28.9179 2.67029e-07
      vertex -47.9213 28.9179 5.74
    endloop
  endfacet
  facet normal -0.996899 -0.078688 0
    outer loop
      vertex -47.796 29.44 2.67029e-07
      vertex -47.8102 29.6199 5.74
      vertex -47.8102 29.6199 2.67029e-07
    endloop
  endfacet
  facet normal -0.996899 -0.078688 0
    outer loop
      vertex -47.8102 29.6199 5.74
      vertex -47.796 29.44 2.67029e-07
      vertex -47.796 29.44 5.74
    endloop
  endfacet
  facet normal 0.923976 -0.38245 0
    outer loop
      vertex -50.0397 29.7954 5.74
      vertex -49.9707 29.9621 2.67029e-07
      vertex -49.9707 29.9621 5.74
    endloop
  endfacet
  facet normal 0.923976 -0.38245 0
    outer loop
      vertex -49.9707 29.9621 2.67029e-07
      vertex -50.0397 29.7954 5.74
      vertex -50.0397 29.7954 2.67029e-07
    endloop
  endfacet
  facet normal -0.972412 -0.233268 0
    outer loop
      vertex -47.8102 29.6199 2.67029e-07
      vertex -47.8523 29.7954 5.74
      vertex -47.8523 29.7954 2.67029e-07
    endloop
  endfacet
  facet normal -0.972412 -0.233268 0
    outer loop
      vertex -47.8523 29.7954 5.74
      vertex -47.8102 29.6199 2.67029e-07
      vertex -47.8102 29.6199 5.74
    endloop
  endfacet
  facet normal -0.760351 0.649513 0
    outer loop
      vertex -48.1328 28.6268 2.67029e-07
      vertex -48.0156 28.764 5.74
      vertex -48.0156 28.764 2.67029e-07
    endloop
  endfacet
  facet normal -0.760351 0.649513 0
    outer loop
      vertex -48.0156 28.764 5.74
      vertex -48.1328 28.6268 2.67029e-07
      vertex -48.1328 28.6268 5.74
    endloop
  endfacet
  facet normal 0.649513 0.760351 -0
    outer loop
      vertex -49.622 28.5096 2.67029e-07
      vertex -49.7592 28.6268 5.74
      vertex -49.622 28.5096 5.74
    endloop
  endfacet
  facet normal 0.649513 0.760351 0
    outer loop
      vertex -49.7592 28.6268 5.74
      vertex -49.622 28.5096 2.67029e-07
      vertex -49.7592 28.6268 2.67029e-07
    endloop
  endfacet
  facet normal -0.38245 0.923976 0
    outer loop
      vertex -48.4239 28.4153 2.67029e-07
      vertex -48.5906 28.3463 5.74
      vertex -48.4239 28.4153 5.74
    endloop
  endfacet
  facet normal -0.38245 0.923976 0
    outer loop
      vertex -48.5906 28.3463 5.74
      vertex -48.4239 28.4153 2.67029e-07
      vertex -48.5906 28.3463 2.67029e-07
    endloop
  endfacet
  facet normal -0.233268 -0.972412 0
    outer loop
      vertex -48.7661 30.5758 2.67029e-07
      vertex -48.5906 30.5337 5.74
      vertex -48.7661 30.5758 5.74
    endloop
  endfacet
  facet normal -0.233268 -0.972412 -0
    outer loop
      vertex -48.5906 30.5337 5.74
      vertex -48.7661 30.5758 2.67029e-07
      vertex -48.5906 30.5337 2.67029e-07
    endloop
  endfacet
  facet normal 0.649513 -0.760351 0
    outer loop
      vertex -49.7592 30.2532 2.67029e-07
      vertex -49.622 30.3704 5.74
      vertex -49.7592 30.2532 5.74
    endloop
  endfacet
  facet normal 0.649513 -0.760351 0
    outer loop
      vertex -49.622 30.3704 5.74
      vertex -49.7592 30.2532 2.67029e-07
      vertex -49.622 30.3704 2.67029e-07
    endloop
  endfacet
  facet normal 0.522458 0.852665 -0
    outer loop
      vertex -49.4681 28.4153 2.67029e-07
      vertex -49.622 28.5096 5.74
      vertex -49.4681 28.4153 5.74
    endloop
  endfacet
  facet normal 0.522458 0.852665 0
    outer loop
      vertex -49.622 28.5096 5.74
      vertex -49.4681 28.4153 2.67029e-07
      vertex -49.622 28.5096 2.67029e-07
    endloop
  endfacet
  facet normal 0.38245 0.923976 -0
    outer loop
      vertex -49.3014 28.3463 2.67029e-07
      vertex -49.4681 28.4153 5.74
      vertex -49.3014 28.3463 5.74
    endloop
  endfacet
  facet normal 0.38245 0.923976 0
    outer loop
      vertex -49.4681 28.4153 5.74
      vertex -49.3014 28.3463 2.67029e-07
      vertex -49.4681 28.4153 2.67029e-07
    endloop
  endfacet
  facet normal -0.923976 -0.38245 0
    outer loop
      vertex -47.8523 29.7954 2.67029e-07
      vertex -47.9213 29.9621 5.74
      vertex -47.9213 29.9621 2.67029e-07
    endloop
  endfacet
  facet normal -0.923976 -0.38245 0
    outer loop
      vertex -47.9213 29.9621 5.74
      vertex -47.8523 29.7954 2.67029e-07
      vertex -47.8523 29.7954 5.74
    endloop
  endfacet
  facet normal 0.852665 -0.522458 0
    outer loop
      vertex -49.9707 29.9621 5.74
      vertex -49.8764 30.116 2.67029e-07
      vertex -49.8764 30.116 5.74
    endloop
  endfacet
  facet normal 0.852665 -0.522458 0
    outer loop
      vertex -49.8764 30.116 2.67029e-07
      vertex -49.9707 29.9621 5.74
      vertex -49.9707 29.9621 2.67029e-07
    endloop
  endfacet
  facet normal 0.760351 -0.649513 0
    outer loop
      vertex -49.8764 30.116 5.74
      vertex -49.7592 30.2532 2.67029e-07
      vertex -49.7592 30.2532 5.74
    endloop
  endfacet
  facet normal 0.760351 -0.649513 0
    outer loop
      vertex -49.7592 30.2532 2.67029e-07
      vertex -49.8764 30.116 5.74
      vertex -49.8764 30.116 2.67029e-07
    endloop
  endfacet
  facet normal -0.852665 0.522458 0
    outer loop
      vertex -48.0156 28.764 2.67029e-07
      vertex -47.9213 28.9179 5.74
      vertex -47.9213 28.9179 2.67029e-07
    endloop
  endfacet
  facet normal -0.852665 0.522458 0
    outer loop
      vertex -47.9213 28.9179 5.74
      vertex -48.0156 28.764 2.67029e-07
      vertex -48.0156 28.764 5.74
    endloop
  endfacet
  facet normal 0.852665 0.522458 0
    outer loop
      vertex -49.8764 28.764 5.74
      vertex -49.9707 28.9179 2.67029e-07
      vertex -49.9707 28.9179 5.74
    endloop
  endfacet
  facet normal 0.852665 0.522458 0
    outer loop
      vertex -49.9707 28.9179 2.67029e-07
      vertex -49.8764 28.764 5.74
      vertex -49.8764 28.764 2.67029e-07
    endloop
  endfacet
  facet normal -0.078688 0.996899 0
    outer loop
      vertex -48.7661 28.3042 2.67029e-07
      vertex -48.946 28.29 5.74
      vertex -48.7661 28.3042 5.74
    endloop
  endfacet
  facet normal -0.078688 0.996899 0
    outer loop
      vertex -48.946 28.29 5.74
      vertex -48.7661 28.3042 2.67029e-07
      vertex -48.946 28.29 2.67029e-07
    endloop
  endfacet
  facet normal 0.923976 0.38245 0
    outer loop
      vertex -49.9707 28.9179 5.74
      vertex -50.0397 29.0846 2.67029e-07
      vertex -50.0397 29.0846 5.74
    endloop
  endfacet
  facet normal 0.923976 0.38245 0
    outer loop
      vertex -50.0397 29.0846 2.67029e-07
      vertex -49.9707 28.9179 5.74
      vertex -49.9707 28.9179 2.67029e-07
    endloop
  endfacet
  facet normal 0.760351 0.649513 0
    outer loop
      vertex -49.7592 28.6268 5.74
      vertex -49.8764 28.764 2.67029e-07
      vertex -49.8764 28.764 5.74
    endloop
  endfacet
  facet normal 0.760351 0.649513 0
    outer loop
      vertex -49.8764 28.764 2.67029e-07
      vertex -49.7592 28.6268 5.74
      vertex -49.7592 28.6268 2.67029e-07
    endloop
  endfacet
  facet normal 0.078688 -0.996899 0
    outer loop
      vertex -49.1259 30.5758 2.67029e-07
      vertex -48.946 30.59 5.74
      vertex -49.1259 30.5758 5.74
    endloop
  endfacet
  facet normal 0.078688 -0.996899 0
    outer loop
      vertex -48.946 30.59 5.74
      vertex -49.1259 30.5758 2.67029e-07
      vertex -48.946 30.59 2.67029e-07
    endloop
  endfacet
  facet normal -0.689025 0.163334 0.706092
    outer loop
      vertex -47.8102 29.2601 5.74
      vertex -47.1412 29.1276 6.42348
      vertex -47.1382 29.1537 6.42037
    endloop
  endfacet
  facet normal -0.68862 0.16519 0.706055
    outer loop
      vertex -47.1412 29.1276 6.42348
      vertex -47.8102 29.2601 5.74
      vertex -47.8523 29.0846 5.74
    endloop
  endfacet
  facet normal 0.654288 0.271019 0.706014
    outer loop
      vertex -50.6835 28.5547 6.54
      vertex -49.9707 28.9179 5.74
      vertex -50.8006 28.8374 6.54
    endloop
  endfacet
  facet normal -0.706055 0.0546463 0.706045
    outer loop
      vertex -47.796 29.44 5.74
      vertex -47.1281 29.4108 6.41017
      vertex -47.127 29.44 6.40901
    endloop
  endfacet
  facet normal -0.70599 0.0557257 0.706026
    outer loop
      vertex -47.1281 29.4108 6.41017
      vertex -47.796 29.44 5.74
      vertex -47.8102 29.2601 5.74
    endloop
  endfacet
  facet normal -0.705991 0.0557446 0.706024
    outer loop
      vertex -47.1382 29.1537 6.42037
      vertex -47.1281 29.4108 6.41017
      vertex -47.8102 29.2601 5.74
    endloop
  endfacet
  facet normal 0.706008 -0.0557271 0.706008
    outer loop
      vertex -50.096 29.44 5.74
      vertex -50.0818 29.6199 5.74
      vertex -50.896 29.44 6.54
    endloop
  endfacet
  facet normal 0.530739 -0.468299 0.706408
    outer loop
      vertex -50.3193 30.8101 6.53
      vertex -49.7592 30.2532 5.74
      vertex -50.3178 30.8118 6.53
    endloop
  endfacet
  facet normal 0.538471 -0.459977 0.706024
    outer loop
      vertex -49.7592 30.2532 5.74
      vertex -50.3193 30.8101 6.53
      vertex -49.8764 30.116 5.74
    endloop
  endfacet
  facet normal 0.46001 0.53851 0.705973
    outer loop
      vertex -50.088 27.872 6.53
      vertex -49.622 28.5096 5.74
      vertex -49.7592 28.6268 5.74
    endloop
  endfacet
  facet normal 0.468901 0.531421 0.705496
    outer loop
      vertex -49.622 28.5096 5.74
      vertex -50.088 27.872 6.53
      vertex -50.0863 27.8705 6.53
    endloop
  endfacet
  facet normal 0.706008 0.0557271 0.706008
    outer loop
      vertex -50.0818 29.2601 5.74
      vertex -50.096 29.44 5.74
      vertex -50.896 29.44 6.54
    endloop
  endfacet
  facet normal -0.603891 -0.36999 0.705991
    outer loop
      vertex -48.0156 30.116 5.74
      vertex -47.246 30.3673 6.53
      vertex -47.3765 30.5803 6.53
    endloop
  endfacet
  facet normal -0.603733 -0.370334 0.705946
    outer loop
      vertex -47.246 30.3673 6.53
      vertex -48.0156 30.116 5.74
      vertex -47.2325 30.3191 6.51626
    endloop
  endfacet
  facet normal 0.53861 -0.459857 0.705996
    outer loop
      vertex -49.8764 30.116 5.74
      vertex -50.3193 30.8101 6.53
      vertex -50.5155 30.5803 6.53
    endloop
  endfacet
  facet normal -0.0555338 0.706006 0.706026
    outer loop
      vertex -48.6425 27.5239 6.53
      vertex -48.7661 28.3042 5.74
      vertex -48.9438 27.5002 6.53
    endloop
  endfacet
  facet normal -0.263156 -0.65789 0.705641
    outer loop
      vertex -48.0673 31.1694 6.53
      vertex -48.4239 30.4647 5.74
      vertex -48.0653 31.1686 6.53
    endloop
  endfacet
  facet normal -0.27086 -0.654381 0.705989
    outer loop
      vertex -48.4239 30.4647 5.74
      vertex -48.0673 31.1694 6.53
      vertex -48.5906 30.5337 5.74
    endloop
  endfacet
  facet normal 0.705995 -0.0555537 0.706034
    outer loop
      vertex -50.0818 29.6199 5.74
      vertex -50.872 29.745 6.54
      vertex -50.896 29.44 6.54
    endloop
  endfacet
  facet normal 0.705995 0.0555537 0.706034
    outer loop
      vertex -50.872 29.135 6.54
      vertex -50.0818 29.2601 5.74
      vertex -50.896 29.44 6.54
    endloop
  endfacet
  facet normal -0.370114 0.603808 0.705997
    outer loop
      vertex -48.0633 27.7126 6.53
      vertex -47.8057 27.8705 6.53
      vertex -48.27 28.5096 5.74
    endloop
  endfacet
  facet normal -0.705991 -0.0557446 0.706024
    outer loop
      vertex -47.1281 29.4692 6.41017
      vertex -47.1382 29.7263 6.42037
      vertex -47.8102 29.6199 5.74
    endloop
  endfacet
  facet normal 0.165244 0.688633 0.706031
    outer loop
      vertex -49.2495 27.5239 6.53
      vertex -49.1259 28.3042 5.74
      vertex -49.5433 27.5944 6.53
    endloop
  endfacet
  facet normal -0.530739 -0.468299 0.706408
    outer loop
      vertex -48.1328 30.2532 5.74
      vertex -47.5727 30.8101 6.53
      vertex -47.5742 30.8118 6.53
    endloop
  endfacet
  facet normal -0.538471 -0.459977 0.706024
    outer loop
      vertex -47.5727 30.8101 6.53
      vertex -48.1328 30.2532 5.74
      vertex -48.0156 30.116 5.74
    endloop
  endfacet
  facet normal -0.165193 0.688631 0.706045
    outer loop
      vertex -48.7661 28.3042 5.74
      vertex -48.6403 27.5244 6.53
      vertex -48.5906 28.3463 5.74
    endloop
  endfacet
  facet normal -0.15688 0.69027 0.70634
    outer loop
      vertex -48.6403 27.5244 6.53
      vertex -48.7661 28.3042 5.74
      vertex -48.6425 27.5239 6.53
    endloop
  endfacet
  facet normal 0.538471 0.459977 0.706024
    outer loop
      vertex -50.3193 28.0699 6.53
      vertex -49.7592 28.6268 5.74
      vertex -49.8764 28.764 5.74
    endloop
  endfacet
  facet normal 0.530739 0.468299 0.706408
    outer loop
      vertex -49.7592 28.6268 5.74
      vertex -50.3193 28.0699 6.53
      vertex -50.3178 28.0682 6.53
    endloop
  endfacet
  facet normal -0.165472 -0.688607 0.706003
    outer loop
      vertex -48.5906 30.5337 5.74
      vertex -48.3465 31.285 6.53
      vertex -48.6403 31.3556 6.53
    endloop
  endfacet
  facet normal 0.603854 -0.370003 0.706015
    outer loop
      vertex -49.9707 29.9621 5.74
      vertex -49.8764 30.116 5.74
      vertex -50.6835 30.3253 6.54
    endloop
  endfacet
  facet normal -0.370114 -0.603808 0.705997
    outer loop
      vertex -47.8057 31.0095 6.53
      vertex -48.0633 31.1674 6.53
      vertex -48.27 30.3704 5.74
    endloop
  endfacet
  facet normal -0.655439 -0.267965 0.706113
    outer loop
      vertex -47.1758 30.0344 6.45865
      vertex -47.8523 29.7954 5.74
      vertex -47.1723 30.0163 6.45503
    endloop
  endfacet
  facet normal -0.654339 -0.270842 0.706035
    outer loop
      vertex -47.8523 29.7954 5.74
      vertex -47.1758 30.0344 6.45865
      vertex -47.9213 29.9621 5.74
    endloop
  endfacet
  facet normal 0.603891 0.36999 0.705991
    outer loop
      vertex -49.8764 28.764 5.74
      vertex -50.646 28.5127 6.53
      vertex -50.5155 28.2997 6.53
    endloop
  endfacet
  facet normal 0.602927 0.370045 0.706786
    outer loop
      vertex -50.646 28.5127 6.53
      vertex -50.6835 28.5547 6.54
      vertex -50.646 28.4936 6.54
    endloop
  endfacet
  facet normal 0.603522 0.370791 0.705886
    outer loop
      vertex -50.6835 28.5547 6.54
      vertex -50.646 28.5127 6.53
      vertex -49.8764 28.764 5.74
    endloop
  endfacet
  facet normal -0.53861 -0.459857 0.705996
    outer loop
      vertex -47.3765 30.5803 6.53
      vertex -47.5727 30.8101 6.53
      vertex -48.0156 30.116 5.74
    endloop
  endfacet
  facet normal 0.370114 -0.603808 0.705997
    outer loop
      vertex -49.622 30.3704 5.74
      vertex -49.8287 31.1674 6.53
      vertex -50.0863 31.0095 6.53
    endloop
  endfacet
  facet normal 0.165198 -0.688651 0.706023
    outer loop
      vertex -49.5433 31.2856 6.53
      vertex -49.3014 30.5337 5.74
      vertex -49.1259 30.5758 5.74
    endloop
  endfacet
  facet normal 0.186164 -0.6826 0.706683
    outer loop
      vertex -49.3014 30.5337 5.74
      vertex -49.5433 31.2856 6.53
      vertex -49.5455 31.285 6.53
    endloop
  endfacet
  facet normal -0.459855 0.538607 0.706001
    outer loop
      vertex -47.804 27.872 6.53
      vertex -47.5742 28.0682 6.53
      vertex -48.1328 28.6268 5.74
    endloop
  endfacet
  facet normal 0.165244 -0.688633 0.706031
    outer loop
      vertex -49.1259 30.5758 5.74
      vertex -49.2495 31.3561 6.53
      vertex -49.5433 31.2856 6.53
    endloop
  endfacet
  facet normal -0.68859 0.165553 0.706
    outer loop
      vertex -47.1723 28.8637 6.45503
      vertex -47.1412 29.1276 6.42348
      vertex -47.8523 29.0846 5.74
    endloop
  endfacet
  facet normal 0.654333 0.27084 0.706042
    outer loop
      vertex -49.9707 28.9179 5.74
      vertex -50.0397 29.0846 5.74
      vertex -50.8006 28.8374 6.54
    endloop
  endfacet
  facet normal -0.70599 -0.0557257 0.706026
    outer loop
      vertex -47.796 29.44 5.74
      vertex -47.1281 29.4692 6.41017
      vertex -47.8102 29.6199 5.74
    endloop
  endfacet
  facet normal -0.706055 -0.0546463 0.706045
    outer loop
      vertex -47.1281 29.4692 6.41017
      vertex -47.796 29.44 5.74
      vertex -47.127 29.44 6.40901
    endloop
  endfacet
  facet normal 0.271111 0.654229 0.706033
    outer loop
      vertex -49.5455 27.5949 6.53
      vertex -49.3014 28.3463 5.74
      vertex -49.8247 27.7106 6.53
    endloop
  endfacet
  facet normal 0.0555338 0.706006 0.706026
    outer loop
      vertex -48.9482 27.5002 6.53
      vertex -49.1259 28.3042 5.74
      vertex -49.2495 27.5239 6.53
    endloop
  endfacet
  facet normal 0.165198 0.688651 0.706023
    outer loop
      vertex -49.3014 28.3463 5.74
      vertex -49.5433 27.5944 6.53
      vertex -49.1259 28.3042 5.74
    endloop
  endfacet
  facet normal 0.157026 0.690915 0.705676
    outer loop
      vertex -49.5433 27.5944 6.53
      vertex -49.3014 28.3463 5.74
      vertex -49.5455 27.5949 6.53
    endloop
  endfacet
  facet normal -0.60417 -0.369477 0.706021
    outer loop
      vertex -47.2325 30.3191 6.51626
      vertex -47.9213 29.9621 5.74
      vertex -47.231 30.3138 6.51477
    endloop
  endfacet
  facet normal -0.603868 -0.370012 0.705999
    outer loop
      vertex -47.9213 29.9621 5.74
      vertex -47.2325 30.3191 6.51626
      vertex -48.0156 30.116 5.74
    endloop
  endfacet
  facet normal -0.370003 0.603855 0.706015
    outer loop
      vertex -48.4239 28.4153 5.74
      vertex -48.0633 27.7126 6.53
      vertex -48.27 28.5096 5.74
    endloop
  endfacet
  facet normal -0.364244 0.607073 0.706249
    outer loop
      vertex -48.0633 27.7126 6.53
      vertex -48.4239 28.4153 5.74
      vertex -48.0653 27.7114 6.53
    endloop
  endfacet
  facet normal -0.271111 0.654229 0.706033
    outer loop
      vertex -48.3465 27.5949 6.53
      vertex -48.0673 27.7106 6.53
      vertex -48.5906 28.3463 5.74
    endloop
  endfacet
  facet normal -0.654283 -0.27107 0.705999
    outer loop
      vertex -47.1758 30.0344 6.45865
      vertex -47.231 30.3138 6.51477
      vertex -47.9213 29.9621 5.74
    endloop
  endfacet
  facet normal 0.688637 0.165217 0.706032
    outer loop
      vertex -50.8006 28.8374 6.54
      vertex -50.0397 29.0846 5.74
      vertex -50.872 29.135 6.54
    endloop
  endfacet
  facet normal -0.46001 0.53851 0.705973
    outer loop
      vertex -48.27 28.5096 5.74
      vertex -47.804 27.872 6.53
      vertex -48.1328 28.6268 5.74
    endloop
  endfacet
  facet normal -0.468901 0.531421 0.705496
    outer loop
      vertex -47.804 27.872 6.53
      vertex -48.27 28.5096 5.74
      vertex -47.8057 27.8705 6.53
    endloop
  endfacet
  facet normal 0.370003 0.603855 0.706015
    outer loop
      vertex -49.8287 27.7126 6.53
      vertex -49.4681 28.4153 5.74
      vertex -49.622 28.5096 5.74
    endloop
  endfacet
  facet normal 0.364244 0.607073 0.706249
    outer loop
      vertex -49.4681 28.4153 5.74
      vertex -49.8287 27.7126 6.53
      vertex -49.8267 27.7114 6.53
    endloop
  endfacet
  facet normal -0.364244 -0.607073 0.706249
    outer loop
      vertex -48.4239 30.4647 5.74
      vertex -48.0633 31.1674 6.53
      vertex -48.0653 31.1686 6.53
    endloop
  endfacet
  facet normal -0.370003 -0.603855 0.706015
    outer loop
      vertex -48.0633 31.1674 6.53
      vertex -48.4239 30.4647 5.74
      vertex -48.27 30.3704 5.74
    endloop
  endfacet
  facet normal 0.688639 -0.165195 0.706036
    outer loop
      vertex -50.0818 29.6199 5.74
      vertex -50.0397 29.7954 5.74
      vertex -50.872 29.745 6.54
    endloop
  endfacet
  facet normal 0.459857 -0.53861 0.705996
    outer loop
      vertex -49.622 30.3704 5.74
      vertex -50.0863 31.0095 6.53
      vertex -50.3161 30.8133 6.53
    endloop
  endfacet
  facet normal 0.688637 -0.165217 0.706032
    outer loop
      vertex -50.0397 29.7954 5.74
      vertex -50.8006 30.0426 6.54
      vertex -50.872 29.745 6.54
    endloop
  endfacet
  facet normal 0.459855 0.538607 0.706001
    outer loop
      vertex -50.088 27.872 6.53
      vertex -49.7592 28.6268 5.74
      vertex -50.3178 28.0682 6.53
    endloop
  endfacet
  facet normal -0.270924 -0.654342 0.706
    outer loop
      vertex -48.0673 31.1694 6.53
      vertex -48.3465 31.285 6.53
      vertex -48.5906 30.5337 5.74
    endloop
  endfacet
  facet normal 0.459977 -0.538471 0.706024
    outer loop
      vertex -50.3161 30.8133 6.53
      vertex -49.7592 30.2532 5.74
      vertex -49.622 30.3704 5.74
    endloop
  endfacet
  facet normal 0.468299 -0.530739 0.706408
    outer loop
      vertex -49.7592 30.2532 5.74
      vertex -50.3161 30.8133 6.53
      vertex -50.3178 30.8118 6.53
    endloop
  endfacet
  facet normal 0.602927 -0.370045 0.706786
    outer loop
      vertex -50.646 30.3864 6.54
      vertex -50.6835 30.3253 6.54
      vertex -50.646 30.3673 6.53
    endloop
  endfacet
  facet normal 0.603891 -0.36999 0.705991
    outer loop
      vertex -50.646 30.3673 6.53
      vertex -49.8764 30.116 5.74
      vertex -50.5155 30.5803 6.53
    endloop
  endfacet
  facet normal 0.603522 -0.370791 0.705886
    outer loop
      vertex -49.8764 30.116 5.74
      vertex -50.646 30.3673 6.53
      vertex -50.6835 30.3253 6.54
    endloop
  endfacet
  facet normal 0.654333 -0.27084 0.706042
    outer loop
      vertex -50.0397 29.7954 5.74
      vertex -49.9707 29.9621 5.74
      vertex -50.8006 30.0426 6.54
    endloop
  endfacet
  facet normal 0.06415 0.70565 0.70565
    outer loop
      vertex -48.946 28.29 5.74
      vertex -48.9482 27.5002 6.53
      vertex -48.946 27.5 6.53
    endloop
  endfacet
  facet normal 0.0557281 0.70602 0.705996
    outer loop
      vertex -48.9482 27.5002 6.53
      vertex -48.946 28.29 5.74
      vertex -49.1259 28.3042 5.74
    endloop
  endfacet
  facet normal 0.370114 0.603808 0.705997
    outer loop
      vertex -49.8287 27.7126 6.53
      vertex -49.622 28.5096 5.74
      vertex -50.0863 27.8705 6.53
    endloop
  endfacet
  facet normal 0.0557281 -0.70602 0.705996
    outer loop
      vertex -48.946 30.59 5.74
      vertex -48.9482 31.3798 6.53
      vertex -49.1259 30.5758 5.74
    endloop
  endfacet
  facet normal 0.06415 -0.70565 0.70565
    outer loop
      vertex -48.9482 31.3798 6.53
      vertex -48.946 30.59 5.74
      vertex -48.946 31.38 6.53
    endloop
  endfacet
  facet normal 0.0555338 -0.706006 0.706026
    outer loop
      vertex -49.1259 30.5758 5.74
      vertex -48.9482 31.3798 6.53
      vertex -49.2495 31.3561 6.53
    endloop
  endfacet
  facet normal 0.688639 0.165195 0.706036
    outer loop
      vertex -50.0397 29.0846 5.74
      vertex -50.0818 29.2601 5.74
      vertex -50.872 29.135 6.54
    endloop
  endfacet
  facet normal -0.165242 0.688626 0.706037
    outer loop
      vertex -48.3465 27.5949 6.53
      vertex -48.5906 28.3463 5.74
      vertex -48.6403 27.5244 6.53
    endloop
  endfacet
  facet normal 0.654288 -0.271019 0.706014
    outer loop
      vertex -49.9707 29.9621 5.74
      vertex -50.6835 30.3253 6.54
      vertex -50.8006 30.0426 6.54
    endloop
  endfacet
  facet normal -0.0557281 0.70602 0.705996
    outer loop
      vertex -48.946 28.29 5.74
      vertex -48.9438 27.5002 6.53
      vertex -48.7661 28.3042 5.74
    endloop
  endfacet
  facet normal -0.06415 0.70565 0.70565
    outer loop
      vertex -48.9438 27.5002 6.53
      vertex -48.946 28.29 5.74
      vertex -48.946 27.5 6.53
    endloop
  endfacet
  facet normal -0.603733 0.370334 0.705946
    outer loop
      vertex -48.0156 28.764 5.74
      vertex -47.246 28.5127 6.53
      vertex -47.2325 28.5609 6.51626
    endloop
  endfacet
  facet normal -0.603891 0.36999 0.705991
    outer loop
      vertex -47.246 28.5127 6.53
      vertex -48.0156 28.764 5.74
      vertex -47.3765 28.2997 6.53
    endloop
  endfacet
  facet normal -0.53861 0.459857 0.705996
    outer loop
      vertex -47.5727 28.0699 6.53
      vertex -47.3765 28.2997 6.53
      vertex -48.0156 28.764 5.74
    endloop
  endfacet
  facet normal -0.655439 0.267965 0.706113
    outer loop
      vertex -47.8523 29.0846 5.74
      vertex -47.1758 28.8456 6.45865
      vertex -47.1723 28.8637 6.45503
    endloop
  endfacet
  facet normal -0.654339 0.270842 0.706035
    outer loop
      vertex -47.1758 28.8456 6.45865
      vertex -47.8523 29.0846 5.74
      vertex -47.9213 28.9179 5.74
    endloop
  endfacet
  facet normal -0.654283 0.27107 0.705999
    outer loop
      vertex -47.231 28.5662 6.51477
      vertex -47.1758 28.8456 6.45865
      vertex -47.9213 28.9179 5.74
    endloop
  endfacet
  facet normal -0.06415 -0.70565 0.70565
    outer loop
      vertex -48.946 30.59 5.74
      vertex -48.9438 31.3798 6.53
      vertex -48.946 31.38 6.53
    endloop
  endfacet
  facet normal -0.0557281 -0.70602 0.705996
    outer loop
      vertex -48.9438 31.3798 6.53
      vertex -48.946 30.59 5.74
      vertex -48.7661 30.5758 5.74
    endloop
  endfacet
  facet normal -0.15688 -0.69027 0.70634
    outer loop
      vertex -48.7661 30.5758 5.74
      vertex -48.6403 31.3556 6.53
      vertex -48.6425 31.3561 6.53
    endloop
  endfacet
  facet normal -0.165193 -0.688631 0.706045
    outer loop
      vertex -48.6403 31.3556 6.53
      vertex -48.7661 30.5758 5.74
      vertex -48.5906 30.5337 5.74
    endloop
  endfacet
  facet normal -0.68859 -0.165553 0.706
    outer loop
      vertex -47.1412 29.7524 6.42348
      vertex -47.1723 30.0163 6.45503
      vertex -47.8523 29.7954 5.74
    endloop
  endfacet
  facet normal -0.689025 -0.163334 0.706092
    outer loop
      vertex -47.1412 29.7524 6.42348
      vertex -47.8102 29.6199 5.74
      vertex -47.1382 29.7263 6.42037
    endloop
  endfacet
  facet normal -0.68862 -0.16519 0.706055
    outer loop
      vertex -47.8102 29.6199 5.74
      vertex -47.1412 29.7524 6.42348
      vertex -47.8523 29.7954 5.74
    endloop
  endfacet
  facet normal -0.0555338 -0.706006 0.706026
    outer loop
      vertex -48.7661 30.5758 5.74
      vertex -48.6425 31.3561 6.53
      vertex -48.9438 31.3798 6.53
    endloop
  endfacet
  facet normal 0.270924 -0.654342 0.706
    outer loop
      vertex -49.3014 30.5337 5.74
      vertex -49.5455 31.285 6.53
      vertex -49.8247 31.1694 6.53
    endloop
  endfacet
  facet normal 0.27086 0.654381 0.705989
    outer loop
      vertex -49.4681 28.4153 5.74
      vertex -49.8247 27.7106 6.53
      vertex -49.3014 28.3463 5.74
    endloop
  endfacet
  facet normal 0.263156 0.65789 0.705641
    outer loop
      vertex -49.8247 27.7106 6.53
      vertex -49.4681 28.4153 5.74
      vertex -49.8267 27.7114 6.53
    endloop
  endfacet
  facet normal -0.459857 -0.53861 0.705996
    outer loop
      vertex -47.5759 30.8133 6.53
      vertex -47.8057 31.0095 6.53
      vertex -48.27 30.3704 5.74
    endloop
  endfacet
  facet normal -0.468299 -0.530739 0.706408
    outer loop
      vertex -47.5759 30.8133 6.53
      vertex -48.1328 30.2532 5.74
      vertex -47.5742 30.8118 6.53
    endloop
  endfacet
  facet normal -0.459977 -0.538471 0.706024
    outer loop
      vertex -48.1328 30.2532 5.74
      vertex -47.5759 30.8133 6.53
      vertex -48.27 30.3704 5.74
    endloop
  endfacet
  facet normal 0.53861 0.459857 0.705996
    outer loop
      vertex -50.3193 28.0699 6.53
      vertex -49.8764 28.764 5.74
      vertex -50.5155 28.2997 6.53
    endloop
  endfacet
  facet normal 0.603854 0.370003 0.706015
    outer loop
      vertex -49.8764 28.764 5.74
      vertex -49.9707 28.9179 5.74
      vertex -50.6835 28.5547 6.54
    endloop
  endfacet
  facet normal -0.538471 0.459977 0.706024
    outer loop
      vertex -48.1328 28.6268 5.74
      vertex -47.5727 28.0699 6.53
      vertex -48.0156 28.764 5.74
    endloop
  endfacet
  facet normal -0.530739 0.468299 0.706408
    outer loop
      vertex -47.5727 28.0699 6.53
      vertex -48.1328 28.6268 5.74
      vertex -47.5742 28.0682 6.53
    endloop
  endfacet
  facet normal -0.263156 0.65789 0.705641
    outer loop
      vertex -48.4239 28.4153 5.74
      vertex -48.0673 27.7106 6.53
      vertex -48.0653 27.7114 6.53
    endloop
  endfacet
  facet normal -0.27086 0.654381 0.705989
    outer loop
      vertex -48.0673 27.7106 6.53
      vertex -48.4239 28.4153 5.74
      vertex -48.5906 28.3463 5.74
    endloop
  endfacet
  facet normal -0.60417 0.369477 0.706021
    outer loop
      vertex -47.9213 28.9179 5.74
      vertex -47.2325 28.5609 6.51626
      vertex -47.231 28.5662 6.51477
    endloop
  endfacet
  facet normal -0.603868 0.370012 0.705999
    outer loop
      vertex -47.2325 28.5609 6.51626
      vertex -47.9213 28.9179 5.74
      vertex -48.0156 28.764 5.74
    endloop
  endfacet
  facet normal 0.27086 -0.654381 0.705989
    outer loop
      vertex -49.8247 31.1694 6.53
      vertex -49.4681 30.4647 5.74
      vertex -49.3014 30.5337 5.74
    endloop
  endfacet
  facet normal 0.263156 -0.65789 0.705641
    outer loop
      vertex -49.4681 30.4647 5.74
      vertex -49.8247 31.1694 6.53
      vertex -49.8267 31.1686 6.53
    endloop
  endfacet
  facet normal 0.364244 -0.607073 0.706249
    outer loop
      vertex -49.8287 31.1674 6.53
      vertex -49.4681 30.4647 5.74
      vertex -49.8267 31.1686 6.53
    endloop
  endfacet
  facet normal 0.370003 -0.603855 0.706015
    outer loop
      vertex -49.4681 30.4647 5.74
      vertex -49.8287 31.1674 6.53
      vertex -49.622 30.3704 5.74
    endloop
  endfacet
  facet normal -0.972403 0.233306 0
    outer loop
      vertex 50.0397 4.64463 2.67029e-07
      vertex 50.0818 4.8201 5.74
      vertex 50.0818 4.8201 2.67029e-07
    endloop
  endfacet
  facet normal -0.972403 0.233306 0
    outer loop
      vertex 50.0818 4.8201 5.74
      vertex 50.0397 4.64463 2.67029e-07
      vertex 50.0397 4.64463 5.74
    endloop
  endfacet
  facet normal -0.996899 0.078688 0
    outer loop
      vertex 50.0818 4.8201 2.67029e-07
      vertex 50.096 5 5.74
      vertex 50.096 5 2.67029e-07
    endloop
  endfacet
  facet normal -0.996899 0.078688 0
    outer loop
      vertex 50.096 5 5.74
      vertex 50.0818 4.8201 2.67029e-07
      vertex 50.0818 4.8201 5.74
    endloop
  endfacet
  facet normal -0.923993 0.382411 0
    outer loop
      vertex 49.9707 4.47791 2.67029e-07
      vertex 50.0397 4.64463 5.74
      vertex 50.0397 4.64463 2.67029e-07
    endloop
  endfacet
  facet normal -0.923993 0.382411 0
    outer loop
      vertex 50.0397 4.64463 5.74
      vertex 49.9707 4.47791 2.67029e-07
      vertex 49.9707 4.47791 5.74
    endloop
  endfacet
  facet normal 0.996899 -0.078688 0
    outer loop
      vertex 47.796 5 5.74
      vertex 47.8102 5.1799 2.67029e-07
      vertex 47.8102 5.1799 5.74
    endloop
  endfacet
  facet normal 0.996899 -0.078688 0
    outer loop
      vertex 47.8102 5.1799 2.67029e-07
      vertex 47.796 5 5.74
      vertex 47.796 5 2.67029e-07
    endloop
  endfacet
  facet normal -0.760398 0.649458 0
    outer loop
      vertex 49.7592 4.18683 2.67029e-07
      vertex 49.8764 4.32405 5.74
      vertex 49.8764 4.32405 2.67029e-07
    endloop
  endfacet
  facet normal -0.760398 0.649458 0
    outer loop
      vertex 49.8764 4.32405 5.74
      vertex 49.7592 4.18683 2.67029e-07
      vertex 49.7592 4.18683 5.74
    endloop
  endfacet
  facet normal 0.0784677 -0.996917 0
    outer loop
      vertex 48.7661 6.13584 2.67029e-07
      vertex 48.946 6.15 5.74
      vertex 48.7661 6.13584 5.74
    endloop
  endfacet
  facet normal 0.0784677 -0.996917 0
    outer loop
      vertex 48.946 6.15 5.74
      vertex 48.7661 6.13584 2.67029e-07
      vertex 48.946 6.15 2.67029e-07
    endloop
  endfacet
  facet normal -0.233373 0.972387 0
    outer loop
      vertex 49.3014 3.90628 2.67029e-07
      vertex 49.1259 3.86416 5.74
      vertex 49.3014 3.90628 5.74
    endloop
  endfacet
  facet normal -0.233373 0.972387 0
    outer loop
      vertex 49.1259 3.86416 5.74
      vertex 49.3014 3.90628 2.67029e-07
      vertex 49.1259 3.86416 2.67029e-07
    endloop
  endfacet
  facet normal 0.522418 -0.85269 0
    outer loop
      vertex 48.27 5.93037 2.67029e-07
      vertex 48.4239 6.02466 5.74
      vertex 48.27 5.93037 5.74
    endloop
  endfacet
  facet normal 0.522418 -0.85269 0
    outer loop
      vertex 48.4239 6.02466 5.74
      vertex 48.27 5.93037 2.67029e-07
      vertex 48.4239 6.02466 2.67029e-07
    endloop
  endfacet
  facet normal 0.923993 0.382411 0
    outer loop
      vertex 47.9213 4.47791 5.74
      vertex 47.8523 4.64463 2.67029e-07
      vertex 47.8523 4.64463 5.74
    endloop
  endfacet
  facet normal 0.923993 0.382411 0
    outer loop
      vertex 47.8523 4.64463 2.67029e-07
      vertex 47.9213 4.47791 5.74
      vertex 47.9213 4.47791 2.67029e-07
    endloop
  endfacet
  facet normal -0.996899 -0.078688 0
    outer loop
      vertex 50.096 5 2.67029e-07
      vertex 50.0818 5.1799 5.74
      vertex 50.0818 5.1799 2.67029e-07
    endloop
  endfacet
  facet normal -0.996899 -0.078688 0
    outer loop
      vertex 50.0818 5.1799 5.74
      vertex 50.096 5 2.67029e-07
      vertex 50.096 5 5.74
    endloop
  endfacet
  facet normal -0.522418 0.85269 0
    outer loop
      vertex 49.622 4.06963 2.67029e-07
      vertex 49.4681 3.97534 5.74
      vertex 49.622 4.06963 5.74
    endloop
  endfacet
  facet normal -0.522418 0.85269 0
    outer loop
      vertex 49.4681 3.97534 5.74
      vertex 49.622 4.06963 2.67029e-07
      vertex 49.4681 3.97534 2.67029e-07
    endloop
  endfacet
  facet normal -0.852604 0.522557 0
    outer loop
      vertex 49.8764 4.32405 2.67029e-07
      vertex 49.9707 4.47791 5.74
      vertex 49.9707 4.47791 2.67029e-07
    endloop
  endfacet
  facet normal -0.852604 0.522557 0
    outer loop
      vertex 49.9707 4.47791 5.74
      vertex 49.8764 4.32405 2.67029e-07
      vertex 49.8764 4.32405 5.74
    endloop
  endfacet
  facet normal -0.852604 -0.522557 0
    outer loop
      vertex 49.9707 5.52209 2.67029e-07
      vertex 49.8764 5.67595 5.74
      vertex 49.8764 5.67595 2.67029e-07
    endloop
  endfacet
  facet normal -0.852604 -0.522557 0
    outer loop
      vertex 49.8764 5.67595 5.74
      vertex 49.9707 5.52209 2.67029e-07
      vertex 49.9707 5.52209 5.74
    endloop
  endfacet
  facet normal 0.233425 -0.972375 0
    outer loop
      vertex 48.5906 6.09371 2.67029e-07
      vertex 48.7661 6.13584 5.74
      vertex 48.5906 6.09371 5.74
    endloop
  endfacet
  facet normal 0.233425 -0.972375 0
    outer loop
      vertex 48.7661 6.13584 5.74
      vertex 48.5906 6.09371 2.67029e-07
      vertex 48.7661 6.13584 2.67029e-07
    endloop
  endfacet
  facet normal -0.522418 -0.85269 0
    outer loop
      vertex 49.4681 6.02466 2.67029e-07
      vertex 49.622 5.93037 5.74
      vertex 49.4681 6.02466 5.74
    endloop
  endfacet
  facet normal -0.522418 -0.85269 -0
    outer loop
      vertex 49.622 5.93037 5.74
      vertex 49.4681 6.02466 2.67029e-07
      vertex 49.622 5.93037 2.67029e-07
    endloop
  endfacet
  facet normal -0.233425 -0.972375 0
    outer loop
      vertex 49.1259 6.13584 2.67029e-07
      vertex 49.3014 6.09371 5.74
      vertex 49.1259 6.13584 5.74
    endloop
  endfacet
  facet normal -0.233425 -0.972375 -0
    outer loop
      vertex 49.3014 6.09371 5.74
      vertex 49.1259 6.13584 2.67029e-07
      vertex 49.3014 6.09371 2.67029e-07
    endloop
  endfacet
  facet normal 0.649513 0.760351 -0
    outer loop
      vertex 48.27 4.06963 2.67029e-07
      vertex 48.1328 4.18683 5.74
      vertex 48.27 4.06963 5.74
    endloop
  endfacet
  facet normal 0.649513 0.760351 0
    outer loop
      vertex 48.1328 4.18683 5.74
      vertex 48.27 4.06963 2.67029e-07
      vertex 48.1328 4.18683 2.67029e-07
    endloop
  endfacet
  facet normal 0.649513 -0.760351 0
    outer loop
      vertex 48.1328 5.81317 2.67029e-07
      vertex 48.27 5.93037 5.74
      vertex 48.1328 5.81317 5.74
    endloop
  endfacet
  facet normal 0.649513 -0.760351 0
    outer loop
      vertex 48.27 5.93037 5.74
      vertex 48.1328 5.81317 2.67029e-07
      vertex 48.27 5.93037 2.67029e-07
    endloop
  endfacet
  facet normal 0.233373 0.972387 -0
    outer loop
      vertex 48.7661 3.86416 2.67029e-07
      vertex 48.5906 3.90628 5.74
      vertex 48.7661 3.86416 5.74
    endloop
  endfacet
  facet normal 0.233373 0.972387 0
    outer loop
      vertex 48.5906 3.90628 5.74
      vertex 48.7661 3.86416 2.67029e-07
      vertex 48.5906 3.90628 2.67029e-07
    endloop
  endfacet
  facet normal 0.760398 -0.649458 0
    outer loop
      vertex 48.0156 5.67595 5.74
      vertex 48.1328 5.81317 2.67029e-07
      vertex 48.1328 5.81317 5.74
    endloop
  endfacet
  facet normal 0.760398 -0.649458 0
    outer loop
      vertex 48.1328 5.81317 2.67029e-07
      vertex 48.0156 5.67595 5.74
      vertex 48.0156 5.67595 2.67029e-07
    endloop
  endfacet
  facet normal 0.923993 -0.382411 0
    outer loop
      vertex 47.8523 5.35537 5.74
      vertex 47.9213 5.52209 2.67029e-07
      vertex 47.9213 5.52209 5.74
    endloop
  endfacet
  facet normal 0.923993 -0.382411 0
    outer loop
      vertex 47.9213 5.52209 2.67029e-07
      vertex 47.8523 5.35537 5.74
      vertex 47.8523 5.35537 2.67029e-07
    endloop
  endfacet
  facet normal -0.649513 -0.760351 0
    outer loop
      vertex 49.622 5.93037 2.67029e-07
      vertex 49.7592 5.81317 5.74
      vertex 49.622 5.93037 5.74
    endloop
  endfacet
  facet normal -0.649513 -0.760351 -0
    outer loop
      vertex 49.7592 5.81317 5.74
      vertex 49.622 5.93037 2.67029e-07
      vertex 49.7592 5.81317 2.67029e-07
    endloop
  endfacet
  facet normal -0.972403 -0.233306 0
    outer loop
      vertex 50.0818 5.1799 2.67029e-07
      vertex 50.0397 5.35537 5.74
      vertex 50.0397 5.35537 2.67029e-07
    endloop
  endfacet
  facet normal -0.972403 -0.233306 0
    outer loop
      vertex 50.0397 5.35537 5.74
      vertex 50.0818 5.1799 2.67029e-07
      vertex 50.0818 5.1799 5.74
    endloop
  endfacet
  facet normal 0.382686 -0.923878 0
    outer loop
      vertex 48.4239 6.02466 2.67029e-07
      vertex 48.5906 6.09371 5.74
      vertex 48.4239 6.02466 5.74
    endloop
  endfacet
  facet normal 0.382686 -0.923878 0
    outer loop
      vertex 48.5906 6.09371 5.74
      vertex 48.4239 6.02466 2.67029e-07
      vertex 48.5906 6.09371 2.67029e-07
    endloop
  endfacet
  facet normal -0.0784677 0.996917 0
    outer loop
      vertex 49.1259 3.86416 2.67029e-07
      vertex 48.946 3.85 5.74
      vertex 49.1259 3.86416 5.74
    endloop
  endfacet
  facet normal -0.0784677 0.996917 0
    outer loop
      vertex 48.946 3.85 5.74
      vertex 49.1259 3.86416 2.67029e-07
      vertex 48.946 3.85 2.67029e-07
    endloop
  endfacet
  facet normal -0.923993 -0.382411 0
    outer loop
      vertex 50.0397 5.35537 2.67029e-07
      vertex 49.9707 5.52209 5.74
      vertex 49.9707 5.52209 2.67029e-07
    endloop
  endfacet
  facet normal -0.923993 -0.382411 0
    outer loop
      vertex 49.9707 5.52209 5.74
      vertex 50.0397 5.35537 2.67029e-07
      vertex 50.0397 5.35537 5.74
    endloop
  endfacet
  facet normal -0.382686 -0.923878 0
    outer loop
      vertex 49.3014 6.09371 2.67029e-07
      vertex 49.4681 6.02466 5.74
      vertex 49.3014 6.09371 5.74
    endloop
  endfacet
  facet normal -0.382686 -0.923878 -0
    outer loop
      vertex 49.4681 6.02466 5.74
      vertex 49.3014 6.09371 2.67029e-07
      vertex 49.4681 6.02466 2.67029e-07
    endloop
  endfacet
  facet normal -0.649513 0.760351 0
    outer loop
      vertex 49.7592 4.18683 2.67029e-07
      vertex 49.622 4.06963 5.74
      vertex 49.7592 4.18683 5.74
    endloop
  endfacet
  facet normal -0.649513 0.760351 0
    outer loop
      vertex 49.622 4.06963 5.74
      vertex 49.7592 4.18683 2.67029e-07
      vertex 49.622 4.06963 2.67029e-07
    endloop
  endfacet
  facet normal -0.760398 -0.649458 0
    outer loop
      vertex 49.8764 5.67595 2.67029e-07
      vertex 49.7592 5.81317 5.74
      vertex 49.7592 5.81317 2.67029e-07
    endloop
  endfacet
  facet normal -0.760398 -0.649458 0
    outer loop
      vertex 49.7592 5.81317 5.74
      vertex 49.8764 5.67595 2.67029e-07
      vertex 49.8764 5.67595 5.74
    endloop
  endfacet
  facet normal 0.760398 0.649458 0
    outer loop
      vertex 48.1328 4.18683 5.74
      vertex 48.0156 4.32405 2.67029e-07
      vertex 48.0156 4.32405 5.74
    endloop
  endfacet
  facet normal 0.760398 0.649458 0
    outer loop
      vertex 48.0156 4.32405 2.67029e-07
      vertex 48.1328 4.18683 5.74
      vertex 48.1328 4.18683 2.67029e-07
    endloop
  endfacet
  facet normal 0.522418 0.85269 -0
    outer loop
      vertex 48.4239 3.97534 2.67029e-07
      vertex 48.27 4.06963 5.74
      vertex 48.4239 3.97534 5.74
    endloop
  endfacet
  facet normal 0.522418 0.85269 0
    outer loop
      vertex 48.27 4.06963 5.74
      vertex 48.4239 3.97534 2.67029e-07
      vertex 48.27 4.06963 2.67029e-07
    endloop
  endfacet
  facet normal 0.972403 0.233306 0
    outer loop
      vertex 47.8523 4.64463 5.74
      vertex 47.8102 4.8201 2.67029e-07
      vertex 47.8102 4.8201 5.74
    endloop
  endfacet
  facet normal 0.972403 0.233306 0
    outer loop
      vertex 47.8102 4.8201 2.67029e-07
      vertex 47.8523 4.64463 5.74
      vertex 47.8523 4.64463 2.67029e-07
    endloop
  endfacet
  facet normal 0.382734 0.923859 -0
    outer loop
      vertex 48.5906 3.90628 2.67029e-07
      vertex 48.4239 3.97534 5.74
      vertex 48.5906 3.90628 5.74
    endloop
  endfacet
  facet normal 0.382734 0.923859 0
    outer loop
      vertex 48.4239 3.97534 5.74
      vertex 48.5906 3.90628 2.67029e-07
      vertex 48.4239 3.97534 2.67029e-07
    endloop
  endfacet
  facet normal 0.0784677 0.996917 -0
    outer loop
      vertex 48.946 3.85 2.67029e-07
      vertex 48.7661 3.86416 5.74
      vertex 48.946 3.85 5.74
    endloop
  endfacet
  facet normal 0.0784677 0.996917 0
    outer loop
      vertex 48.7661 3.86416 5.74
      vertex 48.946 3.85 2.67029e-07
      vertex 48.7661 3.86416 2.67029e-07
    endloop
  endfacet
  facet normal -0.382734 0.923859 0
    outer loop
      vertex 49.4681 3.97534 2.67029e-07
      vertex 49.3014 3.90628 5.74
      vertex 49.4681 3.97534 5.74
    endloop
  endfacet
  facet normal -0.382734 0.923859 0
    outer loop
      vertex 49.3014 3.90628 5.74
      vertex 49.4681 3.97534 2.67029e-07
      vertex 49.3014 3.90628 2.67029e-07
    endloop
  endfacet
  facet normal 0.852604 -0.522557 0
    outer loop
      vertex 47.9213 5.52209 5.74
      vertex 48.0156 5.67595 2.67029e-07
      vertex 48.0156 5.67595 5.74
    endloop
  endfacet
  facet normal 0.852604 -0.522557 0
    outer loop
      vertex 48.0156 5.67595 2.67029e-07
      vertex 47.9213 5.52209 5.74
      vertex 47.9213 5.52209 2.67029e-07
    endloop
  endfacet
  facet normal 0.996899 0.078688 0
    outer loop
      vertex 47.8102 4.8201 5.74
      vertex 47.796 5 2.67029e-07
      vertex 47.796 5 5.74
    endloop
  endfacet
  facet normal 0.996899 0.078688 0
    outer loop
      vertex 47.796 5 2.67029e-07
      vertex 47.8102 4.8201 5.74
      vertex 47.8102 4.8201 2.67029e-07
    endloop
  endfacet
  facet normal 0.972403 -0.233306 0
    outer loop
      vertex 47.8102 5.1799 5.74
      vertex 47.8523 5.35537 2.67029e-07
      vertex 47.8523 5.35537 5.74
    endloop
  endfacet
  facet normal 0.972403 -0.233306 0
    outer loop
      vertex 47.8523 5.35537 2.67029e-07
      vertex 47.8102 5.1799 5.74
      vertex 47.8102 5.1799 2.67029e-07
    endloop
  endfacet
  facet normal -0.0784677 -0.996917 0
    outer loop
      vertex 48.946 6.15 2.67029e-07
      vertex 49.1259 6.13584 5.74
      vertex 48.946 6.15 5.74
    endloop
  endfacet
  facet normal -0.0784677 -0.996917 -0
    outer loop
      vertex 49.1259 6.13584 5.74
      vertex 48.946 6.15 2.67029e-07
      vertex 49.1259 6.13584 2.67029e-07
    endloop
  endfacet
  facet normal 0.852604 0.522557 0
    outer loop
      vertex 48.0156 4.32405 5.74
      vertex 47.9213 4.47791 2.67029e-07
      vertex 47.9213 4.47791 5.74
    endloop
  endfacet
  facet normal 0.852604 0.522557 0
    outer loop
      vertex 47.9213 4.47791 2.67029e-07
      vertex 48.0156 4.32405 5.74
      vertex 48.0156 4.32405 2.67029e-07
    endloop
  endfacet
  facet normal 0.705991 0.0557382 0.706024
    outer loop
      vertex 47.1382 4.71367 6.42037
      vertex 47.8102 4.8201 5.74
      vertex 47.1281 4.9708 6.41017
    endloop
  endfacet
  facet normal -0.706008 0.0557271 0.706008
    outer loop
      vertex 50.896 5 6.54
      vertex 50.096 5 5.74
      vertex 50.0818 4.8201 5.74
    endloop
  endfacet
  facet normal -0.705995 0.0555446 0.706036
    outer loop
      vertex 50.872 4.69495 6.54
      vertex 50.896 5 6.54
      vertex 50.0818 4.8201 5.74
    endloop
  endfacet
  facet normal 0.533542 -0.465298 0.70628
    outer loop
      vertex 47.5727 6.37007 6.53
      vertex 48.1328 5.81317 5.74
      vertex 47.5742 6.37179 6.53
    endloop
  endfacet
  facet normal 0.538506 -0.459939 0.706022
    outer loop
      vertex 48.1328 5.81317 5.74
      vertex 47.5727 6.37007 6.53
      vertex 48.0156 5.67595 5.74
    endloop
  endfacet
  facet normal -0.600362 -0.375226 0.706237
    outer loop
      vertex 49.8764 5.67595 5.74
      vertex 50.5167 6.13838 6.53
      vertex 50.5155 6.1403 6.53
    endloop
  endfacet
  facet normal -0.603811 -0.370073 0.706016
    outer loop
      vertex 50.5167 6.13838 6.53
      vertex 49.8764 5.67595 5.74
      vertex 49.9707 5.52209 5.74
    endloop
  endfacet
  facet normal 0.705991 -0.0557382 0.706024
    outer loop
      vertex 47.8102 5.1799 5.74
      vertex 47.1382 5.28633 6.42037
      vertex 47.1281 5.0292 6.41017
    endloop
  endfacet
  facet normal -0.53857 0.459884 0.706009
    outer loop
      vertex 50.3193 3.62993 6.53
      vertex 50.5155 3.8597 6.53
      vertex 49.8764 4.32405 5.74
    endloop
  endfacet
  facet normal -0.65429 -0.27102 0.706012
    outer loop
      vertex 50.8006 5.60258 6.54
      vertex 50.6835 5.88528 6.54
      vertex 49.9707 5.52209 5.74
    endloop
  endfacet
  facet normal 0.359666 -0.609603 0.706417
    outer loop
      vertex 48.0633 6.72737 6.53
      vertex 48.4239 6.02466 5.74
      vertex 48.0653 6.72855 6.53
    endloop
  endfacet
  facet normal 0.369972 -0.603868 0.70602
    outer loop
      vertex 48.4239 6.02466 5.74
      vertex 48.0633 6.72737 6.53
      vertex 48.27 5.93037 5.74
    endloop
  endfacet
  facet normal 0.603883 -0.369987 0.705999
    outer loop
      vertex 47.246 5.92734 6.53
      vertex 47.9213 5.52209 5.74
      vertex 47.3753 6.13838 6.53
    endloop
  endfacet
  facet normal 0.603761 -0.370188 0.705998
    outer loop
      vertex 47.9213 5.52209 5.74
      vertex 47.246 5.92734 6.53
      vertex 47.231 5.87383 6.51477
    endloop
  endfacet
  facet normal -0.165335 -0.688623 0.706018
    outer loop
      vertex 49.5433 6.84558 6.53
      vertex 49.2495 6.91612 6.53
      vertex 49.1259 6.13584 5.74
    endloop
  endfacet
  facet normal -0.165862 0.688483 0.706032
    outer loop
      vertex 49.3014 3.90628 5.74
      vertex 49.5433 3.15442 6.53
      vertex 49.5455 3.15495 6.53
    endloop
  endfacet
  facet normal -0.165275 0.688648 0.706009
    outer loop
      vertex 49.5433 3.15442 6.53
      vertex 49.3014 3.90628 5.74
      vertex 49.1259 3.86416 5.74
    endloop
  endfacet
  facet normal -0.165335 0.688623 0.706018
    outer loop
      vertex 49.2495 3.08388 6.53
      vertex 49.5433 3.15442 6.53
      vertex 49.1259 3.86416 5.74
    endloop
  endfacet
  facet normal 0.654345 -0.270812 0.706041
    outer loop
      vertex 47.1758 5.5944 6.45865
      vertex 47.8523 5.35537 5.74
      vertex 47.9213 5.52209 5.74
    endloop
  endfacet
  facet normal 0.655328 -0.268239 0.706111
    outer loop
      vertex 47.8523 5.35537 5.74
      vertex 47.1758 5.5944 6.45865
      vertex 47.1723 5.57632 6.45503
    endloop
  endfacet
  facet normal 0.370093 0.603813 0.706004
    outer loop
      vertex 48.0633 3.27262 6.53
      vertex 48.27 4.06963 5.74
      vertex 47.8057 3.43051 6.53
    endloop
  endfacet
  facet normal 0.459981 -0.538476 0.706017
    outer loop
      vertex 47.5759 6.37325 6.53
      vertex 48.1328 5.81317 5.74
      vertex 48.27 5.93037 5.74
    endloop
  endfacet
  facet normal 0.461362 -0.537202 0.706087
    outer loop
      vertex 48.1328 5.81317 5.74
      vertex 47.5759 6.37325 6.53
      vertex 47.5742 6.37179 6.53
    endloop
  endfacet
  facet normal -0.53857 -0.459884 0.706009
    outer loop
      vertex 50.5155 6.1403 6.53
      vertex 50.3193 6.37007 6.53
      vertex 49.8764 5.67595 5.74
    endloop
  endfacet
  facet normal 0.654288 -0.271043 0.706005
    outer loop
      vertex 47.9213 5.52209 5.74
      vertex 47.231 5.87383 6.51477
      vertex 47.1758 5.5944 6.45865
    endloop
  endfacet
  facet normal -0.603811 0.370073 0.706016
    outer loop
      vertex 49.8764 4.32405 5.74
      vertex 50.5167 3.86162 6.53
      vertex 49.9707 4.47791 5.74
    endloop
  endfacet
  facet normal -0.600362 0.375226 0.706237
    outer loop
      vertex 50.5167 3.86162 6.53
      vertex 49.8764 4.32405 5.74
      vertex 50.5155 3.8597 6.53
    endloop
  endfacet
  facet normal 0.0555345 -0.706015 0.706017
    outer loop
      vertex 48.7661 6.13584 5.74
      vertex 48.9438 6.93982 6.53
      vertex 48.6425 6.91612 6.53
    endloop
  endfacet
  facet normal 0.271052 0.654278 0.706011
    outer loop
      vertex 48.3444 3.15581 6.53
      vertex 48.5906 3.90628 5.74
      vertex 48.4239 3.97534 5.74
    endloop
  endfacet
  facet normal 0.268351 0.655276 0.706117
    outer loop
      vertex 48.5906 3.90628 5.74
      vertex 48.3444 3.15581 6.53
      vertex 48.3465 3.15495 6.53
    endloop
  endfacet
  facet normal 0.654345 0.270812 0.706041
    outer loop
      vertex 47.8523 4.64463 5.74
      vertex 47.1758 4.4056 6.45865
      vertex 47.9213 4.47791 5.74
    endloop
  endfacet
  facet normal 0.655276 0.268377 0.706107
    outer loop
      vertex 47.1758 4.4056 6.45865
      vertex 47.8523 4.64463 5.74
      vertex 47.1723 4.42367 6.45503
    endloop
  endfacet
  facet normal 0.0577576 -0.705926 0.705926
    outer loop
      vertex 48.9438 6.93982 6.53
      vertex 48.946 6.15 5.74
      vertex 48.946 6.94 6.53
    endloop
  endfacet
  facet normal 0.0555709 -0.706017 0.706011
    outer loop
      vertex 48.946 6.15 5.74
      vertex 48.9438 6.93982 6.53
      vertex 48.7661 6.13584 5.74
    endloop
  endfacet
  facet normal -0.603588 -0.370269 0.706103
    outer loop
      vertex 50.646 5.92734 6.53
      vertex 50.6835 5.88528 6.54
      vertex 50.646 5.94641 6.54
    endloop
  endfacet
  facet normal -0.603658 -0.370357 0.705997
    outer loop
      vertex 50.646 5.92734 6.53
      vertex 49.9707 5.52209 5.74
      vertex 50.6835 5.88528 6.54
    endloop
  endfacet
  facet normal -0.603883 -0.369987 0.705999
    outer loop
      vertex 49.9707 5.52209 5.74
      vertex 50.646 5.92734 6.53
      vertex 50.5167 6.13838 6.53
    endloop
  endfacet
  facet normal -0.688635 0.165222 0.706034
    outer loop
      vertex 50.8006 4.39742 6.54
      vertex 50.0818 4.8201 5.74
      vertex 50.0397 4.64463 5.74
    endloop
  endfacet
  facet normal -0.370093 0.603813 0.706004
    outer loop
      vertex 49.8287 3.27262 6.53
      vertex 50.0863 3.43051 6.53
      vertex 49.622 4.06963 5.74
    endloop
  endfacet
  facet normal -0.688623 0.165253 0.706039
    outer loop
      vertex 50.8006 4.39742 6.54
      vertex 50.872 4.69495 6.54
      vertex 50.0818 4.8201 5.74
    endloop
  endfacet
  facet normal 0.688652 -0.165201 0.706022
    outer loop
      vertex 47.8102 5.1799 5.74
      vertex 47.1699 5.55643 6.45265
      vertex 47.1382 5.28633 6.42037
    endloop
  endfacet
  facet normal 0.165337 0.688631 0.70601
    outer loop
      vertex 48.6403 3.08441 6.53
      vertex 48.5906 3.90628 5.74
      vertex 48.3465 3.15495 6.53
    endloop
  endfacet
  facet normal 0.16587 0.688517 0.705997
    outer loop
      vertex 48.7661 3.86416 5.74
      vertex 48.6403 3.08441 6.53
      vertex 48.6425 3.08388 6.53
    endloop
  endfacet
  facet normal 0.165273 0.688637 0.70602
    outer loop
      vertex 48.6403 3.08441 6.53
      vertex 48.7661 3.86416 5.74
      vertex 48.5906 3.90628 5.74
    endloop
  endfacet
  facet normal -0.688623 -0.165253 0.706039
    outer loop
      vertex 50.872 5.30505 6.54
      vertex 50.8006 5.60258 6.54
      vertex 50.0818 5.1799 5.74
    endloop
  endfacet
  facet normal -0.538506 0.459939 0.706022
    outer loop
      vertex 49.7592 4.18683 5.74
      vertex 50.3193 3.62993 6.53
      vertex 49.8764 4.32405 5.74
    endloop
  endfacet
  facet normal -0.533542 0.465298 0.70628
    outer loop
      vertex 50.3193 3.62993 6.53
      vertex 49.7592 4.18683 5.74
      vertex 50.3178 3.62821 6.53
    endloop
  endfacet
  facet normal 0.268349 -0.655272 0.706121
    outer loop
      vertex 48.3444 6.84419 6.53
      vertex 48.5906 6.09371 5.74
      vertex 48.3465 6.84505 6.53
    endloop
  endfacet
  facet normal 0.271017 -0.654286 0.706017
    outer loop
      vertex 48.5906 6.09371 5.74
      vertex 48.3444 6.84419 6.53
      vertex 48.4239 6.02466 5.74
    endloop
  endfacet
  facet normal -0.533542 -0.465298 0.70628
    outer loop
      vertex 49.7592 5.81317 5.74
      vertex 50.3193 6.37007 6.53
      vertex 50.3178 6.37179 6.53
    endloop
  endfacet
  facet normal -0.538506 -0.459939 0.706022
    outer loop
      vertex 50.3193 6.37007 6.53
      vertex 49.7592 5.81317 5.74
      vertex 49.8764 5.67595 5.74
    endloop
  endfacet
  facet normal -0.459909 -0.53856 0.706
    outer loop
      vertex 50.3161 6.37325 6.53
      vertex 50.0863 6.56949 6.53
      vertex 49.622 5.93037 5.74
    endloop
  endfacet
  facet normal -0.459909 0.53856 0.706
    outer loop
      vertex 50.0863 3.43051 6.53
      vertex 50.3161 3.62675 6.53
      vertex 49.622 4.06963 5.74
    endloop
  endfacet
  facet normal 0.600362 -0.375226 0.706237
    outer loop
      vertex 47.3753 6.13838 6.53
      vertex 48.0156 5.67595 5.74
      vertex 47.3765 6.1403 6.53
    endloop
  endfacet
  facet normal 0.603811 -0.370073 0.706016
    outer loop
      vertex 48.0156 5.67595 5.74
      vertex 47.3753 6.13838 6.53
      vertex 47.9213 5.52209 5.74
    endloop
  endfacet
  facet normal -0.705995 -0.0555446 0.706036
    outer loop
      vertex 50.896 5 6.54
      vertex 50.872 5.30505 6.54
      vertex 50.0818 5.1799 5.74
    endloop
  endfacet
  facet normal -0.706008 -0.0557271 0.706008
    outer loop
      vertex 50.096 5 5.74
      vertex 50.896 5 6.54
      vertex 50.0818 5.1799 5.74
    endloop
  endfacet
  facet normal -0.271085 0.65427 0.706006
    outer loop
      vertex 49.5476 3.15581 6.53
      vertex 49.8267 3.27145 6.53
      vertex 49.4681 3.97534 5.74
    endloop
  endfacet
  facet normal 0.688652 0.165201 0.706022
    outer loop
      vertex 47.1699 4.44357 6.45265
      vertex 47.8102 4.8201 5.74
      vertex 47.1382 4.71367 6.42037
    endloop
  endfacet
  facet normal -0.603883 0.369987 0.705999
    outer loop
      vertex 50.646 4.07266 6.53
      vertex 49.9707 4.47791 5.74
      vertex 50.5167 3.86162 6.53
    endloop
  endfacet
  facet normal -0.603658 0.370357 0.705997
    outer loop
      vertex 49.9707 4.47791 5.74
      vertex 50.646 4.07266 6.53
      vertex 50.6835 4.11472 6.54
    endloop
  endfacet
  facet normal -0.603588 0.370269 0.706103
    outer loop
      vertex 50.6835 4.11472 6.54
      vertex 50.646 4.07266 6.53
      vertex 50.646 4.05359 6.54
    endloop
  endfacet
  facet normal 0.603811 0.370073 0.706016
    outer loop
      vertex 47.3753 3.86162 6.53
      vertex 48.0156 4.32405 5.74
      vertex 47.9213 4.47791 5.74
    endloop
  endfacet
  facet normal 0.600362 0.375226 0.706237
    outer loop
      vertex 48.0156 4.32405 5.74
      vertex 47.3753 3.86162 6.53
      vertex 47.3765 3.8597 6.53
    endloop
  endfacet
  facet normal 0.0555345 0.706015 0.706017
    outer loop
      vertex 48.9438 3.06018 6.53
      vertex 48.7661 3.86416 5.74
      vertex 48.6425 3.08388 6.53
    endloop
  endfacet
  facet normal -0.0577576 -0.705926 0.705926
    outer loop
      vertex 48.946 6.15 5.74
      vertex 48.9482 6.93982 6.53
      vertex 48.946 6.94 6.53
    endloop
  endfacet
  facet normal -0.0555709 -0.706017 0.706011
    outer loop
      vertex 48.9482 6.93982 6.53
      vertex 48.946 6.15 5.74
      vertex 49.1259 6.13584 5.74
    endloop
  endfacet
  facet normal 0.706055 -0.0546463 0.706045
    outer loop
      vertex 47.796 5 5.74
      vertex 47.1281 5.0292 6.41017
      vertex 47.127 5 6.40901
    endloop
  endfacet
  facet normal 0.70599 -0.0557257 0.706026
    outer loop
      vertex 47.1281 5.0292 6.41017
      vertex 47.796 5 5.74
      vertex 47.8102 5.1799 5.74
    endloop
  endfacet
  facet normal 0.370076 -0.603824 0.706003
    outer loop
      vertex 48.27 5.93037 5.74
      vertex 48.0633 6.72737 6.53
      vertex 47.8057 6.56949 6.53
    endloop
  endfacet
  facet normal -0.654341 0.270811 0.706044
    outer loop
      vertex 50.8006 4.39742 6.54
      vertex 50.0397 4.64463 5.74
      vertex 49.9707 4.47791 5.74
    endloop
  endfacet
  facet normal -0.0555345 0.706015 0.706017
    outer loop
      vertex 49.2495 3.08388 6.53
      vertex 49.1259 3.86416 5.74
      vertex 48.9482 3.06018 6.53
    endloop
  endfacet
  facet normal 0.271085 -0.65427 0.706006
    outer loop
      vertex 48.4239 6.02466 5.74
      vertex 48.3444 6.84419 6.53
      vertex 48.0653 6.72855 6.53
    endloop
  endfacet
  facet normal -0.0555345 -0.706015 0.706017
    outer loop
      vertex 49.1259 6.13584 5.74
      vertex 49.2495 6.91612 6.53
      vertex 48.9482 6.93982 6.53
    endloop
  endfacet
  facet normal -0.271052 0.654278 0.706011
    outer loop
      vertex 49.3014 3.90628 5.74
      vertex 49.5476 3.15581 6.53
      vertex 49.4681 3.97534 5.74
    endloop
  endfacet
  facet normal -0.268351 0.655276 0.706117
    outer loop
      vertex 49.5476 3.15581 6.53
      vertex 49.3014 3.90628 5.74
      vertex 49.5455 3.15495 6.53
    endloop
  endfacet
  facet normal -0.461362 0.537202 0.706087
    outer loop
      vertex 49.7592 4.18683 5.74
      vertex 50.3161 3.62675 6.53
      vertex 50.3178 3.62821 6.53
    endloop
  endfacet
  facet normal -0.459981 0.538476 0.706017
    outer loop
      vertex 50.3161 3.62675 6.53
      vertex 49.7592 4.18683 5.74
      vertex 49.622 4.06963 5.74
    endloop
  endfacet
  facet normal 0.53857 0.459884 0.706009
    outer loop
      vertex 47.5727 3.62993 6.53
      vertex 48.0156 4.32405 5.74
      vertex 47.3765 3.8597 6.53
    endloop
  endfacet
  facet normal 0.271085 0.65427 0.706006
    outer loop
      vertex 48.3444 3.15581 6.53
      vertex 48.4239 3.97534 5.74
      vertex 48.0653 3.27145 6.53
    endloop
  endfacet
  facet normal -0.65429 0.27102 0.706012
    outer loop
      vertex 50.6835 4.11472 6.54
      vertex 50.8006 4.39742 6.54
      vertex 49.9707 4.47791 5.74
    endloop
  endfacet
  facet normal -0.370076 -0.603824 0.706003
    outer loop
      vertex 50.0863 6.56949 6.53
      vertex 49.8287 6.72737 6.53
      vertex 49.622 5.93037 5.74
    endloop
  endfacet
  facet normal -0.0555709 0.706017 0.706011
    outer loop
      vertex 48.946 3.85 5.74
      vertex 48.9482 3.06018 6.53
      vertex 49.1259 3.86416 5.74
    endloop
  endfacet
  facet normal -0.0577576 0.705926 0.705926
    outer loop
      vertex 48.9482 3.06018 6.53
      vertex 48.946 3.85 5.74
      vertex 48.946 3.06 6.53
    endloop
  endfacet
  facet normal 0.0577576 0.705926 0.705926
    outer loop
      vertex 48.946 3.85 5.74
      vertex 48.9438 3.06018 6.53
      vertex 48.946 3.06 6.53
    endloop
  endfacet
  facet normal 0.0555709 0.706017 0.706011
    outer loop
      vertex 48.9438 3.06018 6.53
      vertex 48.946 3.85 5.74
      vertex 48.7661 3.86416 5.74
    endloop
  endfacet
  facet normal 0.53857 -0.459884 0.706009
    outer loop
      vertex 48.0156 5.67595 5.74
      vertex 47.5727 6.37007 6.53
      vertex 47.3765 6.1403 6.53
    endloop
  endfacet
  facet normal 0.16587 -0.688517 0.705997
    outer loop
      vertex 48.6403 6.91559 6.53
      vertex 48.7661 6.13584 5.74
      vertex 48.6425 6.91612 6.53
    endloop
  endfacet
  facet normal 0.16531 -0.688629 0.706019
    outer loop
      vertex 48.7661 6.13584 5.74
      vertex 48.6403 6.91559 6.53
      vertex 48.5906 6.09371 5.74
    endloop
  endfacet
  facet normal 0.36997 0.603865 0.706024
    outer loop
      vertex 48.0633 3.27262 6.53
      vertex 48.4239 3.97534 5.74
      vertex 48.27 4.06963 5.74
    endloop
  endfacet
  facet normal 0.357357 0.610867 0.706496
    outer loop
      vertex 48.4239 3.97534 5.74
      vertex 48.0633 3.27262 6.53
      vertex 48.0653 3.27145 6.53
    endloop
  endfacet
  facet normal 0.706055 0.0546463 0.706045
    outer loop
      vertex 47.1281 4.9708 6.41017
      vertex 47.796 5 5.74
      vertex 47.127 5 6.40901
    endloop
  endfacet
  facet normal 0.70599 0.0557257 0.706026
    outer loop
      vertex 47.796 5 5.74
      vertex 47.1281 4.9708 6.41017
      vertex 47.8102 4.8201 5.74
    endloop
  endfacet
  facet normal 0.459981 0.538476 0.706017
    outer loop
      vertex 48.1328 4.18683 5.74
      vertex 47.5759 3.62675 6.53
      vertex 48.27 4.06963 5.74
    endloop
  endfacet
  facet normal 0.461362 0.537202 0.706087
    outer loop
      vertex 47.5759 3.62675 6.53
      vertex 48.1328 4.18683 5.74
      vertex 47.5742 3.62821 6.53
    endloop
  endfacet
  facet normal 0.68803 -0.167509 0.706084
    outer loop
      vertex 47.1699 5.55643 6.45265
      vertex 47.8523 5.35537 5.74
      vertex 47.1723 5.57632 6.45503
    endloop
  endfacet
  facet normal 0.688642 -0.165224 0.706026
    outer loop
      vertex 47.8523 5.35537 5.74
      vertex 47.1699 5.55643 6.45265
      vertex 47.8102 5.1799 5.74
    endloop
  endfacet
  facet normal -0.271085 -0.65427 0.706006
    outer loop
      vertex 49.8267 6.72855 6.53
      vertex 49.5476 6.84419 6.53
      vertex 49.4681 6.02466 5.74
    endloop
  endfacet
  facet normal 0.538506 0.459939 0.706022
    outer loop
      vertex 47.5727 3.62993 6.53
      vertex 48.1328 4.18683 5.74
      vertex 48.0156 4.32405 5.74
    endloop
  endfacet
  facet normal 0.533542 0.465298 0.70628
    outer loop
      vertex 48.1328 4.18683 5.74
      vertex 47.5727 3.62993 6.53
      vertex 47.5742 3.62821 6.53
    endloop
  endfacet
  facet normal -0.165861 -0.688479 0.706036
    outer loop
      vertex 49.5433 6.84558 6.53
      vertex 49.3014 6.09371 5.74
      vertex 49.5455 6.84505 6.53
    endloop
  endfacet
  facet normal -0.165311 -0.688633 0.706014
    outer loop
      vertex 49.3014 6.09371 5.74
      vertex 49.5433 6.84558 6.53
      vertex 49.1259 6.13584 5.74
    endloop
  endfacet
  facet normal -0.461362 -0.537202 0.706087
    outer loop
      vertex 50.3161 6.37325 6.53
      vertex 49.7592 5.81317 5.74
      vertex 50.3178 6.37179 6.53
    endloop
  endfacet
  facet normal -0.459981 -0.538476 0.706017
    outer loop
      vertex 49.7592 5.81317 5.74
      vertex 50.3161 6.37325 6.53
      vertex 49.622 5.93037 5.74
    endloop
  endfacet
  facet normal 0.165336 -0.688627 0.706015
    outer loop
      vertex 48.5906 6.09371 5.74
      vertex 48.6403 6.91559 6.53
      vertex 48.3465 6.84505 6.53
    endloop
  endfacet
  facet normal -0.654341 -0.270811 0.706044
    outer loop
      vertex 50.0397 5.35537 5.74
      vertex 50.8006 5.60258 6.54
      vertex 49.9707 5.52209 5.74
    endloop
  endfacet
  facet normal -0.268349 -0.655272 0.706121
    outer loop
      vertex 49.3014 6.09371 5.74
      vertex 49.5476 6.84419 6.53
      vertex 49.5455 6.84505 6.53
    endloop
  endfacet
  facet normal -0.271017 -0.654286 0.706017
    outer loop
      vertex 49.5476 6.84419 6.53
      vertex 49.3014 6.09371 5.74
      vertex 49.4681 6.02466 5.74
    endloop
  endfacet
  facet normal -0.359666 -0.609603 0.706417
    outer loop
      vertex 49.4681 6.02466 5.74
      vertex 49.8287 6.72737 6.53
      vertex 49.8267 6.72855 6.53
    endloop
  endfacet
  facet normal -0.369972 -0.603868 0.70602
    outer loop
      vertex 49.8287 6.72737 6.53
      vertex 49.4681 6.02466 5.74
      vertex 49.622 5.93037 5.74
    endloop
  endfacet
  facet normal -0.688635 -0.165222 0.706034
    outer loop
      vertex 50.0818 5.1799 5.74
      vertex 50.8006 5.60258 6.54
      vertex 50.0397 5.35537 5.74
    endloop
  endfacet
  facet normal -0.36997 0.603865 0.706024
    outer loop
      vertex 49.4681 3.97534 5.74
      vertex 49.8287 3.27262 6.53
      vertex 49.622 4.06963 5.74
    endloop
  endfacet
  facet normal -0.357357 0.610867 0.706496
    outer loop
      vertex 49.8287 3.27262 6.53
      vertex 49.4681 3.97534 5.74
      vertex 49.8267 3.27145 6.53
    endloop
  endfacet
  facet normal 0.688642 0.165224 0.706026
    outer loop
      vertex 47.1699 4.44357 6.45265
      vertex 47.8523 4.64463 5.74
      vertex 47.8102 4.8201 5.74
    endloop
  endfacet
  facet normal 0.688052 0.167427 0.706082
    outer loop
      vertex 47.8523 4.64463 5.74
      vertex 47.1699 4.44357 6.45265
      vertex 47.1723 4.42367 6.45503
    endloop
  endfacet
  facet normal 0.459909 0.53856 0.706
    outer loop
      vertex 47.8057 3.43051 6.53
      vertex 48.27 4.06963 5.74
      vertex 47.5759 3.62675 6.53
    endloop
  endfacet
  facet normal 0.459909 -0.53856 0.706
    outer loop
      vertex 48.27 5.93037 5.74
      vertex 47.8057 6.56949 6.53
      vertex 47.5759 6.37325 6.53
    endloop
  endfacet
  facet normal 0.654288 0.271043 0.706005
    outer loop
      vertex 47.231 4.12617 6.51477
      vertex 47.9213 4.47791 5.74
      vertex 47.1758 4.4056 6.45865
    endloop
  endfacet
  facet normal 0.603883 0.369987 0.705999
    outer loop
      vertex 47.9213 4.47791 5.74
      vertex 47.246 4.07266 6.53
      vertex 47.3753 3.86162 6.53
    endloop
  endfacet
  facet normal 0.603761 0.370188 0.705998
    outer loop
      vertex 47.246 4.07266 6.53
      vertex 47.9213 4.47791 5.74
      vertex 47.231 4.12617 6.51477
    endloop
  endfacet
  facet normal -0.972412 0.233268 0
    outer loop
      vertex 50.0397 29.0846 2.67029e-07
      vertex 50.0818 29.2601 5.74
      vertex 50.0818 29.2601 2.67029e-07
    endloop
  endfacet
  facet normal -0.972412 0.233268 0
    outer loop
      vertex 50.0818 29.2601 5.74
      vertex 50.0397 29.0846 2.67029e-07
      vertex 50.0397 29.0846 5.74
    endloop
  endfacet
  facet normal -0.996899 0.078688 0
    outer loop
      vertex 50.0818 29.2601 2.67029e-07
      vertex 50.096 29.44 5.74
      vertex 50.096 29.44 2.67029e-07
    endloop
  endfacet
  facet normal -0.996899 0.078688 0
    outer loop
      vertex 50.096 29.44 5.74
      vertex 50.0818 29.2601 2.67029e-07
      vertex 50.0818 29.2601 5.74
    endloop
  endfacet
  facet normal -0.852665 0.522458 0
    outer loop
      vertex 49.8764 28.764 2.67029e-07
      vertex 49.9707 28.9179 5.74
      vertex 49.9707 28.9179 2.67029e-07
    endloop
  endfacet
  facet normal -0.852665 0.522458 0
    outer loop
      vertex 49.9707 28.9179 5.74
      vertex 49.8764 28.764 2.67029e-07
      vertex 49.8764 28.764 5.74
    endloop
  endfacet
  facet normal -0.760351 0.649513 0
    outer loop
      vertex 49.7592 28.6268 2.67029e-07
      vertex 49.8764 28.764 5.74
      vertex 49.8764 28.764 2.67029e-07
    endloop
  endfacet
  facet normal -0.760351 0.649513 0
    outer loop
      vertex 49.8764 28.764 5.74
      vertex 49.7592 28.6268 2.67029e-07
      vertex 49.7592 28.6268 5.74
    endloop
  endfacet
  facet normal 0.923976 -0.38245 0
    outer loop
      vertex 47.8523 29.7954 5.74
      vertex 47.9213 29.9621 2.67029e-07
      vertex 47.9213 29.9621 5.74
    endloop
  endfacet
  facet normal 0.923976 -0.38245 0
    outer loop
      vertex 47.9213 29.9621 2.67029e-07
      vertex 47.8523 29.7954 5.74
      vertex 47.8523 29.7954 2.67029e-07
    endloop
  endfacet
  facet normal -0.996899 -0.078688 0
    outer loop
      vertex 50.096 29.44 2.67029e-07
      vertex 50.0818 29.6199 5.74
      vertex 50.0818 29.6199 2.67029e-07
    endloop
  endfacet
  facet normal -0.996899 -0.078688 0
    outer loop
      vertex 50.0818 29.6199 5.74
      vertex 50.096 29.44 2.67029e-07
      vertex 50.096 29.44 5.74
    endloop
  endfacet
  facet normal -0.760351 -0.649513 0
    outer loop
      vertex 49.8764 30.116 2.67029e-07
      vertex 49.7592 30.2532 5.74
      vertex 49.7592 30.2532 2.67029e-07
    endloop
  endfacet
  facet normal -0.760351 -0.649513 0
    outer loop
      vertex 49.7592 30.2532 5.74
      vertex 49.8764 30.116 2.67029e-07
      vertex 49.8764 30.116 5.74
    endloop
  endfacet
  facet normal 0.852665 -0.522458 0
    outer loop
      vertex 47.9213 29.9621 5.74
      vertex 48.0156 30.116 2.67029e-07
      vertex 48.0156 30.116 5.74
    endloop
  endfacet
  facet normal 0.852665 -0.522458 0
    outer loop
      vertex 48.0156 30.116 2.67029e-07
      vertex 47.9213 29.9621 5.74
      vertex 47.9213 29.9621 2.67029e-07
    endloop
  endfacet
  facet normal -0.522458 0.852665 0
    outer loop
      vertex 49.622 28.5096 2.67029e-07
      vertex 49.4681 28.4153 5.74
      vertex 49.622 28.5096 5.74
    endloop
  endfacet
  facet normal -0.522458 0.852665 0
    outer loop
      vertex 49.4681 28.4153 5.74
      vertex 49.622 28.5096 2.67029e-07
      vertex 49.4681 28.4153 2.67029e-07
    endloop
  endfacet
  facet normal 0.078688 0.996899 -0
    outer loop
      vertex 48.946 28.29 2.67029e-07
      vertex 48.7661 28.3042 5.74
      vertex 48.946 28.29 5.74
    endloop
  endfacet
  facet normal 0.078688 0.996899 0
    outer loop
      vertex 48.7661 28.3042 5.74
      vertex 48.946 28.29 2.67029e-07
      vertex 48.7661 28.3042 2.67029e-07
    endloop
  endfacet
  facet normal 0.38245 0.923976 -0
    outer loop
      vertex 48.5906 28.3463 2.67029e-07
      vertex 48.4239 28.4153 5.74
      vertex 48.5906 28.3463 5.74
    endloop
  endfacet
  facet normal 0.38245 0.923976 0
    outer loop
      vertex 48.4239 28.4153 5.74
      vertex 48.5906 28.3463 2.67029e-07
      vertex 48.4239 28.4153 2.67029e-07
    endloop
  endfacet
  facet normal -0.923976 0.38245 0
    outer loop
      vertex 49.9707 28.9179 2.67029e-07
      vertex 50.0397 29.0846 5.74
      vertex 50.0397 29.0846 2.67029e-07
    endloop
  endfacet
  facet normal -0.923976 0.38245 0
    outer loop
      vertex 50.0397 29.0846 5.74
      vertex 49.9707 28.9179 2.67029e-07
      vertex 49.9707 28.9179 5.74
    endloop
  endfacet
  facet normal -0.972412 -0.233268 0
    outer loop
      vertex 50.0818 29.6199 2.67029e-07
      vertex 50.0397 29.7954 5.74
      vertex 50.0397 29.7954 2.67029e-07
    endloop
  endfacet
  facet normal -0.972412 -0.233268 0
    outer loop
      vertex 50.0397 29.7954 5.74
      vertex 50.0818 29.6199 2.67029e-07
      vertex 50.0818 29.6199 5.74
    endloop
  endfacet
  facet normal -0.233268 0.972412 0
    outer loop
      vertex 49.3014 28.3463 2.67029e-07
      vertex 49.1259 28.3042 5.74
      vertex 49.3014 28.3463 5.74
    endloop
  endfacet
  facet normal -0.233268 0.972412 0
    outer loop
      vertex 49.1259 28.3042 5.74
      vertex 49.3014 28.3463 2.67029e-07
      vertex 49.1259 28.3042 2.67029e-07
    endloop
  endfacet
  facet normal -0.522458 -0.852665 0
    outer loop
      vertex 49.4681 30.4647 2.67029e-07
      vertex 49.622 30.3704 5.74
      vertex 49.4681 30.4647 5.74
    endloop
  endfacet
  facet normal -0.522458 -0.852665 -0
    outer loop
      vertex 49.622 30.3704 5.74
      vertex 49.4681 30.4647 2.67029e-07
      vertex 49.622 30.3704 2.67029e-07
    endloop
  endfacet
  facet normal -0.078688 -0.996899 0
    outer loop
      vertex 48.946 30.59 2.67029e-07
      vertex 49.1259 30.5758 5.74
      vertex 48.946 30.59 5.74
    endloop
  endfacet
  facet normal -0.078688 -0.996899 -0
    outer loop
      vertex 49.1259 30.5758 5.74
      vertex 48.946 30.59 2.67029e-07
      vertex 49.1259 30.5758 2.67029e-07
    endloop
  endfacet
  facet normal -0.923976 -0.38245 0
    outer loop
      vertex 50.0397 29.7954 2.67029e-07
      vertex 49.9707 29.9621 5.74
      vertex 49.9707 29.9621 2.67029e-07
    endloop
  endfacet
  facet normal -0.923976 -0.38245 0
    outer loop
      vertex 49.9707 29.9621 5.74
      vertex 50.0397 29.7954 2.67029e-07
      vertex 50.0397 29.7954 5.74
    endloop
  endfacet
  facet normal 0.522458 0.852665 -0
    outer loop
      vertex 48.4239 28.4153 2.67029e-07
      vertex 48.27 28.5096 5.74
      vertex 48.4239 28.4153 5.74
    endloop
  endfacet
  facet normal 0.522458 0.852665 0
    outer loop
      vertex 48.27 28.5096 5.74
      vertex 48.4239 28.4153 2.67029e-07
      vertex 48.27 28.5096 2.67029e-07
    endloop
  endfacet
  facet normal -0.233268 -0.972412 0
    outer loop
      vertex 49.1259 30.5758 2.67029e-07
      vertex 49.3014 30.5337 5.74
      vertex 49.1259 30.5758 5.74
    endloop
  endfacet
  facet normal -0.233268 -0.972412 -0
    outer loop
      vertex 49.3014 30.5337 5.74
      vertex 49.1259 30.5758 2.67029e-07
      vertex 49.3014 30.5337 2.67029e-07
    endloop
  endfacet
  facet normal 0.972412 -0.233268 0
    outer loop
      vertex 47.8102 29.6199 5.74
      vertex 47.8523 29.7954 2.67029e-07
      vertex 47.8523 29.7954 5.74
    endloop
  endfacet
  facet normal 0.972412 -0.233268 0
    outer loop
      vertex 47.8523 29.7954 2.67029e-07
      vertex 47.8102 29.6199 5.74
      vertex 47.8102 29.6199 2.67029e-07
    endloop
  endfacet
  facet normal -0.649513 -0.760351 0
    outer loop
      vertex 49.622 30.3704 2.67029e-07
      vertex 49.7592 30.2532 5.74
      vertex 49.622 30.3704 5.74
    endloop
  endfacet
  facet normal -0.649513 -0.760351 -0
    outer loop
      vertex 49.7592 30.2532 5.74
      vertex 49.622 30.3704 2.67029e-07
      vertex 49.7592 30.2532 2.67029e-07
    endloop
  endfacet
  facet normal 0.760351 -0.649513 0
    outer loop
      vertex 48.0156 30.116 5.74
      vertex 48.1328 30.2532 2.67029e-07
      vertex 48.1328 30.2532 5.74
    endloop
  endfacet
  facet normal 0.760351 -0.649513 0
    outer loop
      vertex 48.1328 30.2532 2.67029e-07
      vertex 48.0156 30.116 5.74
      vertex 48.0156 30.116 2.67029e-07
    endloop
  endfacet
  facet normal 0.996899 0.078688 0
    outer loop
      vertex 47.8102 29.2601 5.74
      vertex 47.796 29.44 2.67029e-07
      vertex 47.796 29.44 5.74
    endloop
  endfacet
  facet normal 0.996899 0.078688 0
    outer loop
      vertex 47.796 29.44 2.67029e-07
      vertex 47.8102 29.2601 5.74
      vertex 47.8102 29.2601 2.67029e-07
    endloop
  endfacet
  facet normal -0.852665 -0.522458 0
    outer loop
      vertex 49.9707 29.9621 2.67029e-07
      vertex 49.8764 30.116 5.74
      vertex 49.8764 30.116 2.67029e-07
    endloop
  endfacet
  facet normal -0.852665 -0.522458 0
    outer loop
      vertex 49.8764 30.116 5.74
      vertex 49.9707 29.9621 2.67029e-07
      vertex 49.9707 29.9621 5.74
    endloop
  endfacet
  facet normal 0.649513 0.760351 -0
    outer loop
      vertex 48.27 28.5096 2.67029e-07
      vertex 48.1328 28.6268 5.74
      vertex 48.27 28.5096 5.74
    endloop
  endfacet
  facet normal 0.649513 0.760351 0
    outer loop
      vertex 48.1328 28.6268 5.74
      vertex 48.27 28.5096 2.67029e-07
      vertex 48.1328 28.6268 2.67029e-07
    endloop
  endfacet
  facet normal -0.649513 0.760351 0
    outer loop
      vertex 49.7592 28.6268 2.67029e-07
      vertex 49.622 28.5096 5.74
      vertex 49.7592 28.6268 5.74
    endloop
  endfacet
  facet normal -0.649513 0.760351 0
    outer loop
      vertex 49.622 28.5096 5.74
      vertex 49.7592 28.6268 2.67029e-07
      vertex 49.622 28.5096 2.67029e-07
    endloop
  endfacet
  facet normal 0.233268 -0.972412 0
    outer loop
      vertex 48.5906 30.5337 2.67029e-07
      vertex 48.7661 30.5758 5.74
      vertex 48.5906 30.5337 5.74
    endloop
  endfacet
  facet normal 0.233268 -0.972412 0
    outer loop
      vertex 48.7661 30.5758 5.74
      vertex 48.5906 30.5337 2.67029e-07
      vertex 48.7661 30.5758 2.67029e-07
    endloop
  endfacet
  facet normal -0.38245 -0.923976 0
    outer loop
      vertex 49.3014 30.5337 2.67029e-07
      vertex 49.4681 30.4647 5.74
      vertex 49.3014 30.5337 5.74
    endloop
  endfacet
  facet normal -0.38245 -0.923976 -0
    outer loop
      vertex 49.4681 30.4647 5.74
      vertex 49.3014 30.5337 2.67029e-07
      vertex 49.4681 30.4647 2.67029e-07
    endloop
  endfacet
  facet normal 0.649513 -0.760351 0
    outer loop
      vertex 48.1328 30.2532 2.67029e-07
      vertex 48.27 30.3704 5.74
      vertex 48.1328 30.2532 5.74
    endloop
  endfacet
  facet normal 0.649513 -0.760351 0
    outer loop
      vertex 48.27 30.3704 5.74
      vertex 48.1328 30.2532 2.67029e-07
      vertex 48.27 30.3704 2.67029e-07
    endloop
  endfacet
  facet normal 0.233268 0.972412 -0
    outer loop
      vertex 48.7661 28.3042 2.67029e-07
      vertex 48.5906 28.3463 5.74
      vertex 48.7661 28.3042 5.74
    endloop
  endfacet
  facet normal 0.233268 0.972412 0
    outer loop
      vertex 48.5906 28.3463 5.74
      vertex 48.7661 28.3042 2.67029e-07
      vertex 48.5906 28.3463 2.67029e-07
    endloop
  endfacet
  facet normal -0.078688 0.996899 0
    outer loop
      vertex 49.1259 28.3042 2.67029e-07
      vertex 48.946 28.29 5.74
      vertex 49.1259 28.3042 5.74
    endloop
  endfacet
  facet normal -0.078688 0.996899 0
    outer loop
      vertex 48.946 28.29 5.74
      vertex 49.1259 28.3042 2.67029e-07
      vertex 48.946 28.29 2.67029e-07
    endloop
  endfacet
  facet normal 0.996899 -0.078688 0
    outer loop
      vertex 47.796 29.44 5.74
      vertex 47.8102 29.6199 2.67029e-07
      vertex 47.8102 29.6199 5.74
    endloop
  endfacet
  facet normal 0.996899 -0.078688 0
    outer loop
      vertex 47.8102 29.6199 2.67029e-07
      vertex 47.796 29.44 5.74
      vertex 47.796 29.44 2.67029e-07
    endloop
  endfacet
  facet normal 0.078688 -0.996899 0
    outer loop
      vertex 48.7661 30.5758 2.67029e-07
      vertex 48.946 30.59 5.74
      vertex 48.7661 30.5758 5.74
    endloop
  endfacet
  facet normal 0.078688 -0.996899 0
    outer loop
      vertex 48.946 30.59 5.74
      vertex 48.7661 30.5758 2.67029e-07
      vertex 48.946 30.59 2.67029e-07
    endloop
  endfacet
  facet normal -0.38245 0.923976 0
    outer loop
      vertex 49.4681 28.4153 2.67029e-07
      vertex 49.3014 28.3463 5.74
      vertex 49.4681 28.4153 5.74
    endloop
  endfacet
  facet normal -0.38245 0.923976 0
    outer loop
      vertex 49.3014 28.3463 5.74
      vertex 49.4681 28.4153 2.67029e-07
      vertex 49.3014 28.3463 2.67029e-07
    endloop
  endfacet
  facet normal 0.522458 -0.852665 0
    outer loop
      vertex 48.27 30.3704 2.67029e-07
      vertex 48.4239 30.4647 5.74
      vertex 48.27 30.3704 5.74
    endloop
  endfacet
  facet normal 0.522458 -0.852665 0
    outer loop
      vertex 48.4239 30.4647 5.74
      vertex 48.27 30.3704 2.67029e-07
      vertex 48.4239 30.4647 2.67029e-07
    endloop
  endfacet
  facet normal 0.972412 0.233268 0
    outer loop
      vertex 47.8523 29.0846 5.74
      vertex 47.8102 29.2601 2.67029e-07
      vertex 47.8102 29.2601 5.74
    endloop
  endfacet
  facet normal 0.972412 0.233268 0
    outer loop
      vertex 47.8102 29.2601 2.67029e-07
      vertex 47.8523 29.0846 5.74
      vertex 47.8523 29.0846 2.67029e-07
    endloop
  endfacet
  facet normal 0.923976 0.38245 0
    outer loop
      vertex 47.9213 28.9179 5.74
      vertex 47.8523 29.0846 2.67029e-07
      vertex 47.8523 29.0846 5.74
    endloop
  endfacet
  facet normal 0.923976 0.38245 0
    outer loop
      vertex 47.8523 29.0846 2.67029e-07
      vertex 47.9213 28.9179 5.74
      vertex 47.9213 28.9179 2.67029e-07
    endloop
  endfacet
  facet normal 0.38245 -0.923976 0
    outer loop
      vertex 48.4239 30.4647 2.67029e-07
      vertex 48.5906 30.5337 5.74
      vertex 48.4239 30.4647 5.74
    endloop
  endfacet
  facet normal 0.38245 -0.923976 0
    outer loop
      vertex 48.5906 30.5337 5.74
      vertex 48.4239 30.4647 2.67029e-07
      vertex 48.5906 30.5337 2.67029e-07
    endloop
  endfacet
  facet normal 0.852665 0.522458 0
    outer loop
      vertex 48.0156 28.764 5.74
      vertex 47.9213 28.9179 2.67029e-07
      vertex 47.9213 28.9179 5.74
    endloop
  endfacet
  facet normal 0.852665 0.522458 0
    outer loop
      vertex 47.9213 28.9179 2.67029e-07
      vertex 48.0156 28.764 5.74
      vertex 48.0156 28.764 2.67029e-07
    endloop
  endfacet
  facet normal 0.760351 0.649513 0
    outer loop
      vertex 48.1328 28.6268 5.74
      vertex 48.0156 28.764 2.67029e-07
      vertex 48.0156 28.764 5.74
    endloop
  endfacet
  facet normal 0.760351 0.649513 0
    outer loop
      vertex 48.0156 28.764 2.67029e-07
      vertex 48.1328 28.6268 5.74
      vertex 48.1328 28.6268 2.67029e-07
    endloop
  endfacet
  facet normal -0.370114 -0.603808 0.705997
    outer loop
      vertex 50.0863 31.0095 6.53
      vertex 49.8287 31.1674 6.53
      vertex 49.622 30.3704 5.74
    endloop
  endfacet
  facet normal -0.459857 -0.53861 0.705996
    outer loop
      vertex 50.3161 30.8133 6.53
      vertex 50.0863 31.0095 6.53
      vertex 49.622 30.3704 5.74
    endloop
  endfacet
  facet normal -0.706008 0.0557271 0.706008
    outer loop
      vertex 50.896 29.44 6.54
      vertex 50.096 29.44 5.74
      vertex 50.0818 29.2601 5.74
    endloop
  endfacet
  facet normal -0.705995 0.0555537 0.706034
    outer loop
      vertex 50.872 29.135 6.54
      vertex 50.896 29.44 6.54
      vertex 50.0818 29.2601 5.74
    endloop
  endfacet
  facet normal -0.0557281 0.70602 0.705996
    outer loop
      vertex 48.946 28.29 5.74
      vertex 48.9482 27.5002 6.53
      vertex 49.1259 28.3042 5.74
    endloop
  endfacet
  facet normal -0.06415 0.70565 0.70565
    outer loop
      vertex 48.9482 27.5002 6.53
      vertex 48.946 28.29 5.74
      vertex 48.946 27.5 6.53
    endloop
  endfacet
  facet normal -0.165244 0.688633 0.706031
    outer loop
      vertex 49.2495 27.5239 6.53
      vertex 49.5433 27.5944 6.53
      vertex 49.1259 28.3042 5.74
    endloop
  endfacet
  facet normal 0.530739 -0.468299 0.706408
    outer loop
      vertex 47.5727 30.8101 6.53
      vertex 48.1328 30.2532 5.74
      vertex 47.5742 30.8118 6.53
    endloop
  endfacet
  facet normal 0.538471 -0.459977 0.706024
    outer loop
      vertex 48.1328 30.2532 5.74
      vertex 47.5727 30.8101 6.53
      vertex 48.0156 30.116 5.74
    endloop
  endfacet
  facet normal 0.705991 -0.0557446 0.706024
    outer loop
      vertex 47.8102 29.6199 5.74
      vertex 47.1382 29.7263 6.42037
      vertex 47.1281 29.4692 6.41017
    endloop
  endfacet
  facet normal 0.15688 -0.69027 0.70634
    outer loop
      vertex 48.6403 31.3556 6.53
      vertex 48.7661 30.5758 5.74
      vertex 48.6425 31.3561 6.53
    endloop
  endfacet
  facet normal 0.165193 -0.688631 0.706045
    outer loop
      vertex 48.7661 30.5758 5.74
      vertex 48.6403 31.3556 6.53
      vertex 48.5906 30.5337 5.74
    endloop
  endfacet
  facet normal -0.538471 0.459977 0.706024
    outer loop
      vertex 49.7592 28.6268 5.74
      vertex 50.3193 28.0699 6.53
      vertex 49.8764 28.764 5.74
    endloop
  endfacet
  facet normal -0.530739 0.468299 0.706408
    outer loop
      vertex 50.3193 28.0699 6.53
      vertex 49.7592 28.6268 5.74
      vertex 50.3178 28.0682 6.53
    endloop
  endfacet
  facet normal 0.27086 -0.654381 0.705989
    outer loop
      vertex 48.0673 31.1694 6.53
      vertex 48.4239 30.4647 5.74
      vertex 48.5906 30.5337 5.74
    endloop
  endfacet
  facet normal 0.263156 -0.65789 0.705641
    outer loop
      vertex 48.4239 30.4647 5.74
      vertex 48.0673 31.1694 6.53
      vertex 48.0653 31.1686 6.53
    endloop
  endfacet
  facet normal -0.688637 0.165217 0.706032
    outer loop
      vertex 50.8006 28.8374 6.54
      vertex 50.872 29.135 6.54
      vertex 50.0397 29.0846 5.74
    endloop
  endfacet
  facet normal 0.0557281 -0.70602 0.705996
    outer loop
      vertex 48.946 30.59 5.74
      vertex 48.9438 31.3798 6.53
      vertex 48.7661 30.5758 5.74
    endloop
  endfacet
  facet normal 0.06415 -0.70565 0.70565
    outer loop
      vertex 48.9438 31.3798 6.53
      vertex 48.946 30.59 5.74
      vertex 48.946 31.38 6.53
    endloop
  endfacet
  facet normal 0.654283 -0.27107 0.705999
    outer loop
      vertex 47.9213 29.9621 5.74
      vertex 47.231 30.3138 6.51477
      vertex 47.1758 30.0344 6.45865
    endloop
  endfacet
  facet normal 0.270924 -0.654342 0.706
    outer loop
      vertex 48.5906 30.5337 5.74
      vertex 48.3465 31.285 6.53
      vertex 48.0673 31.1694 6.53
    endloop
  endfacet
  facet normal 0.364244 -0.607073 0.706249
    outer loop
      vertex 48.0633 31.1674 6.53
      vertex 48.4239 30.4647 5.74
      vertex 48.0653 31.1686 6.53
    endloop
  endfacet
  facet normal 0.370003 -0.603855 0.706015
    outer loop
      vertex 48.4239 30.4647 5.74
      vertex 48.0633 31.1674 6.53
      vertex 48.27 30.3704 5.74
    endloop
  endfacet
  facet normal 0.68859 0.165553 0.706
    outer loop
      vertex 47.1723 28.8637 6.45503
      vertex 47.8523 29.0846 5.74
      vertex 47.1412 29.1276 6.42348
    endloop
  endfacet
  facet normal 0.370114 -0.603808 0.705997
    outer loop
      vertex 48.27 30.3704 5.74
      vertex 48.0633 31.1674 6.53
      vertex 47.8057 31.0095 6.53
    endloop
  endfacet
  facet normal -0.06415 -0.70565 0.70565
    outer loop
      vertex 48.946 30.59 5.74
      vertex 48.9482 31.3798 6.53
      vertex 48.946 31.38 6.53
    endloop
  endfacet
  facet normal -0.0557281 -0.70602 0.705996
    outer loop
      vertex 48.9482 31.3798 6.53
      vertex 48.946 30.59 5.74
      vertex 49.1259 30.5758 5.74
    endloop
  endfacet
  facet normal 0.706055 -0.0546463 0.706045
    outer loop
      vertex 47.796 29.44 5.74
      vertex 47.1281 29.4692 6.41017
      vertex 47.127 29.44 6.40901
    endloop
  endfacet
  facet normal 0.70599 -0.0557257 0.706026
    outer loop
      vertex 47.1281 29.4692 6.41017
      vertex 47.796 29.44 5.74
      vertex 47.8102 29.6199 5.74
    endloop
  endfacet
  facet normal -0.46001 0.53851 0.705973
    outer loop
      vertex 49.622 28.5096 5.74
      vertex 50.088 27.872 6.53
      vertex 49.7592 28.6268 5.74
    endloop
  endfacet
  facet normal -0.468901 0.531421 0.705496
    outer loop
      vertex 50.088 27.872 6.53
      vertex 49.622 28.5096 5.74
      vertex 50.0863 27.8705 6.53
    endloop
  endfacet
  facet normal -0.186164 -0.6826 0.706683
    outer loop
      vertex 49.5433 31.2856 6.53
      vertex 49.3014 30.5337 5.74
      vertex 49.5455 31.285 6.53
    endloop
  endfacet
  facet normal -0.165198 -0.688651 0.706023
    outer loop
      vertex 49.3014 30.5337 5.74
      vertex 49.5433 31.2856 6.53
      vertex 49.1259 30.5758 5.74
    endloop
  endfacet
  facet normal -0.603854 -0.370003 0.706015
    outer loop
      vertex 49.9707 29.9621 5.74
      vertex 50.6835 30.3253 6.54
      vertex 49.8764 30.116 5.74
    endloop
  endfacet
  facet normal -0.0555338 -0.706006 0.706026
    outer loop
      vertex 49.1259 30.5758 5.74
      vertex 49.2495 31.3561 6.53
      vertex 48.9482 31.3798 6.53
    endloop
  endfacet
  facet normal 0.68859 -0.165553 0.706
    outer loop
      vertex 47.8523 29.7954 5.74
      vertex 47.1723 30.0163 6.45503
      vertex 47.1412 29.7524 6.42348
    endloop
  endfacet
  facet normal -0.370114 0.603808 0.705997
    outer loop
      vertex 49.8287 27.7126 6.53
      vertex 50.0863 27.8705 6.53
      vertex 49.622 28.5096 5.74
    endloop
  endfacet
  facet normal 0.654339 -0.270842 0.706035
    outer loop
      vertex 47.1758 30.0344 6.45865
      vertex 47.8523 29.7954 5.74
      vertex 47.9213 29.9621 5.74
    endloop
  endfacet
  facet normal 0.655439 -0.267965 0.706113
    outer loop
      vertex 47.8523 29.7954 5.74
      vertex 47.1758 30.0344 6.45865
      vertex 47.1723 30.0163 6.45503
    endloop
  endfacet
  facet normal -0.603854 0.370003 0.706015
    outer loop
      vertex 50.6835 28.5547 6.54
      vertex 49.9707 28.9179 5.74
      vertex 49.8764 28.764 5.74
    endloop
  endfacet
  facet normal 0.68862 0.16519 0.706055
    outer loop
      vertex 47.8102 29.2601 5.74
      vertex 47.1412 29.1276 6.42348
      vertex 47.8523 29.0846 5.74
    endloop
  endfacet
  facet normal 0.689025 0.163334 0.706092
    outer loop
      vertex 47.1412 29.1276 6.42348
      vertex 47.8102 29.2601 5.74
      vertex 47.1382 29.1537 6.42037
    endloop
  endfacet
  facet normal -0.654288 0.271019 0.706014
    outer loop
      vertex 50.6835 28.5547 6.54
      vertex 50.8006 28.8374 6.54
      vertex 49.9707 28.9179 5.74
    endloop
  endfacet
  facet normal -0.53861 -0.459857 0.705996
    outer loop
      vertex 50.5155 30.5803 6.53
      vertex 50.3193 30.8101 6.53
      vertex 49.8764 30.116 5.74
    endloop
  endfacet
  facet normal -0.53861 0.459857 0.705996
    outer loop
      vertex 50.3193 28.0699 6.53
      vertex 50.5155 28.2997 6.53
      vertex 49.8764 28.764 5.74
    endloop
  endfacet
  facet normal -0.530739 -0.468299 0.706408
    outer loop
      vertex 49.7592 30.2532 5.74
      vertex 50.3193 30.8101 6.53
      vertex 50.3178 30.8118 6.53
    endloop
  endfacet
  facet normal -0.538471 -0.459977 0.706024
    outer loop
      vertex 50.3193 30.8101 6.53
      vertex 49.7592 30.2532 5.74
      vertex 49.8764 30.116 5.74
    endloop
  endfacet
  facet normal 0.0555338 0.706006 0.706026
    outer loop
      vertex 48.9438 27.5002 6.53
      vertex 48.7661 28.3042 5.74
      vertex 48.6425 27.5239 6.53
    endloop
  endfacet
  facet normal -0.468299 -0.530739 0.706408
    outer loop
      vertex 50.3161 30.8133 6.53
      vertex 49.7592 30.2532 5.74
      vertex 50.3178 30.8118 6.53
    endloop
  endfacet
  facet normal -0.459977 -0.538471 0.706024
    outer loop
      vertex 49.7592 30.2532 5.74
      vertex 50.3161 30.8133 6.53
      vertex 49.622 30.3704 5.74
    endloop
  endfacet
  facet normal 0.459857 -0.53861 0.705996
    outer loop
      vertex 48.27 30.3704 5.74
      vertex 47.8057 31.0095 6.53
      vertex 47.5759 30.8133 6.53
    endloop
  endfacet
  facet normal 0.370114 0.603808 0.705997
    outer loop
      vertex 48.0633 27.7126 6.53
      vertex 48.27 28.5096 5.74
      vertex 47.8057 27.8705 6.53
    endloop
  endfacet
  facet normal -0.157026 0.690915 0.705676
    outer loop
      vertex 49.3014 28.3463 5.74
      vertex 49.5433 27.5944 6.53
      vertex 49.5455 27.5949 6.53
    endloop
  endfacet
  facet normal -0.165198 0.688651 0.706023
    outer loop
      vertex 49.5433 27.5944 6.53
      vertex 49.3014 28.3463 5.74
      vertex 49.1259 28.3042 5.74
    endloop
  endfacet
  facet normal -0.370003 0.603855 0.706015
    outer loop
      vertex 49.4681 28.4153 5.74
      vertex 49.8287 27.7126 6.53
      vertex 49.622 28.5096 5.74
    endloop
  endfacet
  facet normal -0.364244 0.607073 0.706249
    outer loop
      vertex 49.8287 27.7126 6.53
      vertex 49.4681 28.4153 5.74
      vertex 49.8267 27.7114 6.53
    endloop
  endfacet
  facet normal -0.705995 -0.0555537 0.706034
    outer loop
      vertex 50.896 29.44 6.54
      vertex 50.872 29.745 6.54
      vertex 50.0818 29.6199 5.74
    endloop
  endfacet
  facet normal -0.706008 -0.0557271 0.706008
    outer loop
      vertex 50.096 29.44 5.74
      vertex 50.896 29.44 6.54
      vertex 50.0818 29.6199 5.74
    endloop
  endfacet
  facet normal -0.688639 0.165195 0.706036
    outer loop
      vertex 50.872 29.135 6.54
      vertex 50.0818 29.2601 5.74
      vertex 50.0397 29.0846 5.74
    endloop
  endfacet
  facet normal -0.654333 -0.27084 0.706042
    outer loop
      vertex 50.0397 29.7954 5.74
      vertex 50.8006 30.0426 6.54
      vertex 49.9707 29.9621 5.74
    endloop
  endfacet
  facet normal -0.688637 -0.165217 0.706032
    outer loop
      vertex 50.872 29.745 6.54
      vertex 50.8006 30.0426 6.54
      vertex 50.0397 29.7954 5.74
    endloop
  endfacet
  facet normal 0.603868 -0.370012 0.705999
    outer loop
      vertex 47.2325 30.3191 6.51626
      vertex 47.9213 29.9621 5.74
      vertex 48.0156 30.116 5.74
    endloop
  endfacet
  facet normal 0.60417 -0.369477 0.706021
    outer loop
      vertex 47.9213 29.9621 5.74
      vertex 47.2325 30.3191 6.51626
      vertex 47.231 30.3138 6.51477
    endloop
  endfacet
  facet normal 0.06415 0.70565 0.70565
    outer loop
      vertex 48.946 28.29 5.74
      vertex 48.9438 27.5002 6.53
      vertex 48.946 27.5 6.53
    endloop
  endfacet
  facet normal 0.0557281 0.70602 0.705996
    outer loop
      vertex 48.9438 27.5002 6.53
      vertex 48.946 28.29 5.74
      vertex 48.7661 28.3042 5.74
    endloop
  endfacet
  facet normal 0.459977 -0.538471 0.706024
    outer loop
      vertex 47.5759 30.8133 6.53
      vertex 48.1328 30.2532 5.74
      vertex 48.27 30.3704 5.74
    endloop
  endfacet
  facet normal 0.468299 -0.530739 0.706408
    outer loop
      vertex 48.1328 30.2532 5.74
      vertex 47.5759 30.8133 6.53
      vertex 47.5742 30.8118 6.53
    endloop
  endfacet
  facet normal 0.68862 -0.16519 0.706055
    outer loop
      vertex 47.1412 29.7524 6.42348
      vertex 47.8102 29.6199 5.74
      vertex 47.8523 29.7954 5.74
    endloop
  endfacet
  facet normal 0.689025 -0.163334 0.706092
    outer loop
      vertex 47.8102 29.6199 5.74
      vertex 47.1412 29.7524 6.42348
      vertex 47.1382 29.7263 6.42037
    endloop
  endfacet
  facet normal -0.270924 -0.654342 0.706
    outer loop
      vertex 49.8247 31.1694 6.53
      vertex 49.5455 31.285 6.53
      vertex 49.3014 30.5337 5.74
    endloop
  endfacet
  facet normal -0.603891 0.36999 0.705991
    outer loop
      vertex 50.646 28.5127 6.53
      vertex 49.8764 28.764 5.74
      vertex 50.5155 28.2997 6.53
    endloop
  endfacet
  facet normal -0.603522 0.370791 0.705886
    outer loop
      vertex 49.8764 28.764 5.74
      vertex 50.646 28.5127 6.53
      vertex 50.6835 28.5547 6.54
    endloop
  endfacet
  facet normal -0.602927 0.370045 0.706786
    outer loop
      vertex 50.6835 28.5547 6.54
      vertex 50.646 28.5127 6.53
      vertex 50.646 28.4936 6.54
    endloop
  endfacet
  facet normal -0.271111 0.654229 0.706033
    outer loop
      vertex 49.5455 27.5949 6.53
      vertex 49.8247 27.7106 6.53
      vertex 49.3014 28.3463 5.74
    endloop
  endfacet
  facet normal -0.165244 -0.688633 0.706031
    outer loop
      vertex 49.5433 31.2856 6.53
      vertex 49.2495 31.3561 6.53
      vertex 49.1259 30.5758 5.74
    endloop
  endfacet
  facet normal -0.654288 -0.271019 0.706014
    outer loop
      vertex 50.8006 30.0426 6.54
      vertex 50.6835 30.3253 6.54
      vertex 49.9707 29.9621 5.74
    endloop
  endfacet
  facet normal 0.705991 0.0557446 0.706024
    outer loop
      vertex 47.1382 29.1537 6.42037
      vertex 47.8102 29.2601 5.74
      vertex 47.1281 29.4108 6.41017
    endloop
  endfacet
  facet normal -0.364244 -0.607073 0.706249
    outer loop
      vertex 49.4681 30.4647 5.74
      vertex 49.8287 31.1674 6.53
      vertex 49.8267 31.1686 6.53
    endloop
  endfacet
  facet normal -0.370003 -0.603855 0.706015
    outer loop
      vertex 49.8287 31.1674 6.53
      vertex 49.4681 30.4647 5.74
      vertex 49.622 30.3704 5.74
    endloop
  endfacet
  facet normal 0.654283 0.27107 0.705999
    outer loop
      vertex 47.231 28.5662 6.51477
      vertex 47.9213 28.9179 5.74
      vertex 47.1758 28.8456 6.45865
    endloop
  endfacet
  facet normal 0.165242 0.688626 0.706037
    outer loop
      vertex 48.6403 27.5244 6.53
      vertex 48.5906 28.3463 5.74
      vertex 48.3465 27.5949 6.53
    endloop
  endfacet
  facet normal -0.654333 0.27084 0.706042
    outer loop
      vertex 50.8006 28.8374 6.54
      vertex 50.0397 29.0846 5.74
      vertex 49.9707 28.9179 5.74
    endloop
  endfacet
  facet normal 0.0555338 -0.706006 0.706026
    outer loop
      vertex 48.7661 30.5758 5.74
      vertex 48.9438 31.3798 6.53
      vertex 48.6425 31.3561 6.53
    endloop
  endfacet
  facet normal -0.0555338 0.706006 0.706026
    outer loop
      vertex 49.2495 27.5239 6.53
      vertex 49.1259 28.3042 5.74
      vertex 48.9482 27.5002 6.53
    endloop
  endfacet
  facet normal -0.459855 0.538607 0.706001
    outer loop
      vertex 50.088 27.872 6.53
      vertex 50.3178 28.0682 6.53
      vertex 49.7592 28.6268 5.74
    endloop
  endfacet
  facet normal 0.654339 0.270842 0.706035
    outer loop
      vertex 47.8523 29.0846 5.74
      vertex 47.1758 28.8456 6.45865
      vertex 47.9213 28.9179 5.74
    endloop
  endfacet
  facet normal 0.655439 0.267965 0.706113
    outer loop
      vertex 47.1758 28.8456 6.45865
      vertex 47.8523 29.0846 5.74
      vertex 47.1723 28.8637 6.45503
    endloop
  endfacet
  facet normal 0.459855 0.538607 0.706001
    outer loop
      vertex 47.804 27.872 6.53
      vertex 48.1328 28.6268 5.74
      vertex 47.5742 28.0682 6.53
    endloop
  endfacet
  facet normal 0.603891 -0.36999 0.705991
    outer loop
      vertex 47.246 30.3673 6.53
      vertex 48.0156 30.116 5.74
      vertex 47.3765 30.5803 6.53
    endloop
  endfacet
  facet normal 0.603733 -0.370334 0.705946
    outer loop
      vertex 48.0156 30.116 5.74
      vertex 47.246 30.3673 6.53
      vertex 47.2325 30.3191 6.51626
    endloop
  endfacet
  facet normal 0.53861 -0.459857 0.705996
    outer loop
      vertex 48.0156 30.116 5.74
      vertex 47.5727 30.8101 6.53
      vertex 47.3765 30.5803 6.53
    endloop
  endfacet
  facet normal 0.46001 0.53851 0.705973
    outer loop
      vertex 47.804 27.872 6.53
      vertex 48.27 28.5096 5.74
      vertex 48.1328 28.6268 5.74
    endloop
  endfacet
  facet normal 0.468901 0.531421 0.705496
    outer loop
      vertex 48.27 28.5096 5.74
      vertex 47.804 27.872 6.53
      vertex 47.8057 27.8705 6.53
    endloop
  endfacet
  facet normal 0.15688 0.69027 0.70634
    outer loop
      vertex 48.7661 28.3042 5.74
      vertex 48.6403 27.5244 6.53
      vertex 48.6425 27.5239 6.53
    endloop
  endfacet
  facet normal 0.165193 0.688631 0.706045
    outer loop
      vertex 48.6403 27.5244 6.53
      vertex 48.7661 28.3042 5.74
      vertex 48.5906 28.3463 5.74
    endloop
  endfacet
  facet normal 0.706055 0.0546463 0.706045
    outer loop
      vertex 47.1281 29.4108 6.41017
      vertex 47.796 29.44 5.74
      vertex 47.127 29.44 6.40901
    endloop
  endfacet
  facet normal 0.70599 0.0557257 0.706026
    outer loop
      vertex 47.796 29.44 5.74
      vertex 47.1281 29.4108 6.41017
      vertex 47.8102 29.2601 5.74
    endloop
  endfacet
  facet normal 0.271111 0.654229 0.706033
    outer loop
      vertex 48.3465 27.5949 6.53
      vertex 48.5906 28.3463 5.74
      vertex 48.0673 27.7106 6.53
    endloop
  endfacet
  facet normal 0.165472 -0.688607 0.706003
    outer loop
      vertex 48.5906 30.5337 5.74
      vertex 48.6403 31.3556 6.53
      vertex 48.3465 31.285 6.53
    endloop
  endfacet
  facet normal -0.263156 -0.65789 0.705641
    outer loop
      vertex 49.8247 31.1694 6.53
      vertex 49.4681 30.4647 5.74
      vertex 49.8267 31.1686 6.53
    endloop
  endfacet
  facet normal -0.27086 -0.654381 0.705989
    outer loop
      vertex 49.4681 30.4647 5.74
      vertex 49.8247 31.1694 6.53
      vertex 49.3014 30.5337 5.74
    endloop
  endfacet
  facet normal -0.602927 -0.370045 0.706786
    outer loop
      vertex 50.646 30.3673 6.53
      vertex 50.6835 30.3253 6.54
      vertex 50.646 30.3864 6.54
    endloop
  endfacet
  facet normal -0.603522 -0.370791 0.705886
    outer loop
      vertex 50.646 30.3673 6.53
      vertex 49.8764 30.116 5.74
      vertex 50.6835 30.3253 6.54
    endloop
  endfacet
  facet normal -0.603891 -0.36999 0.705991
    outer loop
      vertex 49.8764 30.116 5.74
      vertex 50.646 30.3673 6.53
      vertex 50.5155 30.5803 6.53
    endloop
  endfacet
  facet normal 0.538471 0.459977 0.706024
    outer loop
      vertex 47.5727 28.0699 6.53
      vertex 48.1328 28.6268 5.74
      vertex 48.0156 28.764 5.74
    endloop
  endfacet
  facet normal 0.530739 0.468299 0.706408
    outer loop
      vertex 48.1328 28.6268 5.74
      vertex 47.5727 28.0699 6.53
      vertex 47.5742 28.0682 6.53
    endloop
  endfacet
  facet normal 0.53861 0.459857 0.705996
    outer loop
      vertex 47.5727 28.0699 6.53
      vertex 48.0156 28.764 5.74
      vertex 47.3765 28.2997 6.53
    endloop
  endfacet
  facet normal 0.27086 0.654381 0.705989
    outer loop
      vertex 48.4239 28.4153 5.74
      vertex 48.0673 27.7106 6.53
      vertex 48.5906 28.3463 5.74
    endloop
  endfacet
  facet normal 0.263156 0.65789 0.705641
    outer loop
      vertex 48.0673 27.7106 6.53
      vertex 48.4239 28.4153 5.74
      vertex 48.0653 27.7114 6.53
    endloop
  endfacet
  facet normal 0.370003 0.603855 0.706015
    outer loop
      vertex 48.0633 27.7126 6.53
      vertex 48.4239 28.4153 5.74
      vertex 48.27 28.5096 5.74
    endloop
  endfacet
  facet normal 0.364244 0.607073 0.706249
    outer loop
      vertex 48.4239 28.4153 5.74
      vertex 48.0633 27.7126 6.53
      vertex 48.0653 27.7114 6.53
    endloop
  endfacet
  facet normal -0.263156 0.65789 0.705641
    outer loop
      vertex 49.4681 28.4153 5.74
      vertex 49.8247 27.7106 6.53
      vertex 49.8267 27.7114 6.53
    endloop
  endfacet
  facet normal -0.27086 0.654381 0.705989
    outer loop
      vertex 49.8247 27.7106 6.53
      vertex 49.4681 28.4153 5.74
      vertex 49.3014 28.3463 5.74
    endloop
  endfacet
  facet normal -0.688639 -0.165195 0.706036
    outer loop
      vertex 50.0818 29.6199 5.74
      vertex 50.872 29.745 6.54
      vertex 50.0397 29.7954 5.74
    endloop
  endfacet
  facet normal 0.603891 0.36999 0.705991
    outer loop
      vertex 48.0156 28.764 5.74
      vertex 47.246 28.5127 6.53
      vertex 47.3765 28.2997 6.53
    endloop
  endfacet
  facet normal 0.603733 0.370334 0.705946
    outer loop
      vertex 47.246 28.5127 6.53
      vertex 48.0156 28.764 5.74
      vertex 47.2325 28.5609 6.51626
    endloop
  endfacet
  facet normal 0.603868 0.370012 0.705999
    outer loop
      vertex 47.9213 28.9179 5.74
      vertex 47.2325 28.5609 6.51626
      vertex 48.0156 28.764 5.74
    endloop
  endfacet
  facet normal 0.60417 0.369477 0.706021
    outer loop
      vertex 47.2325 28.5609 6.51626
      vertex 47.9213 28.9179 5.74
      vertex 47.231 28.5662 6.51477
    endloop
  endfacet
  facet normal 0 -1 0
    outer loop
      vertex -46.646 31.589 2.785
      vertex 46.646 31.589 2.795
      vertex -46.646 31.589 2.795
    endloop
  endfacet
  facet normal 0 -1 -0
    outer loop
      vertex 46.646 31.589 2.795
      vertex -46.646 31.589 2.785
      vertex 46.646 31.589 2.785
    endloop
  endfacet
  facet normal 0 1 -0
    outer loop
      vertex 46.646 2 2.785
      vertex -46.646 2 5.92
      vertex 46.646 2 5.92
    endloop
  endfacet
  facet normal 0 1 0
    outer loop
      vertex -46.646 2 5.92
      vertex 46.646 2 2.785
      vertex -46.646 2 2.785
    endloop
  endfacet
  facet normal 0 0 1
    outer loop
      vertex 46.646 31.589 2.785
      vertex 40.75 22.11 2.785
      vertex 46.646 22.11 2.785
    endloop
  endfacet
  facet normal 0 0 1
    outer loop
      vertex 40.75 22.11 2.785
      vertex 38.25 29.3 2.785
      vertex 40.75 11.53 2.785
    endloop
  endfacet
  facet normal 0 0 1
    outer loop
      vertex 46.646 31.589 2.785
      vertex 38.25 29.3 2.785
      vertex 40.75 22.11 2.785
    endloop
  endfacet
  facet normal 0 0 1
    outer loop
      vertex 46.646 31.589 2.785
      vertex 0.25 29.3 2.785
      vertex 38.25 29.3 2.785
    endloop
  endfacet
  facet normal 0 0 1
    outer loop
      vertex 0.25 29.3 2.785
      vertex -46.646 31.589 2.785
      vertex 0.25 4.3 2.785
    endloop
  endfacet
  facet normal -0 0 1
    outer loop
      vertex -46.646 31.589 2.785
      vertex 0.25 29.3 2.785
      vertex 46.646 31.589 2.785
    endloop
  endfacet
  facet normal -0 0 1
    outer loop
      vertex 40.75 11.53 2.785
      vertex 46.646 2 2.785
      vertex 46.646 11.53 2.785
    endloop
  endfacet
  facet normal 0 0 1
    outer loop
      vertex 38.25 4.3 2.785
      vertex 40.75 11.53 2.785
      vertex 38.25 29.3 2.785
    endloop
  endfacet
  facet normal -0 0 1
    outer loop
      vertex 38.25 4.3 2.785
      vertex 46.646 2 2.785
      vertex 40.75 11.53 2.785
    endloop
  endfacet
  facet normal -0 0 1
    outer loop
      vertex 0.25 4.3 2.785
      vertex 46.646 2 2.785
      vertex 38.25 4.3 2.785
    endloop
  endfacet
  facet normal 0 0 1
    outer loop
      vertex 0.25 4.3 2.785
      vertex -46.646 2 2.785
      vertex 46.646 2 2.785
    endloop
  endfacet
  facet normal 0 0 1
    outer loop
      vertex -46.646 2 2.785
      vertex 0.25 4.3 2.785
      vertex -46.646 31.589 2.785
    endloop
  endfacet
  facet normal 0 -0.712926 0.701239
    outer loop
      vertex -46.646 31.589 5.92
      vertex -46.646 32.189 6.53
      vertex -47.246 32.189 6.53
    endloop
  endfacet
  facet normal 0 -0.712926 0.701239
    outer loop
      vertex 46.646 31.589 5.92
      vertex 47.246 32.189 6.53
      vertex 46.646 32.189 6.53
    endloop
  endfacet
  facet normal -0.712926 0 0.701239
    outer loop
      vertex 46.646 31.589 5.92
      vertex 47.246 30.3673 6.53
      vertex 47.246 32.189 6.53
    endloop
  endfacet
  facet normal -0.713065 -0.000138944 0.701098
    outer loop
      vertex 46.646 31.589 5.92
      vertex 47.2325 30.3191 6.51626
      vertex 47.246 30.3673 6.53
    endloop
  endfacet
  facet normal -0.70984 0.0028809 0.704357
    outer loop
      vertex 46.646 31.589 5.92
      vertex 47.231 30.3138 6.51477
      vertex 47.2325 30.3191 6.51626
    endloop
  endfacet
  facet normal -0.712935 3.31063e-06 0.701231
    outer loop
      vertex 46.646 31.589 5.92
      vertex 47.1758 30.0344 6.45865
      vertex 47.231 30.3138 6.51477
    endloop
  endfacet
  facet normal -0.715123 -0.00151612 0.698997
    outer loop
      vertex 46.646 31.589 5.92
      vertex 47.1723 30.0163 6.45503
      vertex 47.1758 30.0344 6.45865
    endloop
  endfacet
  facet normal -0.712709 0.000129489 0.70146
    outer loop
      vertex 46.646 31.589 5.92
      vertex 47.1412 29.7524 6.42348
      vertex 47.1723 30.0163 6.45503
    endloop
  endfacet
  facet normal -0.714991 -0.0011238 0.699133
    outer loop
      vertex 46.646 31.589 5.92
      vertex 47.1382 29.7263 6.42037
      vertex 47.1412 29.7524 6.42348
    endloop
  endfacet
  facet normal -0.712604 0.000160707 0.701567
    outer loop
      vertex 46.646 31.589 5.92
      vertex 47.1281 29.4692 6.41017
      vertex 47.1382 29.7263 6.42037
    endloop
  endfacet
  facet normal -0.714796 -0.00085446 0.699333
    outer loop
      vertex 46.646 31.589 5.92
      vertex 47.127 29.44 6.40901
      vertex 47.1281 29.4692 6.41017
    endloop
  endfacet
  facet normal -0.710261 0.00120819 0.703937
    outer loop
      vertex 46.646 31.589 5.92
      vertex 47.1281 29.4108 6.41017
      vertex 47.127 29.44 6.40901
    endloop
  endfacet
  facet normal -0.71346 -0.000228853 0.700696
    outer loop
      vertex 46.646 31.589 5.92
      vertex 47.1382 29.1537 6.42037
      vertex 47.1281 29.4108 6.41017
    endloop
  endfacet
  facet normal -0.703589 0.00380044 0.710597
    outer loop
      vertex 46.646 31.589 5.92
      vertex 47.1412 29.1276 6.42348
      vertex 47.1382 29.1537 6.42037
    endloop
  endfacet
  facet normal -0.71404 -0.000448357 0.700105
    outer loop
      vertex 46.646 31.589 5.92
      vertex 47.1723 28.8637 6.45503
      vertex 47.1412 29.1276 6.42348
    endloop
  endfacet
  facet normal 0.198122 -0.15525 -0.967804
    outer loop
      vertex 47.1723 28.8637 6.45503
      vertex 47.231 28.5662 6.51477
      vertex 47.1758 28.8456 6.45865
    endloop
  endfacet
  facet normal 0.745128 0.367369 0.556619
    outer loop
      vertex 47.231 28.5662 6.51477
      vertex 47.246 28.5127 6.53
      vertex 47.2325 28.5609 6.51626
    endloop
  endfacet
  facet normal -0.712466 0 0.701707
    outer loop
      vertex 47.231 28.5662 6.51477
      vertex 47.246 5.92734 6.53
      vertex 47.246 28.5127 6.53
    endloop
  endfacet
  facet normal -0.713288 0 0.700871
    outer loop
      vertex 47.231 5.87383 6.51477
      vertex 47.231 28.5662 6.51477
      vertex 47.1723 28.8637 6.45503
    endloop
  endfacet
  facet normal -0.712899 0 0.701267
    outer loop
      vertex 47.1723 5.57632 6.45503
      vertex 47.1723 28.8637 6.45503
      vertex 46.646 31.589 5.92
    endloop
  endfacet
  facet normal -0.712466 0 0.701707
    outer loop
      vertex 47.231 28.5662 6.51477
      vertex 47.231 5.87383 6.51477
      vertex 47.246 5.92734 6.53
    endloop
  endfacet
  facet normal -0.712931 1.85695e-06 0.701234
    outer loop
      vertex 47.1723 28.8637 6.45503
      vertex 47.1758 5.5944 6.45865
      vertex 47.231 5.87383 6.51477
    endloop
  endfacet
  facet normal -0.718922 0 0.695091
    outer loop
      vertex 47.1723 28.8637 6.45503
      vertex 47.1723 5.57632 6.45503
      vertex 47.1758 5.5944 6.45865
    endloop
  endfacet
  facet normal -0.70542 0.000306059 0.70879
    outer loop
      vertex 46.646 31.589 5.92
      vertex 47.1699 5.55643 6.45265
      vertex 47.1723 5.57632 6.45503
    endloop
  endfacet
  facet normal -0.712938 0 0.701227
    outer loop
      vertex 46.646 2 5.92
      vertex 47.1699 5.55643 6.45265
      vertex 46.646 31.589 5.92
    endloop
  endfacet
  facet normal -0.710773 -0.00064768 0.703421
    outer loop
      vertex 47.1699 5.55643 6.45265
      vertex 46.646 2 5.92
      vertex 47.1382 5.28633 6.42037
    endloop
  endfacet
  facet normal -0.713723 0.000249789 0.700428
    outer loop
      vertex 47.1382 5.28633 6.42037
      vertex 46.646 2 5.92
      vertex 47.1281 5.0292 6.41017
    endloop
  endfacet
  facet normal -0.713133 8.4799e-05 0.701029
    outer loop
      vertex 46.646 2 5.92
      vertex 47.1699 4.44357 6.45265
      vertex 47.1382 4.71367 6.42037
    endloop
  endfacet
  facet normal -0.708873 -0.00131605 0.705335
    outer loop
      vertex 47.1281 5.0292 6.41017
      vertex 46.646 2 5.92
      vertex 47.127 5 6.40901
    endloop
  endfacet
  facet normal -0.715394 0.000807639 0.698721
    outer loop
      vertex 46.646 2 5.92
      vertex 47.1281 4.9708 6.41017
      vertex 47.127 5 6.40901
    endloop
  endfacet
  facet normal -0.712491 -0.000151745 0.701681
    outer loop
      vertex 46.646 2 5.92
      vertex 47.1382 4.71367 6.42037
      vertex 47.1281 4.9708 6.41017
    endloop
  endfacet
  facet normal -0.709809 -0.00136112 0.704393
    outer loop
      vertex 47.1699 4.44357 6.45265
      vertex 46.646 2 5.92
      vertex 47.1723 4.42367 6.45503
    endloop
  endfacet
  facet normal -0.715758 0.00126531 0.698347
    outer loop
      vertex 46.646 2 5.92
      vertex 47.1758 4.4056 6.45865
      vertex 47.1723 4.42367 6.45503
    endloop
  endfacet
  facet normal -0.712933 -2.75667e-06 0.701232
    outer loop
      vertex 46.646 2 5.92
      vertex 47.231 4.12617 6.51477
      vertex 47.1758 4.4056 6.45865
    endloop
  endfacet
  facet normal -0.7127 -0.000133199 0.701469
    outer loop
      vertex 46.646 2 5.92
      vertex 47.246 4.07266 6.53
      vertex 47.231 4.12617 6.51477
    endloop
  endfacet
  facet normal -0.712926 0 0.701239
    outer loop
      vertex 47.246 4.07266 6.53
      vertex 46.646 2 5.92
      vertex 47.246 1.4 6.53
    endloop
  endfacet
  facet normal 0.712926 -0 0.701239
    outer loop
      vertex -47.246 30.3673 6.53
      vertex -46.646 31.589 5.92
      vertex -47.246 32.189 6.53
    endloop
  endfacet
  facet normal 0.713065 -0.000138944 0.701098
    outer loop
      vertex -47.2325 30.3191 6.51626
      vertex -46.646 31.589 5.92
      vertex -47.246 30.3673 6.53
    endloop
  endfacet
  facet normal 0.70984 0.0028809 0.704357
    outer loop
      vertex -47.231 30.3138 6.51477
      vertex -46.646 31.589 5.92
      vertex -47.2325 30.3191 6.51626
    endloop
  endfacet
  facet normal 0.712935 3.31063e-06 0.701231
    outer loop
      vertex -47.1758 30.0344 6.45865
      vertex -46.646 31.589 5.92
      vertex -47.231 30.3138 6.51477
    endloop
  endfacet
  facet normal 0.715123 -0.00151612 0.698997
    outer loop
      vertex -47.1723 30.0163 6.45503
      vertex -46.646 31.589 5.92
      vertex -47.1758 30.0344 6.45865
    endloop
  endfacet
  facet normal 0.712709 0.000129489 0.70146
    outer loop
      vertex -47.1412 29.7524 6.42348
      vertex -46.646 31.589 5.92
      vertex -47.1723 30.0163 6.45503
    endloop
  endfacet
  facet normal 0.714991 -0.0011238 0.699133
    outer loop
      vertex -47.1382 29.7263 6.42037
      vertex -46.646 31.589 5.92
      vertex -47.1412 29.7524 6.42348
    endloop
  endfacet
  facet normal 0.712604 0.000160707 0.701567
    outer loop
      vertex -47.1281 29.4692 6.41017
      vertex -46.646 31.589 5.92
      vertex -47.1382 29.7263 6.42037
    endloop
  endfacet
  facet normal 0.714796 -0.00085446 0.699333
    outer loop
      vertex -47.127 29.44 6.40901
      vertex -46.646 31.589 5.92
      vertex -47.1281 29.4692 6.41017
    endloop
  endfacet
  facet normal 0.710261 0.00120819 0.703937
    outer loop
      vertex -47.1281 29.4108 6.41017
      vertex -46.646 31.589 5.92
      vertex -47.127 29.44 6.40901
    endloop
  endfacet
  facet normal 0.71346 -0.000228853 0.700696
    outer loop
      vertex -47.1382 29.1537 6.42037
      vertex -46.646 31.589 5.92
      vertex -47.1281 29.4108 6.41017
    endloop
  endfacet
  facet normal 0.703589 0.00380044 0.710597
    outer loop
      vertex -47.1412 29.1276 6.42348
      vertex -46.646 31.589 5.92
      vertex -47.1382 29.1537 6.42037
    endloop
  endfacet
  facet normal 0.71404 -0.000448357 0.700105
    outer loop
      vertex -47.1723 28.8637 6.45503
      vertex -46.646 31.589 5.92
      vertex -47.1412 29.1276 6.42348
    endloop
  endfacet
  facet normal -0.198122 -0.15525 -0.967804
    outer loop
      vertex -47.231 28.5662 6.51477
      vertex -47.1723 28.8637 6.45503
      vertex -47.1758 28.8456 6.45865
    endloop
  endfacet
  facet normal -0.745128 0.367369 0.556619
    outer loop
      vertex -47.246 28.5127 6.53
      vertex -47.231 28.5662 6.51477
      vertex -47.2325 28.5609 6.51626
    endloop
  endfacet
  facet normal 0.712466 -0 0.701707
    outer loop
      vertex -47.246 5.92734 6.53
      vertex -47.231 28.5662 6.51477
      vertex -47.246 28.5127 6.53
    endloop
  endfacet
  facet normal 0.712466 -0 0.701707
    outer loop
      vertex -47.231 5.87383 6.51477
      vertex -47.231 28.5662 6.51477
      vertex -47.246 5.92734 6.53
    endloop
  endfacet
  facet normal 0.713288 0 0.700871
    outer loop
      vertex -47.231 28.5662 6.51477
      vertex -47.231 5.87383 6.51477
      vertex -47.1723 28.8637 6.45503
    endloop
  endfacet
  facet normal 0.712931 1.85695e-06 0.701234
    outer loop
      vertex -47.1758 5.5944 6.45865
      vertex -47.1723 28.8637 6.45503
      vertex -47.231 5.87383 6.51477
    endloop
  endfacet
  facet normal 0.718922 -0 0.695091
    outer loop
      vertex -47.1723 5.57632 6.45503
      vertex -47.1723 28.8637 6.45503
      vertex -47.1758 5.5944 6.45865
    endloop
  endfacet
  facet normal 0.712899 0 0.701267
    outer loop
      vertex -47.1723 28.8637 6.45503
      vertex -47.1723 5.57632 6.45503
      vertex -46.646 31.589 5.92
    endloop
  endfacet
  facet normal 0.70542 0.000306059 0.70879
    outer loop
      vertex -47.1699 5.55643 6.45265
      vertex -46.646 31.589 5.92
      vertex -47.1723 5.57632 6.45503
    endloop
  endfacet
  facet normal 0.710773 -0.00064768 0.703421
    outer loop
      vertex -46.646 2 5.92
      vertex -47.1699 5.55643 6.45265
      vertex -47.1382 5.28633 6.42037
    endloop
  endfacet
  facet normal 0.713723 0.000249789 0.700428
    outer loop
      vertex -46.646 2 5.92
      vertex -47.1382 5.28633 6.42037
      vertex -47.1281 5.0292 6.41017
    endloop
  endfacet
  facet normal 0.708873 -0.00131605 0.705335
    outer loop
      vertex -46.646 2 5.92
      vertex -47.1281 5.0292 6.41017
      vertex -47.127 5 6.40901
    endloop
  endfacet
  facet normal 0.709809 -0.00136112 0.704393
    outer loop
      vertex -46.646 2 5.92
      vertex -47.1699 4.44357 6.45265
      vertex -47.1723 4.42367 6.45503
    endloop
  endfacet
  facet normal 0.712938 0 0.701227
    outer loop
      vertex -47.1699 5.55643 6.45265
      vertex -46.646 2 5.92
      vertex -46.646 31.589 5.92
    endloop
  endfacet
  facet normal 0.715394 0.000807639 0.698721
    outer loop
      vertex -47.1281 4.9708 6.41017
      vertex -46.646 2 5.92
      vertex -47.127 5 6.40901
    endloop
  endfacet
  facet normal 0.712491 -0.000151745 0.701681
    outer loop
      vertex -47.1382 4.71367 6.42037
      vertex -46.646 2 5.92
      vertex -47.1281 4.9708 6.41017
    endloop
  endfacet
  facet normal 0.713133 8.4799e-05 0.701029
    outer loop
      vertex -47.1699 4.44357 6.45265
      vertex -46.646 2 5.92
      vertex -47.1382 4.71367 6.42037
    endloop
  endfacet
  facet normal 0.715758 0.00126531 0.698347
    outer loop
      vertex -47.1758 4.4056 6.45865
      vertex -46.646 2 5.92
      vertex -47.1723 4.42367 6.45503
    endloop
  endfacet
  facet normal 0.712933 -2.75667e-06 0.701232
    outer loop
      vertex -47.231 4.12617 6.51477
      vertex -46.646 2 5.92
      vertex -47.1758 4.4056 6.45865
    endloop
  endfacet
  facet normal 0.7127 -0.000133199 0.701469
    outer loop
      vertex -47.246 4.07266 6.53
      vertex -46.646 2 5.92
      vertex -47.231 4.12617 6.51477
    endloop
  endfacet
  facet normal 0.712926 0 0.701239
    outer loop
      vertex -46.646 2 5.92
      vertex -47.246 4.07266 6.53
      vertex -47.246 1.4 6.53
    endloop
  endfacet
  facet normal 0 0.712926 0.701239
    outer loop
      vertex 46.646 2 5.92
      vertex -47.246 1.4 6.53
      vertex 47.246 1.4 6.53
    endloop
  endfacet
  facet normal 0 0.712926 0.701239
    outer loop
      vertex -47.246 1.4 6.53
      vertex 46.646 2 5.92
      vertex -46.646 2 5.92
    endloop
  endfacet
  facet normal 0 -1 0
    outer loop
      vertex 46.646 22.01 2.67029e-07
      vertex 49.62 22.01 2.58
      vertex 46.646 22.01 2.58
    endloop
  endfacet
  facet normal 0 -1 -0
    outer loop
      vertex 49.62 22.01 2.58
      vertex 46.646 22.01 2.67029e-07
      vertex 49.62 22.01 2.67029e-07
    endloop
  endfacet
  facet normal 0 1 -0
    outer loop
      vertex 49.62 11.63 2.67029e-07
      vertex 46.646 11.63 2.58
      vertex 49.62 11.63 2.58
    endloop
  endfacet
  facet normal 0 1 0
    outer loop
      vertex 46.646 11.63 2.58
      vertex 49.62 11.63 2.67029e-07
      vertex 46.646 11.63 2.67029e-07
    endloop
  endfacet
  facet normal 0 0 -1
    outer loop
      vertex 46.646 11.63 2.58
      vertex 49.62 22.01 2.58
      vertex 49.62 11.63 2.58
    endloop
  endfacet
  facet normal -0 0 -1
    outer loop
      vertex 49.62 22.01 2.58
      vertex 46.646 11.63 2.58
      vertex 46.646 22.01 2.58
    endloop
  endfacet
  facet normal 0 -1 0
    outer loop
      vertex 49.62 23.07 3.5
      vertex 53.1076 23.07 3.30878
      vertex 53.1076 23.07 3.5
    endloop
  endfacet
  facet normal 0 -1 0
    outer loop
      vertex 49.62 23.07 3.5
      vertex 53.1076 23.07 2.58958
      vertex 53.1076 23.07 3.30878
    endloop
  endfacet
  facet normal 0 -1 0
    outer loop
      vertex 49.62 23.07 3.5
      vertex 53.1076 23.07 1.73168
      vertex 53.1076 23.07 2.58958
    endloop
  endfacet
  facet normal 0 -1 0
    outer loop
      vertex 49.62 23.07 2.67029e-07
      vertex 53.1076 23.07 1.73168
      vertex 49.62 23.07 3.5
    endloop
  endfacet
  facet normal 0 -1 -0
    outer loop
      vertex 53.1076 23.07 1.73168
      vertex 49.62 23.07 2.67029e-07
      vertex 53.1076 23.07 0.696627
    endloop
  endfacet
  facet normal 0 -1 -0
    outer loop
      vertex 53.1076 23.07 0.696627
      vertex 49.62 23.07 2.67029e-07
      vertex 53.1076 23.07 2.67029e-07
    endloop
  endfacet
  facet normal 0 1 -0
    outer loop
      vertex 53.1076 10.57 1.52093
      vertex 49.62 10.57 3.5
      vertex 53.1076 10.57 3.5
    endloop
  endfacet
  facet normal 0 1 0
    outer loop
      vertex 49.62 10.57 2.67029e-07
      vertex 53.1076 10.57 1.52093
      vertex 53.1076 10.57 0.276712
    endloop
  endfacet
  facet normal 0 1 0
    outer loop
      vertex 49.62 10.57 2.67029e-07
      vertex 53.1076 10.57 0.276712
      vertex 53.1076 10.57 2.67029e-07
    endloop
  endfacet
  facet normal 0 1 0
    outer loop
      vertex 53.1076 10.57 1.52093
      vertex 49.62 10.57 2.67029e-07
      vertex 49.62 10.57 3.5
    endloop
  endfacet
  facet normal 1 0 0
    outer loop
      vertex 49.62 23.07 3.5
      vertex 49.62 22.01 2.58
      vertex 49.62 23.07 2.67029e-07
    endloop
  endfacet
  facet normal 1 0 0
    outer loop
      vertex 49.62 23.07 3.5
      vertex 49.62 11.63 2.58
      vertex 49.62 22.01 2.58
    endloop
  endfacet
  facet normal 1 -0 0
    outer loop
      vertex 49.62 10.57 3.5
      vertex 49.62 11.63 2.58
      vertex 49.62 23.07 3.5
    endloop
  endfacet
  facet normal 1 0 0
    outer loop
      vertex 49.62 10.57 2.67029e-07
      vertex 49.62 11.63 2.58
      vertex 49.62 10.57 3.5
    endloop
  endfacet
  facet normal 1 0 0
    outer loop
      vertex 49.62 11.63 2.58
      vertex 49.62 10.57 2.67029e-07
      vertex 49.62 11.63 2.67029e-07
    endloop
  endfacet
  facet normal 1 0 0
    outer loop
      vertex 49.62 23.07 2.67029e-07
      vertex 49.62 22.01 2.58
      vertex 49.62 22.01 2.67029e-07
    endloop
  endfacet
  facet normal 0 0 -1
    outer loop
      vertex 49.62 10.57 3.5
      vertex 53.1076 19.0527 3.5
      vertex 53.1076 10.57 3.5
    endloop
  endfacet
  facet normal 0 0 -1
    outer loop
      vertex 49.62 23.07 3.5
      vertex 53.1076 19.0527 3.5
      vertex 49.62 10.57 3.5
    endloop
  endfacet
  facet normal 0 0 -1
    outer loop
      vertex 53.1076 19.0527 3.5
      vertex 49.62 23.07 3.5
      vertex 53.1076 21.6367 3.5
    endloop
  endfacet
  facet normal 0 0 -1
    outer loop
      vertex 53.1076 21.6367 3.5
      vertex 49.62 23.07 3.5
      vertex 53.1076 23.07 3.5
    endloop
  endfacet
  facet normal -0.23346 0 -0.972366
    outer loop
      vertex 3.36733 32.44 0.170767
      vertex 3.48176 34.4116 0.143293
      vertex 3.48176 32.44 0.143293
    endloop
  endfacet
  facet normal -0.23346 0 -0.972366
    outer loop
      vertex 3.48176 34.4116 0.143293
      vertex 3.36733 32.44 0.170767
      vertex 3.36733 34.4116 0.170767
    endloop
  endfacet
  facet normal 0.0784585 0 -0.996917
    outer loop
      vertex 3.13267 32.44 0.170767
      vertex 3.25 34.4116 0.180001
      vertex 3.25 32.44 0.180001
    endloop
  endfacet
  facet normal 0.0784585 0 -0.996917
    outer loop
      vertex 3.25 34.4116 0.180001
      vertex 3.13267 32.44 0.170767
      vertex 3.13267 34.4116 0.170767
    endloop
  endfacet
  facet normal -0.522482 0 -0.85265
    outer loop
      vertex 3.59049 32.44 0.0982554
      vertex 3.69084 34.4116 0.0367635
      vertex 3.69084 32.44 0.0367635
    endloop
  endfacet
  facet normal -0.522482 0 -0.85265
    outer loop
      vertex 3.69084 34.4116 0.0367635
      vertex 3.59049 32.44 0.0982554
      vertex 3.59049 34.4116 0.0982554
    endloop
  endfacet
  facet normal 0.522482 0 -0.85265
    outer loop
      vertex 2.80916 32.44 0.0367635
      vertex 2.90951 34.4116 0.0982554
      vertex 2.90951 32.44 0.0982554
    endloop
  endfacet
  facet normal 0.522482 0 -0.85265
    outer loop
      vertex 2.90951 34.4116 0.0982554
      vertex 2.80916 32.44 0.0367635
      vertex 2.80916 34.4116 0.0367635
    endloop
  endfacet
  facet normal -0.382685 0 -0.923879
    outer loop
      vertex 3.48176 32.44 0.143293
      vertex 3.59049 34.4116 0.0982554
      vertex 3.59049 32.44 0.0982554
    endloop
  endfacet
  facet normal -0.382685 0 -0.923879
    outer loop
      vertex 3.59049 34.4116 0.0982554
      vertex 3.48176 32.44 0.143293
      vertex 3.48176 34.4116 0.143293
    endloop
  endfacet
  facet normal 0.649485 0 -0.760375
    outer loop
      vertex 2.76612 32.44 2.67029e-07
      vertex 2.80916 34.4116 0.0367635
      vertex 2.80916 32.44 0.0367635
    endloop
  endfacet
  facet normal 0.649485 0 -0.760375
    outer loop
      vertex 2.80916 34.4116 0.0367635
      vertex 2.76612 32.44 2.67029e-07
      vertex 2.76612 34.4116 2.67029e-07
    endloop
  endfacet
  facet normal -0.649485 0 -0.760375
    outer loop
      vertex 3.69084 32.44 0.0367635
      vertex 3.73388 34.4116 2.67029e-07
      vertex 3.73388 32.44 2.67029e-07
    endloop
  endfacet
  facet normal -0.649485 0 -0.760375
    outer loop
      vertex 3.73388 34.4116 2.67029e-07
      vertex 3.69084 32.44 0.0367635
      vertex 3.69084 34.4116 0.0367635
    endloop
  endfacet
  facet normal 0.23346 0 -0.972366
    outer loop
      vertex 3.01824 32.44 0.143293
      vertex 3.13267 34.4116 0.170767
      vertex 3.13267 32.44 0.170767
    endloop
  endfacet
  facet normal 0.23346 0 -0.972366
    outer loop
      vertex 3.13267 34.4116 0.170767
      vertex 3.01824 32.44 0.143293
      vertex 3.01824 34.4116 0.143293
    endloop
  endfacet
  facet normal -0.0784585 0 -0.996917
    outer loop
      vertex 3.25 32.44 0.180001
      vertex 3.36733 34.4116 0.170767
      vertex 3.36733 32.44 0.170767
    endloop
  endfacet
  facet normal -0.0784585 0 -0.996917
    outer loop
      vertex 3.36733 34.4116 0.170767
      vertex 3.25 32.44 0.180001
      vertex 3.25 34.4116 0.180001
    endloop
  endfacet
  facet normal 0.382685 0 -0.923879
    outer loop
      vertex 2.90951 32.44 0.0982554
      vertex 3.01824 34.4116 0.143293
      vertex 3.01824 32.44 0.143293
    endloop
  endfacet
  facet normal 0.382685 0 -0.923879
    outer loop
      vertex 3.01824 34.4116 0.143293
      vertex 2.90951 32.44 0.0982554
      vertex 2.90951 34.4116 0.0982554
    endloop
  endfacet
  facet normal -0.23346 0 -0.972366
    outer loop
      vertex 3.36733 0.0384302 0.170767
      vertex 3.48176 2 0.143293
      vertex 3.48176 0.0384302 0.143293
    endloop
  endfacet
  facet normal -0.23346 0 -0.972366
    outer loop
      vertex 3.48176 2 0.143293
      vertex 3.36733 0.0384302 0.170767
      vertex 3.36733 2 0.170767
    endloop
  endfacet
  facet normal 0.0784585 0 -0.996917
    outer loop
      vertex 3.13267 0.0384302 0.170767
      vertex 3.25 2 0.180001
      vertex 3.25 0.0384302 0.180001
    endloop
  endfacet
  facet normal 0.0784585 0 -0.996917
    outer loop
      vertex 3.25 2 0.180001
      vertex 3.13267 0.0384302 0.170767
      vertex 3.13267 2 0.170767
    endloop
  endfacet
  facet normal -0.522482 0 -0.85265
    outer loop
      vertex 3.59049 0.0384302 0.0982554
      vertex 3.69084 2 0.0367635
      vertex 3.69084 0.0384302 0.0367635
    endloop
  endfacet
  facet normal -0.522482 0 -0.85265
    outer loop
      vertex 3.69084 2 0.0367635
      vertex 3.59049 0.0384302 0.0982554
      vertex 3.59049 2 0.0982554
    endloop
  endfacet
  facet normal 0.522482 0 -0.85265
    outer loop
      vertex 2.80916 0.0384302 0.0367635
      vertex 2.90951 2 0.0982554
      vertex 2.90951 0.0384302 0.0982554
    endloop
  endfacet
  facet normal 0.522482 0 -0.85265
    outer loop
      vertex 2.90951 2 0.0982554
      vertex 2.80916 0.0384302 0.0367635
      vertex 2.80916 2 0.0367635
    endloop
  endfacet
  facet normal -0.382685 0 -0.923879
    outer loop
      vertex 3.48176 0.0384302 0.143293
      vertex 3.59049 2 0.0982554
      vertex 3.59049 0.0384302 0.0982554
    endloop
  endfacet
  facet normal -0.382685 0 -0.923879
    outer loop
      vertex 3.59049 2 0.0982554
      vertex 3.48176 0.0384302 0.143293
      vertex 3.48176 2 0.143293
    endloop
  endfacet
  facet normal 0.649485 0 -0.760375
    outer loop
      vertex 2.76612 0.0384302 2.67029e-07
      vertex 2.80916 2 0.0367635
      vertex 2.80916 0.0384302 0.0367635
    endloop
  endfacet
  facet normal 0.649485 0 -0.760375
    outer loop
      vertex 2.80916 2 0.0367635
      vertex 2.76612 0.0384302 2.67029e-07
      vertex 2.76612 2 2.67029e-07
    endloop
  endfacet
  facet normal -0.649485 0 -0.760375
    outer loop
      vertex 3.69084 0.0384302 0.0367635
      vertex 3.73388 2 2.67029e-07
      vertex 3.73388 0.0384302 2.67029e-07
    endloop
  endfacet
  facet normal -0.649485 0 -0.760375
    outer loop
      vertex 3.73388 2 2.67029e-07
      vertex 3.69084 0.0384302 0.0367635
      vertex 3.69084 2 0.0367635
    endloop
  endfacet
  facet normal 0.23346 0 -0.972366
    outer loop
      vertex 3.01824 0.0384302 0.143293
      vertex 3.13267 2 0.170767
      vertex 3.13267 0.0384302 0.170767
    endloop
  endfacet
  facet normal 0.23346 0 -0.972366
    outer loop
      vertex 3.13267 2 0.170767
      vertex 3.01824 0.0384302 0.143293
      vertex 3.01824 2 0.143293
    endloop
  endfacet
  facet normal -0.0784585 0 -0.996917
    outer loop
      vertex 3.25 0.0384302 0.180001
      vertex 3.36733 2 0.170767
      vertex 3.36733 0.0384302 0.170767
    endloop
  endfacet
  facet normal -0.0784585 0 -0.996917
    outer loop
      vertex 3.36733 2 0.170767
      vertex 3.25 0.0384302 0.180001
      vertex 3.25 2 0.180001
    endloop
  endfacet
  facet normal 0.382685 0 -0.923879
    outer loop
      vertex 2.90951 0.0384302 0.0982554
      vertex 3.01824 2 0.143293
      vertex 3.01824 0.0384302 0.143293
    endloop
  endfacet
  facet normal 0.382685 0 -0.923879
    outer loop
      vertex 3.01824 2 0.143293
      vertex 2.90951 0.0384302 0.0982554
      vertex 2.90951 2 0.0982554
    endloop
  endfacet
  facet normal 0 0 -1
    outer loop
      vertex -46.646 2 2.67029e-07
      vertex -47.8523 5.35537 2.67029e-07
      vertex -46.646 32.44 2.67029e-07
    endloop
  endfacet
  facet normal 0 0 -1
    outer loop
      vertex -46.646 32.44 2.67029e-07
      vertex -47.8102 29.2601 2.67029e-07
      vertex -47.796 29.44 2.67029e-07
    endloop
  endfacet
  facet normal 0 0 -1
    outer loop
      vertex -47.8523 29.0846 2.67029e-07
      vertex -46.646 32.44 2.67029e-07
      vertex -47.8523 5.35537 2.67029e-07
    endloop
  endfacet
  facet normal 0 0 -1
    outer loop
      vertex -46.646 32.44 2.67029e-07
      vertex -47.8523 29.0846 2.67029e-07
      vertex -47.8102 29.2601 2.67029e-07
    endloop
  endfacet
  facet normal 0 0 -1
    outer loop
      vertex -47.9213 5.52209 2.67029e-07
      vertex -47.8523 29.0846 2.67029e-07
      vertex -47.8523 5.35537 2.67029e-07
    endloop
  endfacet
  facet normal 0 0 -1
    outer loop
      vertex -47.9213 5.52209 2.67029e-07
      vertex -47.9213 28.9179 2.67029e-07
      vertex -47.8523 29.0846 2.67029e-07
    endloop
  endfacet
  facet normal 0 0 -1
    outer loop
      vertex -48.0156 5.67595 2.67029e-07
      vertex -47.9213 28.9179 2.67029e-07
      vertex -47.9213 5.52209 2.67029e-07
    endloop
  endfacet
  facet normal 0 0 -1
    outer loop
      vertex -48.0156 5.67595 2.67029e-07
      vertex -48.0156 28.764 2.67029e-07
      vertex -47.9213 28.9179 2.67029e-07
    endloop
  endfacet
  facet normal 0 0 -1
    outer loop
      vertex -48.1328 5.81317 2.67029e-07
      vertex -48.0156 28.764 2.67029e-07
      vertex -48.0156 5.67595 2.67029e-07
    endloop
  endfacet
  facet normal 0 0 -1
    outer loop
      vertex -48.1328 5.81317 2.67029e-07
      vertex -48.1328 28.6268 2.67029e-07
      vertex -48.0156 28.764 2.67029e-07
    endloop
  endfacet
  facet normal 0 0 -1
    outer loop
      vertex -53.1076 17.1752 2.67029e-07
      vertex -48.1328 5.81317 2.67029e-07
      vertex -48.27 5.93037 2.67029e-07
    endloop
  endfacet
  facet normal 0 0 -1
    outer loop
      vertex -48.1328 5.81317 2.67029e-07
      vertex -53.1076 17.1752 2.67029e-07
      vertex -48.1328 28.6268 2.67029e-07
    endloop
  endfacet
  facet normal 0 0 -1
    outer loop
      vertex -53.1076 13.8564 2.67029e-07
      vertex -48.27 5.93037 2.67029e-07
      vertex -48.4239 6.02466 2.67029e-07
    endloop
  endfacet
  facet normal 0 0 -1
    outer loop
      vertex -48.1328 28.6268 2.67029e-07
      vertex -53.1076 17.1752 2.67029e-07
      vertex -48.27 28.5096 2.67029e-07
    endloop
  endfacet
  facet normal 0 0 -1
    outer loop
      vertex -53.1076 13.8564 2.67029e-07
      vertex -48.4239 6.02466 2.67029e-07
      vertex -48.5906 6.09371 2.67029e-07
    endloop
  endfacet
  facet normal 0 0 -1
    outer loop
      vertex -53.1076 19.8329 2.67029e-07
      vertex -48.27 28.5096 2.67029e-07
      vertex -53.1076 17.1752 2.67029e-07
    endloop
  endfacet
  facet normal 0 0 -1
    outer loop
      vertex -53.1076 13.8564 2.67029e-07
      vertex -48.5906 6.09371 2.67029e-07
      vertex -48.7661 6.13584 2.67029e-07
    endloop
  endfacet
  facet normal 0 0 -1
    outer loop
      vertex -48.27 28.5096 2.67029e-07
      vertex -53.1076 19.8329 2.67029e-07
      vertex -48.4239 28.4153 2.67029e-07
    endloop
  endfacet
  facet normal 0 0 -1
    outer loop
      vertex -53.1076 9.61995 2.67029e-07
      vertex -48.7661 6.13584 2.67029e-07
      vertex -48.946 6.15 2.67029e-07
    endloop
  endfacet
  facet normal 0 0 -1
    outer loop
      vertex -53.1076 21.9988 2.67029e-07
      vertex -48.4239 28.4153 2.67029e-07
      vertex -53.1076 19.8329 2.67029e-07
    endloop
  endfacet
  facet normal 0 0 -1
    outer loop
      vertex -53.1076 9.61995 2.67029e-07
      vertex -48.946 6.15 2.67029e-07
      vertex -49.1259 6.13584 2.67029e-07
    endloop
  endfacet
  facet normal 0 0 -1
    outer loop
      vertex -48.4239 28.4153 2.67029e-07
      vertex -53.1076 21.9988 2.67029e-07
      vertex -48.5906 28.3463 2.67029e-07
    endloop
  endfacet
  facet normal 0 0 -1
    outer loop
      vertex -53.1076 9.61995 2.67029e-07
      vertex -49.1259 6.13584 2.67029e-07
      vertex -49.3014 6.09371 2.67029e-07
    endloop
  endfacet
  facet normal 0 0 -1
    outer loop
      vertex -48.5906 28.3463 2.67029e-07
      vertex -53.1076 21.9988 2.67029e-07
      vertex -48.7661 28.3042 2.67029e-07
    endloop
  endfacet
  facet normal 0 0 -1
    outer loop
      vertex -53.1076 9.61995 2.67029e-07
      vertex -49.3014 6.09371 2.67029e-07
      vertex -49.4681 6.02466 2.67029e-07
    endloop
  endfacet
  facet normal 0 0 -1
    outer loop
      vertex -53.1076 23.7873 2.67029e-07
      vertex -48.7661 28.3042 2.67029e-07
      vertex -53.1076 21.9988 2.67029e-07
    endloop
  endfacet
  facet normal 0 0 -1
    outer loop
      vertex -53.1076 9.61995 2.67029e-07
      vertex -49.4681 6.02466 2.67029e-07
      vertex -49.622 5.93037 2.67029e-07
    endloop
  endfacet
  facet normal 0 0 -1
    outer loop
      vertex -48.7661 28.3042 2.67029e-07
      vertex -53.1076 23.7873 2.67029e-07
      vertex -48.946 28.29 2.67029e-07
    endloop
  endfacet
  facet normal 0 0 -1
    outer loop
      vertex -53.1076 9.61995 2.67029e-07
      vertex -49.622 5.93037 2.67029e-07
      vertex -49.7592 5.81317 2.67029e-07
    endloop
  endfacet
  facet normal -0 0 -1
    outer loop
      vertex -48.946 28.29 2.67029e-07
      vertex -53.1076 23.7873 2.67029e-07
      vertex -49.1259 28.3042 2.67029e-07
    endloop
  endfacet
  facet normal 0 0 -1
    outer loop
      vertex -53.1076 9.61995 2.67029e-07
      vertex -49.7592 5.81317 2.67029e-07
      vertex -49.8764 5.67595 2.67029e-07
    endloop
  endfacet
  facet normal 0 0 -1
    outer loop
      vertex -53.1076 25.2796 2.67029e-07
      vertex -49.1259 28.3042 2.67029e-07
      vertex -53.1076 23.7873 2.67029e-07
    endloop
  endfacet
  facet normal 0 0 -1
    outer loop
      vertex -53.1076 9.61995 2.67029e-07
      vertex -49.8764 5.67595 2.67029e-07
      vertex -49.9707 5.52209 2.67029e-07
    endloop
  endfacet
  facet normal -0 0 -1
    outer loop
      vertex -49.1259 28.3042 2.67029e-07
      vertex -53.1076 25.2796 2.67029e-07
      vertex -49.3014 28.3463 2.67029e-07
    endloop
  endfacet
  facet normal 0 0 -1
    outer loop
      vertex -53.1076 4.05101 2.67029e-07
      vertex -49.9707 5.52209 2.67029e-07
      vertex -50.0397 5.35537 2.67029e-07
    endloop
  endfacet
  facet normal -0 0 -1
    outer loop
      vertex -49.3014 28.3463 2.67029e-07
      vertex -53.1076 25.2796 2.67029e-07
      vertex -49.4681 28.4153 2.67029e-07
    endloop
  endfacet
  facet normal 0 0 -1
    outer loop
      vertex -53.1076 4.05101 2.67029e-07
      vertex -50.0397 5.35537 2.67029e-07
      vertex -50.0818 5.1799 2.67029e-07
    endloop
  endfacet
  facet normal 0 0 -1
    outer loop
      vertex -53.1076 26.5341 2.67029e-07
      vertex -49.4681 28.4153 2.67029e-07
      vertex -53.1076 25.2796 2.67029e-07
    endloop
  endfacet
  facet normal 0 0 -1
    outer loop
      vertex -53.1076 4.05101 2.67029e-07
      vertex -50.0818 5.1799 2.67029e-07
      vertex -50.096 5 2.67029e-07
    endloop
  endfacet
  facet normal -0 0 -1
    outer loop
      vertex -49.4681 28.4153 2.67029e-07
      vertex -53.1076 26.5341 2.67029e-07
      vertex -49.622 28.5096 2.67029e-07
    endloop
  endfacet
  facet normal 0 0 -1
    outer loop
      vertex 2.76612 0.0384302 2.67029e-07
      vertex -46.646 2 2.67029e-07
      vertex 2.76612 2 2.67029e-07
    endloop
  endfacet
  facet normal 0 0 -1
    outer loop
      vertex -47.8102 5.1799 2.67029e-07
      vertex -46.646 2 2.67029e-07
      vertex -47.796 5 2.67029e-07
    endloop
  endfacet
  facet normal 0 0 -1
    outer loop
      vertex -46.646 2 2.67029e-07
      vertex -47.8102 4.8201 2.67029e-07
      vertex -47.796 5 2.67029e-07
    endloop
  endfacet
  facet normal 0 0 -1
    outer loop
      vertex -46.646 2 2.67029e-07
      vertex -47.8523 4.64463 2.67029e-07
      vertex -47.8102 4.8201 2.67029e-07
    endloop
  endfacet
  facet normal 0 0 -1
    outer loop
      vertex -46.646 2 2.67029e-07
      vertex -47.9213 4.47791 2.67029e-07
      vertex -47.8523 4.64463 2.67029e-07
    endloop
  endfacet
  facet normal 0 0 -1
    outer loop
      vertex -46.646 2 2.67029e-07
      vertex -48.0156 4.32405 2.67029e-07
      vertex -47.9213 4.47791 2.67029e-07
    endloop
  endfacet
  facet normal 0 0 -1
    outer loop
      vertex -46.646 2 2.67029e-07
      vertex -48.1328 4.18683 2.67029e-07
      vertex -48.0156 4.32405 2.67029e-07
    endloop
  endfacet
  facet normal 0 0 -1
    outer loop
      vertex -46.646 2 2.67029e-07
      vertex -48.27 4.06963 2.67029e-07
      vertex -48.1328 4.18683 2.67029e-07
    endloop
  endfacet
  facet normal 0 0 -1
    outer loop
      vertex -46.646 2 2.67029e-07
      vertex -48.4239 3.97534 2.67029e-07
      vertex -48.27 4.06963 2.67029e-07
    endloop
  endfacet
  facet normal 0 0 -1
    outer loop
      vertex -46.646 2 2.67029e-07
      vertex -48.5906 3.90628 2.67029e-07
      vertex -48.4239 3.97534 2.67029e-07
    endloop
  endfacet
  facet normal 0 0 -1
    outer loop
      vertex -46.646 2 2.67029e-07
      vertex -48.7661 3.86416 2.67029e-07
      vertex -48.5906 3.90628 2.67029e-07
    endloop
  endfacet
  facet normal 0 0 -1
    outer loop
      vertex -46.646 2 2.67029e-07
      vertex -48.946 3.85 2.67029e-07
      vertex -48.7661 3.86416 2.67029e-07
    endloop
  endfacet
  facet normal 0 0 -1
    outer loop
      vertex -51.5362 0.0384302 2.67029e-07
      vertex -48.946 3.85 2.67029e-07
      vertex -46.646 2 2.67029e-07
    endloop
  endfacet
  facet normal -0 0 -1
    outer loop
      vertex -48.946 3.85 2.67029e-07
      vertex -51.5362 0.0384302 2.67029e-07
      vertex -49.1259 3.86416 2.67029e-07
    endloop
  endfacet
  facet normal -0 0 -1
    outer loop
      vertex -49.1259 3.86416 2.67029e-07
      vertex -51.5362 0.0384302 2.67029e-07
      vertex -49.3014 3.90628 2.67029e-07
    endloop
  endfacet
  facet normal -0 0 -1
    outer loop
      vertex -49.3014 3.90628 2.67029e-07
      vertex -51.5362 0.0384302 2.67029e-07
      vertex -49.4681 3.97534 2.67029e-07
    endloop
  endfacet
  facet normal -0 0 -1
    outer loop
      vertex -50.0397 4.64463 2.67029e-07
      vertex -53.1076 4.05101 2.67029e-07
      vertex -50.0818 4.8201 2.67029e-07
    endloop
  endfacet
  facet normal -0 0 -1
    outer loop
      vertex -49.9707 4.47791 2.67029e-07
      vertex -53.1076 4.05101 2.67029e-07
      vertex -50.0397 4.64463 2.67029e-07
    endloop
  endfacet
  facet normal -0 0 -1
    outer loop
      vertex -49.8764 4.32405 2.67029e-07
      vertex -53.1076 4.05101 2.67029e-07
      vertex -49.9707 4.47791 2.67029e-07
    endloop
  endfacet
  facet normal -0 0 -1
    outer loop
      vertex -49.7592 4.18683 2.67029e-07
      vertex -53.1076 4.05101 2.67029e-07
      vertex -49.8764 4.32405 2.67029e-07
    endloop
  endfacet
  facet normal 0 0 -1
    outer loop
      vertex -53.1076 4.05101 2.67029e-07
      vertex -49.7592 4.18683 2.67029e-07
      vertex -53.1076 1.60982 2.67029e-07
    endloop
  endfacet
  facet normal -0 0 -1
    outer loop
      vertex -49.622 4.06963 2.67029e-07
      vertex -53.1076 1.60982 2.67029e-07
      vertex -49.7592 4.18683 2.67029e-07
    endloop
  endfacet
  facet normal 0 0 -1
    outer loop
      vertex -53.1076 1.60982 2.67029e-07
      vertex -49.622 4.06963 2.67029e-07
      vertex -51.5362 0.0384302 2.67029e-07
    endloop
  endfacet
  facet normal -0 0 -1
    outer loop
      vertex -49.4681 3.97534 2.67029e-07
      vertex -51.5362 0.0384302 2.67029e-07
      vertex -49.622 4.06963 2.67029e-07
    endloop
  endfacet
  facet normal 0 0 -1
    outer loop
      vertex -51.5362 0.0384302 2.67029e-07
      vertex -46.646 2 2.67029e-07
      vertex 2.76612 0.0384302 2.67029e-07
    endloop
  endfacet
  facet normal 0 0 -1
    outer loop
      vertex -46.646 32.44 2.67029e-07
      vertex 2.76612 34.4116 2.67029e-07
      vertex 2.76612 32.44 2.67029e-07
    endloop
  endfacet
  facet normal 0 0 -1
    outer loop
      vertex -47.8523 5.35537 2.67029e-07
      vertex -46.646 2 2.67029e-07
      vertex -47.8102 5.1799 2.67029e-07
    endloop
  endfacet
  facet normal 0 0 -1
    outer loop
      vertex -47.8102 29.6199 2.67029e-07
      vertex -46.646 32.44 2.67029e-07
      vertex -47.796 29.44 2.67029e-07
    endloop
  endfacet
  facet normal 0 0 -1
    outer loop
      vertex -47.8523 29.7954 2.67029e-07
      vertex -46.646 32.44 2.67029e-07
      vertex -47.8102 29.6199 2.67029e-07
    endloop
  endfacet
  facet normal 0 0 -1
    outer loop
      vertex -47.9213 29.9621 2.67029e-07
      vertex -46.646 32.44 2.67029e-07
      vertex -47.8523 29.7954 2.67029e-07
    endloop
  endfacet
  facet normal 0 0 -1
    outer loop
      vertex -48.0156 30.116 2.67029e-07
      vertex -46.646 32.44 2.67029e-07
      vertex -47.9213 29.9621 2.67029e-07
    endloop
  endfacet
  facet normal 0 0 -1
    outer loop
      vertex -48.1328 30.2532 2.67029e-07
      vertex -46.646 32.44 2.67029e-07
      vertex -48.0156 30.116 2.67029e-07
    endloop
  endfacet
  facet normal 0 0 -1
    outer loop
      vertex -48.27 30.3704 2.67029e-07
      vertex -46.646 32.44 2.67029e-07
      vertex -48.1328 30.2532 2.67029e-07
    endloop
  endfacet
  facet normal 0 0 -1
    outer loop
      vertex -48.4239 30.4647 2.67029e-07
      vertex -46.646 32.44 2.67029e-07
      vertex -48.27 30.3704 2.67029e-07
    endloop
  endfacet
  facet normal 0 0 -1
    outer loop
      vertex -48.5906 30.5337 2.67029e-07
      vertex -46.646 32.44 2.67029e-07
      vertex -48.4239 30.4647 2.67029e-07
    endloop
  endfacet
  facet normal 0 0 -1
    outer loop
      vertex -48.7661 30.5758 2.67029e-07
      vertex -46.646 32.44 2.67029e-07
      vertex -48.5906 30.5337 2.67029e-07
    endloop
  endfacet
  facet normal 0 0 -1
    outer loop
      vertex -48.946 30.59 2.67029e-07
      vertex -46.646 32.44 2.67029e-07
      vertex -48.7661 30.5758 2.67029e-07
    endloop
  endfacet
  facet normal 0 0 -1
    outer loop
      vertex -51.5362 34.4116 2.67029e-07
      vertex -48.946 30.59 2.67029e-07
      vertex -49.1259 30.5758 2.67029e-07
    endloop
  endfacet
  facet normal 0 0 -1
    outer loop
      vertex -51.5362 34.4116 2.67029e-07
      vertex -49.1259 30.5758 2.67029e-07
      vertex -49.3014 30.5337 2.67029e-07
    endloop
  endfacet
  facet normal 0 0 -1
    outer loop
      vertex -51.5362 34.4116 2.67029e-07
      vertex -49.3014 30.5337 2.67029e-07
      vertex -49.4681 30.4647 2.67029e-07
    endloop
  endfacet
  facet normal 0 0 -1
    outer loop
      vertex -51.5362 34.4116 2.67029e-07
      vertex -49.4681 30.4647 2.67029e-07
      vertex -49.622 30.3704 2.67029e-07
    endloop
  endfacet
  facet normal 0 0 -1
    outer loop
      vertex -46.646 32.44 2.67029e-07
      vertex -51.5362 34.4116 2.67029e-07
      vertex 2.76612 34.4116 2.67029e-07
    endloop
  endfacet
  facet normal 0 0 -1
    outer loop
      vertex -48.946 30.59 2.67029e-07
      vertex -51.5362 34.4116 2.67029e-07
      vertex -46.646 32.44 2.67029e-07
    endloop
  endfacet
  facet normal 0 0 -1
    outer loop
      vertex -53.1076 31.9206 2.67029e-07
      vertex -49.622 30.3704 2.67029e-07
      vertex -49.7592 30.2532 2.67029e-07
    endloop
  endfacet
  facet normal 0 0 -1
    outer loop
      vertex -53.1076 31.543 2.67029e-07
      vertex -49.7592 30.2532 2.67029e-07
      vertex -49.8764 30.116 2.67029e-07
    endloop
  endfacet
  facet normal 0 0 -1
    outer loop
      vertex -53.1076 30.8848 2.67029e-07
      vertex -49.8764 30.116 2.67029e-07
      vertex -49.9707 29.9621 2.67029e-07
    endloop
  endfacet
  facet normal 0 0 -1
    outer loop
      vertex -53.1076 30.436 2.67029e-07
      vertex -49.9707 29.9621 2.67029e-07
      vertex -50.0397 29.7954 2.67029e-07
    endloop
  endfacet
  facet normal 0 0 -1
    outer loop
      vertex -53.1076 29.8959 2.67029e-07
      vertex -50.0397 29.7954 2.67029e-07
      vertex -50.0818 29.6199 2.67029e-07
    endloop
  endfacet
  facet normal 0 0 -1
    outer loop
      vertex -53.1076 29.8959 2.67029e-07
      vertex -50.0818 29.6199 2.67029e-07
      vertex -50.096 29.44 2.67029e-07
    endloop
  endfacet
  facet normal 0 0 -1
    outer loop
      vertex -48.27 5.93037 2.67029e-07
      vertex -53.1076 13.8564 2.67029e-07
      vertex -53.1076 17.1752 2.67029e-07
    endloop
  endfacet
  facet normal 0 0 -1
    outer loop
      vertex -53.1076 1.60982 2.67029e-07
      vertex -51.5362 0.0384302 2.67029e-07
      vertex -52.2571 0.337061 2.67029e-07
    endloop
  endfacet
  facet normal 0 0 -1
    outer loop
      vertex -53.1076 27.5941 2.67029e-07
      vertex -49.7592 28.6268 2.67029e-07
      vertex -53.1076 26.5341 2.67029e-07
    endloop
  endfacet
  facet normal 0 0 -1
    outer loop
      vertex -53.1076 1.60982 2.67029e-07
      vertex -52.2571 0.337061 2.67029e-07
      vertex -52.8089 0.88886 2.67029e-07
    endloop
  endfacet
  facet normal -0 0 -1
    outer loop
      vertex -49.622 28.5096 2.67029e-07
      vertex -53.1076 26.5341 2.67029e-07
      vertex -49.7592 28.6268 2.67029e-07
    endloop
  endfacet
  facet normal -0 0 -1
    outer loop
      vertex -50.0818 4.8201 2.67029e-07
      vertex -53.1076 4.05101 2.67029e-07
      vertex -50.096 5 2.67029e-07
    endloop
  endfacet
  facet normal -0 0 -1
    outer loop
      vertex -49.9707 5.52209 2.67029e-07
      vertex -53.1076 4.05101 2.67029e-07
      vertex -53.1076 9.61995 2.67029e-07
    endloop
  endfacet
  facet normal 0 0 -1
    outer loop
      vertex -48.7661 6.13584 2.67029e-07
      vertex -53.1076 9.61995 2.67029e-07
      vertex -53.1076 13.8564 2.67029e-07
    endloop
  endfacet
  facet normal -0 0 -1
    outer loop
      vertex -49.7592 28.6268 2.67029e-07
      vertex -53.1076 27.5941 2.67029e-07
      vertex -49.8764 28.764 2.67029e-07
    endloop
  endfacet
  facet normal -0 0 -1
    outer loop
      vertex -49.8764 28.764 2.67029e-07
      vertex -53.1076 27.5941 2.67029e-07
      vertex -49.9707 28.9179 2.67029e-07
    endloop
  endfacet
  facet normal 0 0 -1
    outer loop
      vertex -53.1076 28.492 2.67029e-07
      vertex -49.9707 28.9179 2.67029e-07
      vertex -53.1076 27.5941 2.67029e-07
    endloop
  endfacet
  facet normal -0 0 -1
    outer loop
      vertex -49.9707 28.9179 2.67029e-07
      vertex -53.1076 28.492 2.67029e-07
      vertex -50.0397 29.0846 2.67029e-07
    endloop
  endfacet
  facet normal -0 0 -1
    outer loop
      vertex -50.0397 29.0846 2.67029e-07
      vertex -53.1076 28.492 2.67029e-07
      vertex -50.0818 29.2601 2.67029e-07
    endloop
  endfacet
  facet normal 0 0 -1
    outer loop
      vertex -53.1076 29.2529 2.67029e-07
      vertex -50.0818 29.2601 2.67029e-07
      vertex -53.1076 28.492 2.67029e-07
    endloop
  endfacet
  facet normal -0 0 -1
    outer loop
      vertex -50.0818 29.2601 2.67029e-07
      vertex -53.1076 29.2529 2.67029e-07
      vertex -50.096 29.44 2.67029e-07
    endloop
  endfacet
  facet normal 0 0 -1
    outer loop
      vertex -53.1076 29.8959 2.67029e-07
      vertex -50.096 29.44 2.67029e-07
      vertex -53.1076 29.2529 2.67029e-07
    endloop
  endfacet
  facet normal 0 0 -1
    outer loop
      vertex -50.0397 29.7954 2.67029e-07
      vertex -53.1076 29.8959 2.67029e-07
      vertex -53.1076 30.436 2.67029e-07
    endloop
  endfacet
  facet normal 0 0 -1
    outer loop
      vertex -49.9707 29.9621 2.67029e-07
      vertex -53.1076 30.436 2.67029e-07
      vertex -53.1076 30.8848 2.67029e-07
    endloop
  endfacet
  facet normal 0 0 -1
    outer loop
      vertex -49.8764 30.116 2.67029e-07
      vertex -53.1076 30.8848 2.67029e-07
      vertex -53.1076 31.2514 2.67029e-07
    endloop
  endfacet
  facet normal 0 0 -1
    outer loop
      vertex -49.8764 30.116 2.67029e-07
      vertex -53.1076 31.2514 2.67029e-07
      vertex -53.1076 31.543 2.67029e-07
    endloop
  endfacet
  facet normal 0 0 -1
    outer loop
      vertex -49.7592 30.2532 2.67029e-07
      vertex -53.1076 31.543 2.67029e-07
      vertex -53.1076 31.7647 2.67029e-07
    endloop
  endfacet
  facet normal 0 0 -1
    outer loop
      vertex -49.7592 30.2532 2.67029e-07
      vertex -53.1076 31.7647 2.67029e-07
      vertex -53.1076 31.9206 2.67029e-07
    endloop
  endfacet
  facet normal 0 0 -1
    outer loop
      vertex -49.622 30.3704 2.67029e-07
      vertex -53.1076 31.9206 2.67029e-07
      vertex -53.1076 32.0131 2.67029e-07
    endloop
  endfacet
  facet normal 0 0 -1
    outer loop
      vertex -49.622 30.3704 2.67029e-07
      vertex -53.1076 32.0131 2.67029e-07
      vertex -53.1076 32.0438 2.67029e-07
    endloop
  endfacet
  facet normal 0 0 -1
    outer loop
      vertex -49.622 30.3704 2.67029e-07
      vertex -53.1076 32.0438 2.67029e-07
      vertex -51.5362 34.4116 2.67029e-07
    endloop
  endfacet
  facet normal 0 0 -1
    outer loop
      vertex -51.5362 34.4116 2.67029e-07
      vertex -53.1076 32.0438 2.67029e-07
      vertex -52.2571 34.1129 2.67029e-07
    endloop
  endfacet
  facet normal 0 0 -1
    outer loop
      vertex -52.2571 34.1129 2.67029e-07
      vertex -53.1076 32.0438 2.67029e-07
      vertex -52.8089 33.5611 2.67029e-07
    endloop
  endfacet
  facet normal 0 0 -1
    outer loop
      vertex -53.1076 32.8342 2.67029e-07
      vertex -52.8089 33.5611 2.67029e-07
      vertex -53.1076 32.0438 2.67029e-07
    endloop
  endfacet
  facet normal 0 0 -1
    outer loop
      vertex -52.8089 33.5611 2.67029e-07
      vertex -53.1076 32.8342 2.67029e-07
      vertex -53.1076 32.8402 2.67029e-07
    endloop
  endfacet
  facet normal 0 0 -1
    outer loop
      vertex -46.0336 -4 2.67029e-07
      vertex -47.023 -4 2.67029e-07
      vertex -46.0336 -3.21 2.67029e-07
    endloop
  endfacet
  facet normal 0 0 -1
    outer loop
      vertex -44.2584 -3.21 2.67029e-07
      vertex -43.269 -4 2.67029e-07
      vertex -44.2584 -4 2.67029e-07
    endloop
  endfacet
  facet normal 0 0 -1
    outer loop
      vertex -43.269 -4 2.67029e-07
      vertex -44.2584 -3.21 2.67029e-07
      vertex -43.269 0.00999928 2.67029e-07
    endloop
  endfacet
  facet normal 0 0 -1
    outer loop
      vertex -46.0336 -3.21 2.67029e-07
      vertex -43.269 0.00999928 2.67029e-07
      vertex -44.2584 -3.21 2.67029e-07
    endloop
  endfacet
  facet normal 0 0 -1
    outer loop
      vertex -47.023 0.00999928 2.67029e-07
      vertex -46.0336 -3.21 2.67029e-07
      vertex -47.023 -4 2.67029e-07
    endloop
  endfacet
  facet normal 0 0 -1
    outer loop
      vertex -46.0336 -3.21 2.67029e-07
      vertex -47.023 0.00999928 2.67029e-07
      vertex -43.269 0.00999928 2.67029e-07
    endloop
  endfacet
  facet normal 0 0 -1
    outer loop
      vertex 53.1076 4.05101 2.67029e-07
      vertex 50.0818 4.8201 2.67029e-07
      vertex 50.096 5 2.67029e-07
    endloop
  endfacet
  facet normal 0 0 -1
    outer loop
      vertex 53.1076 1.60982 2.67029e-07
      vertex 50.0397 4.64463 2.67029e-07
      vertex 50.0818 4.8201 2.67029e-07
    endloop
  endfacet
  facet normal 0 0 -1
    outer loop
      vertex 53.1076 1.60982 2.67029e-07
      vertex 49.9707 4.47791 2.67029e-07
      vertex 50.0397 4.64463 2.67029e-07
    endloop
  endfacet
  facet normal 0 0 -1
    outer loop
      vertex 53.1076 1.60982 2.67029e-07
      vertex 49.8764 4.32405 2.67029e-07
      vertex 49.9707 4.47791 2.67029e-07
    endloop
  endfacet
  facet normal 0 0 -1
    outer loop
      vertex 53.1076 1.60982 2.67029e-07
      vertex 49.7592 4.18683 2.67029e-07
      vertex 49.8764 4.32405 2.67029e-07
    endloop
  endfacet
  facet normal 0 0 -1
    outer loop
      vertex 53.1076 1.60982 2.67029e-07
      vertex 49.622 4.06963 2.67029e-07
      vertex 49.7592 4.18683 2.67029e-07
    endloop
  endfacet
  facet normal 0 0 -1
    outer loop
      vertex 51.5362 0.0384302 2.67029e-07
      vertex 49.4681 3.97534 2.67029e-07
      vertex 49.622 4.06963 2.67029e-07
    endloop
  endfacet
  facet normal 0 0 -1
    outer loop
      vertex 51.5362 0.0384302 2.67029e-07
      vertex 49.3014 3.90628 2.67029e-07
      vertex 49.4681 3.97534 2.67029e-07
    endloop
  endfacet
  facet normal 0 0 -1
    outer loop
      vertex 51.5362 0.0384302 2.67029e-07
      vertex 49.1259 3.86416 2.67029e-07
      vertex 49.3014 3.90628 2.67029e-07
    endloop
  endfacet
  facet normal 0 0 -1
    outer loop
      vertex 51.5362 0.0384302 2.67029e-07
      vertex 48.946 3.85 2.67029e-07
      vertex 49.1259 3.86416 2.67029e-07
    endloop
  endfacet
  facet normal 0 0 -1
    outer loop
      vertex 46.646 2 2.67029e-07
      vertex 48.946 3.85 2.67029e-07
      vertex 51.5362 0.0384302 2.67029e-07
    endloop
  endfacet
  facet normal -0 0 -1
    outer loop
      vertex 48.946 3.85 2.67029e-07
      vertex 46.646 2 2.67029e-07
      vertex 48.7661 3.86416 2.67029e-07
    endloop
  endfacet
  facet normal -0 0 -1
    outer loop
      vertex 48.7661 3.86416 2.67029e-07
      vertex 46.646 2 2.67029e-07
      vertex 48.5906 3.90628 2.67029e-07
    endloop
  endfacet
  facet normal -0 0 -1
    outer loop
      vertex 48.5906 3.90628 2.67029e-07
      vertex 46.646 2 2.67029e-07
      vertex 48.4239 3.97534 2.67029e-07
    endloop
  endfacet
  facet normal -0 0 -1
    outer loop
      vertex 48.4239 3.97534 2.67029e-07
      vertex 46.646 2 2.67029e-07
      vertex 48.27 4.06963 2.67029e-07
    endloop
  endfacet
  facet normal -0 0 -1
    outer loop
      vertex 48.27 4.06963 2.67029e-07
      vertex 46.646 2 2.67029e-07
      vertex 48.1328 4.18683 2.67029e-07
    endloop
  endfacet
  facet normal -0 0 -1
    outer loop
      vertex 47.8102 4.8201 2.67029e-07
      vertex 46.646 2 2.67029e-07
      vertex 47.796 5 2.67029e-07
    endloop
  endfacet
  facet normal -0 0 -1
    outer loop
      vertex 47.8523 4.64463 2.67029e-07
      vertex 46.646 2 2.67029e-07
      vertex 47.8102 4.8201 2.67029e-07
    endloop
  endfacet
  facet normal -0 0 -1
    outer loop
      vertex 47.9213 4.47791 2.67029e-07
      vertex 46.646 2 2.67029e-07
      vertex 47.8523 4.64463 2.67029e-07
    endloop
  endfacet
  facet normal -0 0 -1
    outer loop
      vertex 48.0156 4.32405 2.67029e-07
      vertex 46.646 2 2.67029e-07
      vertex 47.9213 4.47791 2.67029e-07
    endloop
  endfacet
  facet normal -0 0 -1
    outer loop
      vertex 48.1328 4.18683 2.67029e-07
      vertex 46.646 2 2.67029e-07
      vertex 48.0156 4.32405 2.67029e-07
    endloop
  endfacet
  facet normal 0 0 -1
    outer loop
      vertex 3.73388 0.0384302 2.67029e-07
      vertex 46.646 2 2.67029e-07
      vertex 51.5362 0.0384302 2.67029e-07
    endloop
  endfacet
  facet normal -0 0 -1
    outer loop
      vertex 46.646 2 2.67029e-07
      vertex 3.73388 0.0384302 2.67029e-07
      vertex 3.73388 2 2.67029e-07
    endloop
  endfacet
  facet normal 0 0 -1
    outer loop
      vertex 50.0818 4.8201 2.67029e-07
      vertex 53.1076 4.05101 2.67029e-07
      vertex 53.1076 1.60982 2.67029e-07
    endloop
  endfacet
  facet normal 0 0 -1
    outer loop
      vertex 50.0397 5.35537 2.67029e-07
      vertex 53.1076 4.05101 2.67029e-07
      vertex 50.0818 5.1799 2.67029e-07
    endloop
  endfacet
  facet normal 0 0 -1
    outer loop
      vertex 51.5362 0.0384302 2.67029e-07
      vertex 53.1076 1.60982 2.67029e-07
      vertex 52.8089 0.88886 2.67029e-07
    endloop
  endfacet
  facet normal 0 0 -1
    outer loop
      vertex 51.5362 0.0384302 2.67029e-07
      vertex 52.8089 0.88886 2.67029e-07
      vertex 52.2571 0.337061 2.67029e-07
    endloop
  endfacet
  facet normal 0 0 -1
    outer loop
      vertex 49.622 4.06963 2.67029e-07
      vertex 53.1076 1.60982 2.67029e-07
      vertex 51.5362 0.0384302 2.67029e-07
    endloop
  endfacet
  facet normal 0 0 -1
    outer loop
      vertex 53.1076 4.05101 2.67029e-07
      vertex 50.096 5 2.67029e-07
      vertex 50.0818 5.1799 2.67029e-07
    endloop
  endfacet
  facet normal 0 0 -1
    outer loop
      vertex 49.9707 5.52209 2.67029e-07
      vertex 53.1076 4.05101 2.67029e-07
      vertex 50.0397 5.35537 2.67029e-07
    endloop
  endfacet
  facet normal 0 0 -1
    outer loop
      vertex 53.1076 4.05101 2.67029e-07
      vertex 49.9707 5.52209 2.67029e-07
      vertex 53.1076 9.61995 2.67029e-07
    endloop
  endfacet
  facet normal 0 0 -1
    outer loop
      vertex 49.8764 5.67595 2.67029e-07
      vertex 53.1076 9.61995 2.67029e-07
      vertex 49.9707 5.52209 2.67029e-07
    endloop
  endfacet
  facet normal 0 0 -1
    outer loop
      vertex 49.7592 5.81317 2.67029e-07
      vertex 53.1076 9.61995 2.67029e-07
      vertex 49.8764 5.67595 2.67029e-07
    endloop
  endfacet
  facet normal 0 0 -1
    outer loop
      vertex 49.622 5.93037 2.67029e-07
      vertex 53.1076 9.61995 2.67029e-07
      vertex 49.7592 5.81317 2.67029e-07
    endloop
  endfacet
  facet normal 0 0 -1
    outer loop
      vertex 49.4681 6.02466 2.67029e-07
      vertex 53.1076 9.61995 2.67029e-07
      vertex 49.622 5.93037 2.67029e-07
    endloop
  endfacet
  facet normal 0 0 -1
    outer loop
      vertex 53.1076 9.61995 2.67029e-07
      vertex 49.62 10.57 2.67029e-07
      vertex 53.1076 10.57 2.67029e-07
    endloop
  endfacet
  facet normal -0 0 -1
    outer loop
      vertex 53.1076 9.61995 2.67029e-07
      vertex 49.4681 6.02466 2.67029e-07
      vertex 49.62 10.57 2.67029e-07
    endloop
  endfacet
  facet normal 0 0 -1
    outer loop
      vertex 49.3014 6.09371 2.67029e-07
      vertex 49.62 10.57 2.67029e-07
      vertex 49.4681 6.02466 2.67029e-07
    endloop
  endfacet
  facet normal 0 0 -1
    outer loop
      vertex 49.1259 6.13584 2.67029e-07
      vertex 49.62 10.57 2.67029e-07
      vertex 49.3014 6.09371 2.67029e-07
    endloop
  endfacet
  facet normal 0 0 -1
    outer loop
      vertex 48.946 6.15 2.67029e-07
      vertex 49.62 10.57 2.67029e-07
      vertex 49.1259 6.13584 2.67029e-07
    endloop
  endfacet
  facet normal 0 0 -1
    outer loop
      vertex 48.7661 6.13584 2.67029e-07
      vertex 49.62 10.57 2.67029e-07
      vertex 48.946 6.15 2.67029e-07
    endloop
  endfacet
  facet normal 0 0 -1
    outer loop
      vertex 48.5906 6.09371 2.67029e-07
      vertex 49.62 10.57 2.67029e-07
      vertex 48.7661 6.13584 2.67029e-07
    endloop
  endfacet
  facet normal 0 0 -1
    outer loop
      vertex 48.4239 6.02466 2.67029e-07
      vertex 49.62 10.57 2.67029e-07
      vertex 48.5906 6.09371 2.67029e-07
    endloop
  endfacet
  facet normal -0 0 -1
    outer loop
      vertex 49.62 10.57 2.67029e-07
      vertex 48.4239 6.02466 2.67029e-07
      vertex 46.646 11.63 2.67029e-07
    endloop
  endfacet
  facet normal 0 0 -1
    outer loop
      vertex 46.646 11.63 2.67029e-07
      vertex 48.4239 6.02466 2.67029e-07
      vertex 48.27 5.93037 2.67029e-07
    endloop
  endfacet
  facet normal 0 0 -1
    outer loop
      vertex 46.646 11.63 2.67029e-07
      vertex 48.27 5.93037 2.67029e-07
      vertex 48.1328 5.81317 2.67029e-07
    endloop
  endfacet
  facet normal 0 0 -1
    outer loop
      vertex 46.646 11.63 2.67029e-07
      vertex 48.1328 5.81317 2.67029e-07
      vertex 48.0156 5.67595 2.67029e-07
    endloop
  endfacet
  facet normal 0 0 -1
    outer loop
      vertex 46.646 11.63 2.67029e-07
      vertex 48.0156 5.67595 2.67029e-07
      vertex 47.9213 5.52209 2.67029e-07
    endloop
  endfacet
  facet normal 0 0 -1
    outer loop
      vertex 46.646 11.63 2.67029e-07
      vertex 47.9213 5.52209 2.67029e-07
      vertex 47.8523 5.35537 2.67029e-07
    endloop
  endfacet
  facet normal 0 0 -1
    outer loop
      vertex 46.646 2 2.67029e-07
      vertex 47.8102 5.1799 2.67029e-07
      vertex 47.796 5 2.67029e-07
    endloop
  endfacet
  facet normal 0 0 -1
    outer loop
      vertex 46.646 11.63 2.67029e-07
      vertex 47.8102 5.1799 2.67029e-07
      vertex 46.646 2 2.67029e-07
    endloop
  endfacet
  facet normal 0 0 -1
    outer loop
      vertex 47.8102 5.1799 2.67029e-07
      vertex 46.646 11.63 2.67029e-07
      vertex 47.8523 5.35537 2.67029e-07
    endloop
  endfacet
  facet normal 0 0 -1
    outer loop
      vertex 49.62 10.57 2.67029e-07
      vertex 46.646 11.63 2.67029e-07
      vertex 49.62 11.63 2.67029e-07
    endloop
  endfacet
  facet normal 0 0 -1
    outer loop
      vertex 46.646 22.01 2.67029e-07
      vertex 49.62 23.07 2.67029e-07
      vertex 49.62 22.01 2.67029e-07
    endloop
  endfacet
  facet normal 0 0 -1
    outer loop
      vertex 49.62 23.07 2.67029e-07
      vertex 49.3014 28.3463 2.67029e-07
      vertex 49.4681 28.4153 2.67029e-07
    endloop
  endfacet
  facet normal 0 0 -1
    outer loop
      vertex 49.62 23.07 2.67029e-07
      vertex 49.1259 28.3042 2.67029e-07
      vertex 49.3014 28.3463 2.67029e-07
    endloop
  endfacet
  facet normal 0 0 -1
    outer loop
      vertex 49.62 23.07 2.67029e-07
      vertex 48.946 28.29 2.67029e-07
      vertex 49.1259 28.3042 2.67029e-07
    endloop
  endfacet
  facet normal 0 0 -1
    outer loop
      vertex 49.62 23.07 2.67029e-07
      vertex 48.7661 28.3042 2.67029e-07
      vertex 48.946 28.29 2.67029e-07
    endloop
  endfacet
  facet normal 0 -0 -1
    outer loop
      vertex 48.4239 28.4153 2.67029e-07
      vertex 49.62 23.07 2.67029e-07
      vertex 46.646 22.01 2.67029e-07
    endloop
  endfacet
  facet normal 0 0 -1
    outer loop
      vertex 49.62 23.07 2.67029e-07
      vertex 48.5906 28.3463 2.67029e-07
      vertex 48.7661 28.3042 2.67029e-07
    endloop
  endfacet
  facet normal 0 0 -1
    outer loop
      vertex 49.62 23.07 2.67029e-07
      vertex 48.4239 28.4153 2.67029e-07
      vertex 48.5906 28.3463 2.67029e-07
    endloop
  endfacet
  facet normal -0 0 -1
    outer loop
      vertex 48.4239 28.4153 2.67029e-07
      vertex 46.646 22.01 2.67029e-07
      vertex 48.27 28.5096 2.67029e-07
    endloop
  endfacet
  facet normal -0 0 -1
    outer loop
      vertex 48.27 28.5096 2.67029e-07
      vertex 46.646 22.01 2.67029e-07
      vertex 48.1328 28.6268 2.67029e-07
    endloop
  endfacet
  facet normal -0 0 -1
    outer loop
      vertex 48.1328 28.6268 2.67029e-07
      vertex 46.646 22.01 2.67029e-07
      vertex 48.0156 28.764 2.67029e-07
    endloop
  endfacet
  facet normal -0 0 -1
    outer loop
      vertex 48.0156 28.764 2.67029e-07
      vertex 46.646 22.01 2.67029e-07
      vertex 47.9213 28.9179 2.67029e-07
    endloop
  endfacet
  facet normal 0 0 -1
    outer loop
      vertex 46.646 32.44 2.67029e-07
      vertex 47.8102 29.2601 2.67029e-07
      vertex 46.646 22.01 2.67029e-07
    endloop
  endfacet
  facet normal -0 0 -1
    outer loop
      vertex 47.8523 29.0846 2.67029e-07
      vertex 46.646 22.01 2.67029e-07
      vertex 47.8102 29.2601 2.67029e-07
    endloop
  endfacet
  facet normal -0 0 -1
    outer loop
      vertex 47.9213 28.9179 2.67029e-07
      vertex 46.646 22.01 2.67029e-07
      vertex 47.8523 29.0846 2.67029e-07
    endloop
  endfacet
  facet normal 0 0 -1
    outer loop
      vertex 49.62 23.07 2.67029e-07
      vertex 53.1076 23.7873 2.67029e-07
      vertex 53.1076 23.07 2.67029e-07
    endloop
  endfacet
  facet normal -0 0 -1
    outer loop
      vertex 53.1076 23.7873 2.67029e-07
      vertex 49.62 23.07 2.67029e-07
      vertex 53.1076 25.2796 2.67029e-07
    endloop
  endfacet
  facet normal 0 0 -1
    outer loop
      vertex 49.4681 28.4153 2.67029e-07
      vertex 53.1076 25.2796 2.67029e-07
      vertex 49.62 23.07 2.67029e-07
    endloop
  endfacet
  facet normal 0 0 -1
    outer loop
      vertex 53.1076 25.2796 2.67029e-07
      vertex 49.4681 28.4153 2.67029e-07
      vertex 53.1076 26.5341 2.67029e-07
    endloop
  endfacet
  facet normal 0 0 -1
    outer loop
      vertex 53.1076 26.5341 2.67029e-07
      vertex 49.7592 28.6268 2.67029e-07
      vertex 53.1076 27.5941 2.67029e-07
    endloop
  endfacet
  facet normal 0 -0 -1
    outer loop
      vertex 49.9707 28.9179 2.67029e-07
      vertex 53.1076 27.5941 2.67029e-07
      vertex 49.8764 28.764 2.67029e-07
    endloop
  endfacet
  facet normal 0 -0 -1
    outer loop
      vertex 50.0397 29.0846 2.67029e-07
      vertex 53.1076 28.492 2.67029e-07
      vertex 49.9707 28.9179 2.67029e-07
    endloop
  endfacet
  facet normal 0 -0 -1
    outer loop
      vertex 50.0818 29.2601 2.67029e-07
      vertex 53.1076 28.492 2.67029e-07
      vertex 50.0397 29.0846 2.67029e-07
    endloop
  endfacet
  facet normal 0 -0 -1
    outer loop
      vertex 50.096 29.44 2.67029e-07
      vertex 53.1076 29.2529 2.67029e-07
      vertex 50.0818 29.2601 2.67029e-07
    endloop
  endfacet
  facet normal 0 0 -1
    outer loop
      vertex 53.1076 29.2529 2.67029e-07
      vertex 50.096 29.44 2.67029e-07
      vertex 53.1076 29.8959 2.67029e-07
    endloop
  endfacet
  facet normal 0 0 -1
    outer loop
      vertex 50.0818 29.6199 2.67029e-07
      vertex 53.1076 29.8959 2.67029e-07
      vertex 50.096 29.44 2.67029e-07
    endloop
  endfacet
  facet normal -0 0 -1
    outer loop
      vertex 53.1076 29.8959 2.67029e-07
      vertex 50.0397 29.7954 2.67029e-07
      vertex 53.1076 30.436 2.67029e-07
    endloop
  endfacet
  facet normal 0 0 -1
    outer loop
      vertex 49.9707 29.9621 2.67029e-07
      vertex 53.1076 30.436 2.67029e-07
      vertex 50.0397 29.7954 2.67029e-07
    endloop
  endfacet
  facet normal -0 0 -1
    outer loop
      vertex 53.1076 30.436 2.67029e-07
      vertex 49.9707 29.9621 2.67029e-07
      vertex 53.1076 30.8848 2.67029e-07
    endloop
  endfacet
  facet normal 0 0 -1
    outer loop
      vertex 49.8764 30.116 2.67029e-07
      vertex 53.1076 30.8848 2.67029e-07
      vertex 49.9707 29.9621 2.67029e-07
    endloop
  endfacet
  facet normal -0 0 -1
    outer loop
      vertex 53.1076 31.2514 2.67029e-07
      vertex 49.8764 30.116 2.67029e-07
      vertex 53.1076 31.543 2.67029e-07
    endloop
  endfacet
  facet normal 0 0 -1
    outer loop
      vertex 49.7592 30.2532 2.67029e-07
      vertex 53.1076 31.543 2.67029e-07
      vertex 49.8764 30.116 2.67029e-07
    endloop
  endfacet
  facet normal -0 0 -1
    outer loop
      vertex 53.1076 31.543 2.67029e-07
      vertex 49.7592 30.2532 2.67029e-07
      vertex 53.1076 31.7647 2.67029e-07
    endloop
  endfacet
  facet normal 0 0 -1
    outer loop
      vertex 49.622 30.3704 2.67029e-07
      vertex 53.1076 31.9206 2.67029e-07
      vertex 49.7592 30.2532 2.67029e-07
    endloop
  endfacet
  facet normal -0 0 -1
    outer loop
      vertex 53.1076 31.9206 2.67029e-07
      vertex 49.622 30.3704 2.67029e-07
      vertex 53.1076 32.0131 2.67029e-07
    endloop
  endfacet
  facet normal -0 0 -1
    outer loop
      vertex 53.1076 31.7647 2.67029e-07
      vertex 49.7592 30.2532 2.67029e-07
      vertex 53.1076 31.9206 2.67029e-07
    endloop
  endfacet
  facet normal -0 0 -1
    outer loop
      vertex 53.1076 30.8848 2.67029e-07
      vertex 49.8764 30.116 2.67029e-07
      vertex 53.1076 31.2514 2.67029e-07
    endloop
  endfacet
  facet normal 0 0 -1
    outer loop
      vertex 50.0397 29.7954 2.67029e-07
      vertex 53.1076 29.8959 2.67029e-07
      vertex 50.0818 29.6199 2.67029e-07
    endloop
  endfacet
  facet normal 0 0 -1
    outer loop
      vertex 53.1076 28.492 2.67029e-07
      vertex 50.0818 29.2601 2.67029e-07
      vertex 53.1076 29.2529 2.67029e-07
    endloop
  endfacet
  facet normal 0 0 -1
    outer loop
      vertex 53.1076 27.5941 2.67029e-07
      vertex 49.9707 28.9179 2.67029e-07
      vertex 53.1076 28.492 2.67029e-07
    endloop
  endfacet
  facet normal 0 -0 -1
    outer loop
      vertex 49.8764 28.764 2.67029e-07
      vertex 53.1076 27.5941 2.67029e-07
      vertex 49.7592 28.6268 2.67029e-07
    endloop
  endfacet
  facet normal 0 -0 -1
    outer loop
      vertex 49.622 28.5096 2.67029e-07
      vertex 53.1076 26.5341 2.67029e-07
      vertex 49.4681 28.4153 2.67029e-07
    endloop
  endfacet
  facet normal 0 -0 -1
    outer loop
      vertex 49.7592 28.6268 2.67029e-07
      vertex 53.1076 26.5341 2.67029e-07
      vertex 49.622 28.5096 2.67029e-07
    endloop
  endfacet
  facet normal -0 0 -1
    outer loop
      vertex 53.1076 32.0131 2.67029e-07
      vertex 49.622 30.3704 2.67029e-07
      vertex 53.1076 32.0438 2.67029e-07
    endloop
  endfacet
  facet normal 0 -0 -1
    outer loop
      vertex 51.5362 34.4116 2.67029e-07
      vertex 53.1076 32.0438 2.67029e-07
      vertex 49.622 30.3704 2.67029e-07
    endloop
  endfacet
  facet normal 0 0 -1
    outer loop
      vertex 53.1076 32.0438 2.67029e-07
      vertex 51.5362 34.4116 2.67029e-07
      vertex 53.1076 32.8342 2.67029e-07
    endloop
  endfacet
  facet normal -0 -0 -1
    outer loop
      vertex 52.8089 33.5611 2.67029e-07
      vertex 53.1076 32.8342 2.67029e-07
      vertex 51.5362 34.4116 2.67029e-07
    endloop
  endfacet
  facet normal 0 0 -1
    outer loop
      vertex 53.1076 32.8342 2.67029e-07
      vertex 52.8089 33.5611 2.67029e-07
      vertex 53.1076 32.8402 2.67029e-07
    endloop
  endfacet
  facet normal 0 0 -1
    outer loop
      vertex 52.8089 33.5611 2.67029e-07
      vertex 51.5362 34.4116 2.67029e-07
      vertex 52.2571 34.1129 2.67029e-07
    endloop
  endfacet
  facet normal 0 0 -1
    outer loop
      vertex 49.4681 30.4647 2.67029e-07
      vertex 51.5362 34.4116 2.67029e-07
      vertex 49.622 30.3704 2.67029e-07
    endloop
  endfacet
  facet normal 0 0 -1
    outer loop
      vertex 49.3014 30.5337 2.67029e-07
      vertex 51.5362 34.4116 2.67029e-07
      vertex 49.4681 30.4647 2.67029e-07
    endloop
  endfacet
  facet normal 0 0 -1
    outer loop
      vertex 49.1259 30.5758 2.67029e-07
      vertex 51.5362 34.4116 2.67029e-07
      vertex 49.3014 30.5337 2.67029e-07
    endloop
  endfacet
  facet normal 0 0 -1
    outer loop
      vertex 48.946 30.59 2.67029e-07
      vertex 51.5362 34.4116 2.67029e-07
      vertex 49.1259 30.5758 2.67029e-07
    endloop
  endfacet
  facet normal 0 0 -1
    outer loop
      vertex 46.646 32.44 2.67029e-07
      vertex 48.946 30.59 2.67029e-07
      vertex 48.7661 30.5758 2.67029e-07
    endloop
  endfacet
  facet normal 0 0 -1
    outer loop
      vertex 46.646 32.44 2.67029e-07
      vertex 48.7661 30.5758 2.67029e-07
      vertex 48.5906 30.5337 2.67029e-07
    endloop
  endfacet
  facet normal 0 0 -1
    outer loop
      vertex 46.646 32.44 2.67029e-07
      vertex 48.5906 30.5337 2.67029e-07
      vertex 48.4239 30.4647 2.67029e-07
    endloop
  endfacet
  facet normal 0 0 -1
    outer loop
      vertex 46.646 32.44 2.67029e-07
      vertex 48.4239 30.4647 2.67029e-07
      vertex 48.27 30.3704 2.67029e-07
    endloop
  endfacet
  facet normal 0 0 -1
    outer loop
      vertex 46.646 32.44 2.67029e-07
      vertex 48.27 30.3704 2.67029e-07
      vertex 48.1328 30.2532 2.67029e-07
    endloop
  endfacet
  facet normal 0 0 -1
    outer loop
      vertex 46.646 32.44 2.67029e-07
      vertex 48.1328 30.2532 2.67029e-07
      vertex 48.0156 30.116 2.67029e-07
    endloop
  endfacet
  facet normal 0 0 -1
    outer loop
      vertex 47.8102 29.2601 2.67029e-07
      vertex 46.646 32.44 2.67029e-07
      vertex 47.796 29.44 2.67029e-07
    endloop
  endfacet
  facet normal 0 0 -1
    outer loop
      vertex 47.796 29.44 2.67029e-07
      vertex 46.646 32.44 2.67029e-07
      vertex 47.8102 29.6199 2.67029e-07
    endloop
  endfacet
  facet normal 0 0 -1
    outer loop
      vertex 46.646 32.44 2.67029e-07
      vertex 47.8523 29.7954 2.67029e-07
      vertex 47.8102 29.6199 2.67029e-07
    endloop
  endfacet
  facet normal 0 0 -1
    outer loop
      vertex 46.646 32.44 2.67029e-07
      vertex 47.9213 29.9621 2.67029e-07
      vertex 47.8523 29.7954 2.67029e-07
    endloop
  endfacet
  facet normal 0 0 -1
    outer loop
      vertex 46.646 32.44 2.67029e-07
      vertex 48.0156 30.116 2.67029e-07
      vertex 47.9213 29.9621 2.67029e-07
    endloop
  endfacet
  facet normal 0 0 -1
    outer loop
      vertex 48.946 30.59 2.67029e-07
      vertex 46.646 32.44 2.67029e-07
      vertex 51.5362 34.4116 2.67029e-07
    endloop
  endfacet
  facet normal 0 0 -1
    outer loop
      vertex 3.73388 34.4116 2.67029e-07
      vertex 46.646 32.44 2.67029e-07
      vertex 3.73388 32.44 2.67029e-07
    endloop
  endfacet
  facet normal 0 0 -1
    outer loop
      vertex 46.646 32.44 2.67029e-07
      vertex 3.73388 34.4116 2.67029e-07
      vertex 51.5362 34.4116 2.67029e-07
    endloop
  endfacet
  facet normal 0 0 -1
    outer loop
      vertex 44.2584 -4 2.67029e-07
      vertex 43.269 -4 2.67029e-07
      vertex 44.2584 -3.21 2.67029e-07
    endloop
  endfacet
  facet normal 0 0 -1
    outer loop
      vertex 46.0336 -3.21 2.67029e-07
      vertex 47.023 -4 2.67029e-07
      vertex 46.0336 -4 2.67029e-07
    endloop
  endfacet
  facet normal 0 0 -1
    outer loop
      vertex 47.023 -4 2.67029e-07
      vertex 46.0336 -3.21 2.67029e-07
      vertex 47.023 0.00999928 2.67029e-07
    endloop
  endfacet
  facet normal 0 0 -1
    outer loop
      vertex 44.2584 -3.21 2.67029e-07
      vertex 47.023 0.00999928 2.67029e-07
      vertex 46.0336 -3.21 2.67029e-07
    endloop
  endfacet
  facet normal 0 0 -1
    outer loop
      vertex 43.269 0.00999928 2.67029e-07
      vertex 44.2584 -3.21 2.67029e-07
      vertex 43.269 -4 2.67029e-07
    endloop
  endfacet
  facet normal 0 0 -1
    outer loop
      vertex 44.2584 -3.21 2.67029e-07
      vertex 43.269 0.00999928 2.67029e-07
      vertex 47.023 0.00999928 2.67029e-07
    endloop
  endfacet
endsolid OpenSCAD_Model
