/* Сгенерировано tools/gen_hud_images.py — не править вручную */
#define LV_LVGL_H_INCLUDE_SIMPLE
#include "lvgl.h"

static const uint8_t img_blink_l_outline_map[] = {
    0x00,0x00,0x00,0x00,0x00,0x00,0x00,0x00,0x00,0x00,0x00,0x00,0x00,0x00,0x00,0x00,0x00,0x00,0x00,0x00,0x00,0x02,0x00,0x00,
    0x00,0x00,0x00,0x00,0x00,0x00,0x00,0x00,0x00,0x00,0x00,0x00,0x00,0x00,0x00,0x00,0x00,0x00,0x00,0x00,0x00,0x00,0x00,0x00,
    0x00,0x00,0x00,0x00,0x00,0x00,0x00,0x00,0x00,0x00,0x00,0x00,0x00,0x00,0x00,0x00,0x00,0x00,0x03,0x00,0x2a,0x1d,0x00,0x01,
    0x00,0x00,0x00,0x00,0x00,0x00,0x00,0x00,0x00,0x00,0x00,0x00,0x00,0x00,0x00,0x00,0x00,0x00,0x00,0x00,0x00,0x00,0x00,0x00,
    0x00,0x00,0x00,0x00,0x00,0x00,0x00,0x00,0x00,0x00,0x00,0x00,0x00,0x00,0x00,0x04,0x00,0x2b,0xe7,0x30,0x00,0x02,0x00,0x00,
    0x00,0x00,0x00,0x00,0x00,0x00,0x00,0x00,0x00,0x00,0x00,0x00,0x00,0x00,0x00,0x00,0x00,0x00,0x00,0x00,0x00,0x00,0x00,0x00,
    0x00,0x00,0x00,0x00,0x00,0x00,0x00,0x00,0x00,0x00,0x00,0x00,0x04,0x00,0x2a,0xe7,0xff,0x24,0x00,0x02,0x00,0x00,0x00,0x00,
    0x00,0x00,0x00,0x00,0x00,0x00,0x00,0x00,0x00,0x00,0x00,0x00,0x00,0x00,0x00,0x00,0x00,0x00,0x00,0x00,0x00,0x00,0x00,0x00,
    0x00,0x00,0x00,0x00,0x00,0x00,0x00,0x00,0x00,0x04,0x00,0x2a,0xe6,0xff,0xfc,0x28,0x00,0x02,0x00,0x00,0x00,0x00,0x00,0x00,
    0x00,0x00,0x00,0x00,0x00,0x00,0x00,0x00,0x00,0x00,0x00,0x00,0x00,0x00,0x00,0x00,0x00,0x00,0x00,0x00,0x00,0x00,0x00,0x00,
    0x00,0x00,0x00,0x00,0x00,0x00,0x04,0x00,0x2a,0xe7,0xff,0xfc,0xff,0x27,0x00,0x02,0x00,0x00,0x00,0x00,0x00,0x00,0x00,0x00,
    0x00,0x00,0x00,0x00,0x00,0x00,0x00,0x00,0x00,0x00,0x00,0x00,0x00,0x00,0x00,0x00,0x00,0x00,0x00,0x00,0x00,0x00,0x00,0x00,
    0x00,0x00,0x00,0x04,0x00,0x2a,0xe7,0xff,0xfb,0xff,0xff,0x27,0x00,0x02,0x00,0x00,0x00,0x00,0x00,0x00,0x00,0x00,0x00,0x00,
    0x00,0x00,0x00,0x00,0x00,0x00,0x00,0x00,0x00,0x00,0x00,0x00,0x00,0x00,0x00,0x00,0x00,0x00,0x00,0x00,0x00,0x00,0x00,0x00,
    0x04,0x00,0x2a,0xe7,0xff,0xfc,0xfe,0xff,0xff,0x27,0x00,0x02,0x00,0x00,0x00,0x00,0x00,0x00,0x00,0x00,0x00,0x00,0x00,0x00,
    0x00,0x00,0x00,0x00,0x00,0x00,0x00,0x00,0x00,0x00,0x00,0x00,0x00,0x00,0x00,0x00,0x00,0x00,0x00,0x00,0x00,0x04,0x00,0x2a,
    0xe7,0xff,0xfc,0xff,0xfe,0xff,0xff,0x27,0x00,0x02,0x00,0x00,0x00,0x00,0x00,0x00,0x00,0x00,0x00,0x00,0x00,0x00,0x00,0x00,
    0x00,0x00,0x00,0x00,0x00,0x00,0x00,0x00,0x00,0x00,0x00,0x00,0x00,0x00,0x00,0x00,0x00,0x00,0x04,0x00,0x2a,0xe7,0xff,0xfc,
    0xff,0xff,0xfe,0xff,0xff,0x27,0x00,0x02,0x00,0x00,0x00,0x00,0x00,0x00,0x00,0x00,0x00,0x00,0x00,0x00,0x00,0x00,0x00,0x00,
    0x00,0x00,0x00,0x00,0x00,0x00,0x00,0x00,0x00,0x00,0x00,0x00,0x00,0x00,0x00,0x04,0x00,0x2a,0xe7,0xff,0xfc,0xff,0xff,0xff,
    0xfe,0xff,0xff,0x29,0x02,0x04,0x02,0x02,0x02,0x02,0x02,0x02,0x02,0x02,0x02,0x02,0x02,0x02,0x02,0x02,0x02,0x02,0x02,0x02,
    0x01,0x00,0x00,0x00,0x00,0x00,0x00,0x00,0x00,0x00,0x00,0x00,0x04,0x00,0x2a,0xe7,0xff,0xfc,0xff,0xff,0xff,0xff,0xfe,0xff,
    0xff,0x1f,0x00,0x00,0x00,0x00,0x00,0x00,0x00,0x00,0x00,0x00,0x00,0x00,0x00,0x00,0x00,0x00,0x00,0x00,0x00,0x00,0x00,0x00,
    0x00,0x00,0x00,0x00,0x00,0x00,0x00,0x00,0x00,0x04,0x00,0x2a,0xe7,0xff,0xfc,0xff,0xff,0xff,0xff,0xff,0xfe,0xff,0xff,0x48,
    0x27,0x29,0x27,0x27,0x27,0x27,0x27,0x27,0x27,0x27,0x27,0x27,0x27,0x27,0x27,0x27,0x27,0x27,0x27,0x27,0x18,0x00,0x00,0x00,
    0x00,0x00,0x00,0x00,0x00,0x00,0x04,0x00,0x2a,0xe7,0xff,0xfc,0xff,0xff,0xff,0xff,0xff,0xff,0xff,0xff,0xff,0xff,0xff,0xff,
    0xff,0xff,0xff,0xff,0xff,0xff,0xff,0xff,0xff,0xff,0xff,0xff,0xff,0xff,0xff,0xff,0xfb,0xff,0x9d,0x00,0x00,0x00,0x00,0x00,
    0x00,0x00,0x00,0x04,0x00,0x2a,0xe7,0xff,0xfc,0xff,0xff,0xff,0xff,0xff,0xff,0xff,0xff,0xff,0xff,0xff,0xff,0xff,0xff,0xff,
    0xff,0xff,0xff,0xff,0xff,0xff,0xff,0xff,0xff,0xff,0xff,0xff,0xff,0xff,0xfc,0xff,0x9d,0x00,0x00,0x00,0x00,0x00,0x00,0x00,
    0x04,0x00,0x2a,0xe7,0xff,0xfc,0xff,0xff,0xff,0xff,0xff,0xff,0xff,0xff,0xff,0xff,0xff,0xff,0xfe,0xfe,0xfe,0xfe,0xfe,0xfe,
    0xfe,0xfe,0xfe,0xfe,0xfe,0xfe,0xfe,0xfe,0xfe,0xfe,0xfe,0xfe,0xfb,0xfe,0x9d,0x00,0x00,0x00,0x00,0x00,0x00,0x04,0x00,0x2a,
    0xe7,0xff,0xfc,0xff,0xff,0xff,0xff,0xff,0xff,0xff,0xff,0xff,0xff,0xff,0xff,0xff,0xff,0xff,0xff,0xff,0xff,0xff,0xff,0xff,
    0xff,0xff,0xff,0xff,0xff,0xff,0xff,0xff,0xff,0xff,0xfb,0xff,0x9d,0x00,0x00,0x00,0x00,0x00,0x04,0x00,0x2a,0xe7,0xff,0xfc,
    0xff,0xff,0xff,0xff,0xff,0xff,0xff,0xff,0xff,0xff,0xff,0xff,0xff,0xff,0xff,0xff,0xff,0xff,0xff,0xff,0xff,0xff,0xff,0xff,
    0xff,0xff,0xff,0xff,0xff,0xff,0xff,0xff,0xfb,0xff,0x9d,0x00,0x00,0x00,0x00,0x04,0x00,0x2a,0xe7,0xff,0xfc,0xff,0xff,0xff,
    0xff,0xff,0xff,0xff,0xff,0xff,0xff,0xff,0xff,0xff,0xff,0xff,0xff,0xff,0xff,0xff,0xff,0xff,0xff,0xff,0xff,0xff,0xff,0xff,
    0xff,0xff,0xff,0xff,0xff,0xff,0xfb,0xff,0x9d,0x00,0x00,0x00,0x04,0x00,0x2a,0xe7,0xff,0xfc,0xff,0xff,0xff,0xff,0xff,0xff,
    0xff,0xff,0xff,0xff,0xff,0xff,0xff,0xff,0xff,0xff,0xff,0xff,0xff,0xff,0xff,0xff,0xff,0xff,0xff,0xff,0xff,0xff,0xff,0xff,
    0xff,0xff,0xff,0xff,0xfb,0xff,0x9d,0x00,0x00,0x04,0x00,0x2a,0xe7,0xff,0xfc,0xff,0xff,0xff,0xff,0xff,0xff,0xff,0xff,0xff,
    0xff,0xff,0xff,0xff,0xff,0xff,0xff,0xff,0xff,0xff,0xff,0xff,0xff,0xff,0xff,0xff,0xff,0xff,0xff,0xff,0xff,0xff,0xff,0xff,
    0xff,0xff,0xfb,0xff,0x9d,0x00,0x02,0x00,0x2a,0xe7,0xff,0xfc,0xff,0xff,0xff,0xff,0xff,0xff,0xff,0xff,0xff,0xff,0xff,0xff,
    0xff,0xff,0xff,0xff,0xff,0xff,0xff,0xff,0xff,0xff,0xff,0xff,0xff,0xff,0xff,0xff,0xff,0xff,0xff,0xff,0xff,0xff,0xff,0xff,
    0xfb,0xff,0x9d,0x00,0x01,0x35,0xe9,0xff,0xfc,0xff,0xff,0xff,0xff,0xff,0xff,0xff,0xff,0xff,0xff,0xff,0xff,0xff,0xff,0xff,
    0xff,0xff,0xff,0xff,0xff,0xff,0xff,0xff,0xff,0xff,0xff,0xff,0xff,0xff,0xff,0xff,0xff,0xff,0xff,0xff,0xff,0xff,0xfb,0xff,
    0x9d,0x00,0x00,0x43,0xf9,0xfe,0xfd,0xff,0xff,0xff,0xff,0xff,0xff,0xff,0xff,0xff,0xff,0xff,0xff,0xff,0xff,0xff,0xff,0xff,
    0xff,0xff,0xff,0xff,0xff,0xff,0xff,0xff,0xff,0xff,0xff,0xff,0xff,0xff,0xff,0xff,0xff,0xff,0xff,0xff,0xfb,0xff,0x9d,0x00,
    0x02,0x00,0x3f,0xf5,0xff,0xfd,0xff,0xff,0xff,0xff,0xff,0xff,0xff,0xff,0xff,0xff,0xff,0xff,0xff,0xff,0xff,0xff,0xff,0xff,
    0xff,0xff,0xff,0xff,0xff,0xff,0xff,0xff,0xff,0xff,0xff,0xff,0xff,0xff,0xff,0xff,0xff,0xff,0xfb,0xff,0x9d,0x00,0x00,0x04,
    0x00,0x40,0xf5,0xff,0xfd,0xff,0xff,0xff,0xff,0xff,0xff,0xff,0xff,0xff,0xff,0xff,0xff,0xff,0xff,0xff,0xff,0xff,0xff,0xff,
    0xff,0xff,0xff,0xff,0xff,0xff,0xff,0xff,0xff,0xff,0xff,0xff,0xff,0xff,0xff,0xff,0xfb,0xff,0x9d,0x00,0x00,0x00,0x04,0x00,
    0x40,0xf5,0xff,0xfd,0xff,0xff,0xff,0xff,0xff,0xff,0xff,0xff,0xff,0xff,0xff,0xff,0xff,0xff,0xff,0xff,0xff,0xff,0xff,0xff,
    0xff,0xff,0xff,0xff,0xff,0xff,0xff,0xff,0xff,0xff,0xff,0xff,0xff,0xff,0xfb,0xff,0x9d,0x00,0x00,0x00,0x00,0x04,0x00,0x40,
    0xf5,0xff,0xfd,0xff,0xff,0xff,0xff,0xff,0xff,0xff,0xff,0xff,0xff,0xff,0xff,0xff,0xff,0xff,0xff,0xff,0xff,0xff,0xff,0xff,
    0xff,0xff,0xff,0xff,0xff,0xff,0xff,0xff,0xff,0xff,0xff,0xff,0xfb,0xff,0x9d,0x00,0x00,0x00,0x00,0x00,0x04,0x00,0x40,0xf5,
    0xff,0xfd,0xff,0xff,0xff,0xff,0xff,0xff,0xff,0xff,0xff,0xff,0xff,0xff,0xff,0xff,0xff,0xff,0xff,0xff,0xff,0xff,0xff,0xff,
    0xff,0xff,0xff,0xff,0xff,0xff,0xff,0xff,0xff,0xff,0xfb,0xff,0x9d,0x00,0x00,0x00,0x00,0x00,0x00,0x04,0x00,0x40,0xf5,0xff,
    0xfd,0xff,0xff,0xff,0xff,0xff,0xff,0xff,0xff,0xff,0xff,0xff,0xff,0xff,0xff,0xff,0xff,0xff,0xff,0xff,0xff,0xff,0xff,0xff,
    0xff,0xff,0xff,0xff,0xff,0xff,0xff,0xff,0xfb,0xff,0x9d,0x00,0x00,0x00,0x00,0x00,0x00,0x00,0x04,0x00,0x40,0xf5,0xff,0xfd,
    0xff,0xff,0xff,0xff,0xff,0xff,0xff,0xff,0xff,0xff,0xff,0xff,0xfe,0xfe,0xfe,0xfe,0xfe,0xfe,0xfe,0xfe,0xfe,0xfe,0xfe,0xfe,
    0xfe,0xfe,0xfe,0xfe,0xfe,0xfe,0xfb,0xfe,0x9d,0x00,0x00,0x00,0x00,0x00,0x00,0x00,0x00,0x04,0x00,0x40,0xf5,0xff,0xfc,0xff,
    0xff,0xff,0xff,0xff,0xff,0xff,0xff,0xff,0xff,0xff,0xff,0xff,0xff,0xff,0xff,0xff,0xff,0xff,0xff,0xff,0xff,0xff,0xff,0xff,
    0xff,0xff,0xff,0xff,0xfc,0xff,0x9d,0x00,0x00,0x00,0x00,0x00,0x00,0x00,0x00,0x00,0x04,0x00,0x40,0xf5,0xff,0xfc,0xff,0xff,
    0xff,0xff,0xff,0xff,0xff,0xff,0xff,0xff,0xff,0xff,0xff,0xff,0xff,0xff,0xff,0xff,0xff,0xff,0xff,0xff,0xff,0xff,0xff,0xff,
    0xff,0xff,0xfb,0xff,0x9d,0x00,0x00,0x00,0x00,0x00,0x00,0x00,0x00,0x00,0x00,0x04,0x00,0x40,0xeb,0xff,0xfc,0xff,0xff,0xff,
    0xff,0xff,0xfe,0xff,0xff,0x48,0x27,0x29,0x27,0x27,0x27,0x27,0x27,0x27,0x27,0x27,0x27,0x27,0x27,0x27,0x27,0x27,0x27,0x27,
    0x27,0x27,0x18,0x00,0x00,0x00,0x00,0x00,0x00,0x00,0x00,0x00,0x00,0x00,0x04,0x00,0x2b,0xe7,0xff,0xfc,0xff,0xff,0xff,0xff,
    0xfe,0xff,0xff,0x1f,0x00,0x00,0x00,0x00,0x00,0x00,0x00,0x00,0x00,0x00,0x00,0x00,0x00,0x00,0x00,0x00,0x00,0x00,0x00,0x00,
    0x00,0x00,0x00,0x00,0x00,0x00,0x00,0x00,0x00,0x00,0x00,0x00,0x00,0x04,0x00,0x2a,0xe7,0xff,0xfc,0xff,0xff,0xff,0xfe,0xff,
    0xff,0x29,0x02,0x04,0x02,0x02,0x02,0x02,0x02,0x02,0x02,0x02,0x02,0x02,0x02,0x02,0x02,0x02,0x02,0x02,0x02,0x02,0x01,0x00,
    0x00,0x00,0x00,0x00,0x00,0x00,0x00,0x00,0x00,0x00,0x00,0x00,0x04,0x00,0x2a,0xe7,0xff,0xfc,0xff,0xff,0xfe,0xff,0xff,0x27,
    0x00,0x02,0x00,0x00,0x00,0x00,0x00,0x00,0x00,0x00,0x00,0x00,0x00,0x00,0x00,0x00,0x00,0x00,0x00,0x00,0x00,0x00,0x00,0x00,
    0x00,0x00,0x00,0x00,0x00,0x00,0x00,0x00,0x00,0x00,0x00,0x04,0x00,0x2a,0xe7,0xff,0xfc,0xff,0xfe,0xff,0xff,0x27,0x00,0x02,
    0x00,0x00,0x00,0x00,0x00,0x00,0x00,0x00,0x00,0x00,0x00,0x00,0x00,0x00,0x00,0x00,0x00,0x00,0x00,0x00,0x00,0x00,0x00,0x00,
    0x00,0x00,0x00,0x00,0x00,0x00,0x00,0x00,0x00,0x00,0x04,0x00,0x2a,0xe7,0xff,0xfc,0xfe,0xff,0xff,0x27,0x00,0x02,0x00,0x00,
    0x00,0x00,0x00,0x00,0x00,0x00,0x00,0x00,0x00,0x00,0x00,0x00,0x00,0x00,0x00,0x00,0x00,0x00,0x00,0x00,0x00,0x00,0x00,0x00,
    0x00,0x00,0x00,0x00,0x00,0x00,0x00,0x00,0x00,0x04,0x00,0x2a,0xe7,0xff,0xfb,0xff,0xff,0x27,0x00,0x02,0x00,0x00,0x00,0x00,
    0x00,0x00,0x00,0x00,0x00,0x00,0x00,0x00,0x00,0x00,0x00,0x00,0x00,0x00,0x00,0x00,0x00,0x00,0x00,0x00,0x00,0x00,0x00,0x00,
    0x00,0x00,0x00,0x00,0x00,0x00,0x00,0x00,0x04,0x00,0x2a,0xe7,0xff,0xfc,0xff,0x27,0x00,0x02,0x00,0x00,0x00,0x00,0x00,0x00,
    0x00,0x00,0x00,0x00,0x00,0x00,0x00,0x00,0x00,0x00,0x00,0x00,0x00,0x00,0x00,0x00,0x00,0x00,0x00,0x00,0x00,0x00,0x00,0x00,
    0x00,0x00,0x00,0x00,0x00,0x00,0x00,0x04,0x00,0x2a,0xe6,0xff,0xfc,0x28,0x00,0x02,0x00,0x00,0x00,0x00,0x00,0x00,0x00,0x00,
    0x00,0x00,0x00,0x00,0x00,0x00,0x00,0x00,0x00,0x00,0x00,0x00,0x00,0x00,0x00,0x00,0x00,0x00,0x00,0x00,0x00,0x00,0x00,0x00,
    0x00,0x00,0x00,0x00,0x00,0x00,0x04,0x00,0x2a,0xe7,0xff,0x24,0x00,0x02,0x00,0x00,0x00,0x00,0x00,0x00,0x00,0x00,0x00,0x00,
    0x00,0x00,0x00,0x00,0x00,0x00,0x00,0x00,0x00,0x00,0x00,0x00,0x00,0x00,0x00,0x00,0x00,0x00,0x00,0x00,0x00,0x00,0x00,0x00,
    0x00,0x00,0x00,0x00,0x00,0x04,0x00,0x2b,0xe7,0x30,0x00,0x02,0x00,0x00,0x00,0x00,0x00,0x00,0x00,0x00,0x00,0x00,0x00,0x00,
    0x00,0x00,0x00,0x00,0x00,0x00,0x00,0x00,0x00,0x00,0x00,0x00,0x00,0x00,0x00,0x00,0x00,0x00,0x00,0x00,0x00,0x00,0x00,0x00,
    0x00,0x00,0x00,0x00,0x03,0x00,0x2a,0x1d,0x00,0x01,0x00,0x00,0x00,0x00,0x00,0x00,0x00,0x00,0x00,0x00,0x00,0x00,0x00,0x00,
    0x00,0x00,0x00,0x00,0x00,0x00,0x00,0x00,0x00,0x00,0x00,0x00,0x00,0x00,0x00,0x00,0x00,0x00,0x00,0x00,0x00,0x00,0x00,0x00,
    0x00,0x00,0x00,0x02,0x00,0x00,0x00,0x00,0x00,0x00,0x00,0x00,0x00,0x00,0x00,0x00,0x00,0x00,0x00,0x00,0x00,0x00,0x00,0x00,
    0x00,0x00,0x00,0x00,
};
const lv_img_dsc_t img_blink_l_outline = {
    .header.cf = LV_IMG_CF_ALPHA_8BIT, .header.always_zero = 0, .header.reserved = 0,
    .header.w = 46, .header.h = 46, .data_size = 2116, .data = img_blink_l_outline_map,
};

static const uint8_t img_blink_l_fill_map[] = {
    0x00,0x00,0x00,0x00,0x00,0x00,0x00,0x00,0x00,0x00,0x00,0x00,0x00,0x00,0x00,0x00,0x00,0x00,0x00,0x00,0x00,0x00,0x00,0x00,
    0x00,0x00,0x00,0x00,0x00,0x00,0x00,0x00,0x00,0x00,0x00,0x00,0x00,0x00,0x00,0x00,0x00,0x00,0x00,0x00,0x00,0x00,0x00,0x00,
    0x00,0x00,0x00,0x00,0x00,0x00,0x00,0x00,0x00,0x00,0x00,0x00,0x00,0x00,0x00,0x00,0x00,0x00,0x00,0x00,0x00,0x00,0x00,0x00,
    0x00,0x00,0x00,0x00,0x00,0x00,0x00,0x00,0x00,0x00,0x00,0x00,0x00,0x00,0x00,0x00,0x00,0x00,0x00,0x00,0x00,0x00,0x00,0x00,
    0x00,0x00,0x00,0x00,0x00,0x00,0x00,0x00,0x00,0x00,0x00,0x00,0x00,0x00,0x00,0x00,0x00,0x02,0x00,0x00,0x00,0x00,0x00,0x00,
    0x00,0x00,0x00,0x00,0x00,0x00,0x00,0x00,0x00,0x00,0x00,0x00,0x00,0x00,0x00,0x00,0x00,0x00,0x00,0x00,0x00,0x00,0x00,0x00,
    0x00,0x00,0x00,0x00,0x00,0x00,0x00,0x00,0x00,0x00,0x00,0x00,0x00,0x00,0x02,0x00,0x01,0x00,0x00,0x00,0x00,0x00,0x00,0x00,
    0x00,0x00,0x00,0x00,0x00,0x00,0x00,0x00,0x00,0x00,0x00,0x00,0x00,0x00,0x00,0x00,0x00,0x00,0x00,0x00,0x00,0x00,0x00,0x00,
    0x00,0x00,0x00,0x00,0x00,0x00,0x00,0x00,0x00,0x00,0x00,0x04,0x00,0x6f,0x2d,0x00,0x02,0x00,0x00,0x00,0x00,0x00,0x00,0x00,
    0x00,0x00,0x00,0x00,0x00,0x00,0x00,0x00,0x00,0x00,0x00,0x00,0x00,0x00,0x00,0x00,0x00,0x00,0x00,0x00,0x00,0x00,0x00,0x00,
    0x00,0x00,0x00,0x00,0x00,0x00,0x00,0x00,0x04,0x00,0x5a,0xff,0x27,0x00,0x02,0x00,0x00,0x00,0x00,0x00,0x00,0x00,0x00,0x00,
    0x00,0x00,0x00,0x00,0x00,0x00,0x00,0x00,0x00,0x00,0x00,0x00,0x00,0x00,0x00,0x00,0x00,0x00,0x00,0x00,0x00,0x00,0x00,0x00,
    0x00,0x00,0x00,0x00,0x00,0x04,0x00,0x55,0xfc,0xf7,0x25,0x00,0x02,0x00,0x00,0x00,0x00,0x00,0x00,0x00,0x00,0x00,0x00,0x00,
    0x00,0x00,0x00,0x00,0x00,0x00,0x00,0x00,0x00,0x00,0x00,0x00,0x00,0x00,0x00,0x00,0x00,0x00,0x00,0x00,0x00,0x00,0x00,0x00,
    0x00,0x00,0x05,0x00,0x49,0xfd,0xf8,0xf6,0x26,0x00,0x02,0x00,0x00,0x00,0x00,0x00,0x00,0x00,0x00,0x00,0x00,0x00,0x00,0x00,
    0x00,0x00,0x00,0x00,0x00,0x00,0x00,0x00,0x00,0x00,0x00,0x00,0x00,0x00,0x00,0x00,0x00,0x00,0x00,0x00,0x00,0x00,0x00,0x04,
    0x00,0x3d,0xf1,0xf8,0xf6,0xf7,0x26,0x00,0x02,0x00,0x00,0x00,0x00,0x00,0x00,0x00,0x00,0x00,0x00,0x00,0x00,0x00,0x00,0x00,
    0x00,0x00,0x00,0x00,0x00,0x00,0x00,0x00,0x00,0x00,0x00,0x00,0x00,0x00,0x00,0x00,0x00,0x00,0x00,0x00,0x04,0x00,0x39,0xf1,
    0xfa,0xf3,0xf7,0xf6,0x26,0x00,0x02,0x00,0x00,0x00,0x00,0x00,0x00,0x00,0x00,0x00,0x00,0x00,0x00,0x00,0x00,0x00,0x00,0x00,
    0x00,0x00,0x00,0x00,0x00,0x00,0x00,0x00,0x00,0x00,0x00,0x00,0x00,0x00,0x00,0x00,0x00,0x03,0x00,0x28,0xe6,0xfb,0xf2,0xf5,
    0xf6,0xf5,0x26,0x00,0x02,0x00,0x00,0x00,0x00,0x00,0x00,0x00,0x00,0x00,0x00,0x00,0x00,0x00,0x00,0x00,0x00,0x00,0x00,0x00,
    0x00,0x00,0x00,0x00,0x00,0x00,0x00,0x00,0x00,0x00,0x00,0x00,0x00,0x00,0x03,0x00,0x28,0xe1,0xfb,0xf1,0xf4,0xf4,0xf5,0xf4,
    0x26,0x00,0x02,0x00,0x00,0x00,0x00,0x00,0x00,0x00,0x00,0x00,0x00,0x00,0x00,0x00,0x00,0x00,0x00,0x00,0x00,0x00,0x00,0x00,
    0x00,0x00,0x00,0x00,0x00,0x00,0x00,0x00,0x00,0x00,0x00,0x02,0x00,0x16,0xdb,0xfd,0xef,0xf3,0xf3,0xf3,0xf4,0xf3,0x25,0x00,
    0x02,0x00,0x00,0x00,0x00,0x00,0x00,0x00,0x00,0x00,0x00,0x00,0x00,0x00,0x00,0x00,0x00,0x00,0x00,0x00,0x00,0x00,0x00,0x00,
    0x00,0x00,0x00,0x00,0x00,0x00,0x00,0x00,0x02,0x00,0x16,0xce,0xfc,0xee,0xf3,0xf2,0xf2,0xf2,0xf3,0xf2,0x28,0x04,0x06,0x04,
    0x04,0x04,0x04,0x04,0x04,0x04,0x04,0x04,0x04,0x04,0x04,0x04,0x04,0x04,0x04,0x04,0x01,0x00,0x00,0x00,0x00,0x00,0x00,0x00,
    0x00,0x00,0x00,0x00,0x00,0x02,0x00,0x0d,0xcc,0xfe,0xed,0xf1,0xf1,0xf1,0xf1,0xf1,0xf2,0xf1,0x16,0x00,0x00,0x00,0x00,0x00,
    0x00,0x00,0x00,0x00,0x00,0x00,0x00,0x00,0x00,0x00,0x00,0x00,0x00,0x00,0x00,0x00,0x00,0x00,0x00,0x00,0x00,0x00,0x00,0x00,
    0x00,0x00,0x02,0x00,0x09,0xb7,0xff,0xeb,0xf1,0xf0,0xf0,0xf0,0xf0,0xf0,0xf1,0xf0,0x8a,0x78,0x79,0x78,0x78,0x78,0x78,0x78,
    0x78,0x78,0x78,0x78,0x78,0x78,0x78,0x78,0x78,0x78,0x78,0x78,0x12,0x00,0x01,0x00,0x00,0x00,0x00,0x00,0x00,0x00,0x00,0x02,
    0x02,0x08,0xb6,0xff,0xea,0xef,0xef,0xef,0xef,0xef,0xef,0xef,0xef,0xef,0xfe,0xff,0xff,0xff,0xff,0xff,0xff,0xff,0xff,0xff,
    0xff,0xff,0xff,0xff,0xff,0xff,0xff,0xff,0xff,0xff,0x28,0x00,0x02,0x00,0x00,0x00,0x00,0x00,0x00,0x00,0x01,0x02,0x00,0xa3,
    0xff,0xe9,0xee,0xee,0xee,0xee,0xee,0xee,0xee,0xee,0xee,0xee,0xeb,0xea,0xea,0xea,0xea,0xea,0xea,0xea,0xea,0xea,0xea,0xea,
    0xea,0xea,0xea,0xea,0xea,0xea,0xeb,0xea,0x24,0x00,0x02,0x00,0x00,0x00,0x00,0x00,0x00,0x01,0x03,0x01,0x9c,0xfe,0xe8,0xed,
    0xed,0xed,0xed,0xed,0xed,0xed,0xed,0xed,0xed,0xed,0xed,0xed,0xed,0xed,0xed,0xed,0xed,0xed,0xed,0xed,0xed,0xed,0xed,0xed,
    0xed,0xed,0xed,0xed,0xed,0xed,0x24,0x00,0x02,0x00,0x00,0x00,0x00,0x00,0x01,0x04,0x00,0x91,0xff,0xe7,0xec,0xec,0xec,0xec,
    0xec,0xec,0xec,0xec,0xec,0xec,0xec,0xec,0xec,0xec,0xec,0xec,0xec,0xec,0xec,0xec,0xec,0xec,0xec,0xec,0xec,0xec,0xec,0xec,
    0xec,0xec,0xec,0xec,0x24,0x00,0x02,0x00,0x00,0x00,0x00,0x00,0x04,0x00,0x82,0xfb,0xe7,0xeb,0xeb,0xeb,0xeb,0xeb,0xeb,0xeb,
    0xeb,0xeb,0xeb,0xeb,0xeb,0xeb,0xeb,0xeb,0xeb,0xeb,0xeb,0xeb,0xeb,0xeb,0xeb,0xeb,0xeb,0xeb,0xeb,0xeb,0xeb,0xeb,0xeb,0xeb,
    0xeb,0xeb,0x24,0x00,0x02,0x00,0x00,0x00,0x00,0x02,0x00,0x7e,0xfd,0xe7,0xea,0xea,0xea,0xea,0xea,0xea,0xea,0xea,0xea,0xea,
    0xea,0xea,0xea,0xea,0xea,0xea,0xea,0xea,0xea,0xea,0xea,0xea,0xea,0xea,0xea,0xea,0xea,0xea,0xea,0xea,0xea,0xea,0xea,0xea,
    0x24,0x00,0x02,0x00,0x00,0x00,0x02,0x01,0x72,0xf7,0xe6,0xe9,0xe9,0xe9,0xe9,0xe9,0xe9,0xe9,0xe9,0xe9,0xe9,0xe9,0xe9,0xe9,
    0xe9,0xe9,0xe9,0xe9,0xe9,0xe9,0xe9,0xe9,0xe9,0xe9,0xe9,0xe9,0xe9,0xe9,0xe9,0xe9,0xe9,0xe9,0xe9,0xe9,0xe9,0xe9,0x24,0x00,
    0x02,0x00,0x00,0x00,0x02,0x01,0x87,0xf9,0xe3,0xe8,0xe8,0xe8,0xe8,0xe8,0xe8,0xe8,0xe8,0xe8,0xe8,0xe8,0xe8,0xe8,0xe8,0xe8,
    0xe8,0xe8,0xe8,0xe8,0xe8,0xe8,0xe8,0xe8,0xe8,0xe8,0xe8,0xe8,0xe8,0xe8,0xe8,0xe8,0xe8,0xe8,0xe8,0xe8,0x24,0x00,0x02,0x00,
    0x00,0x00,0x00,0x02,0x00,0x93,0xfa,0xe3,0xe7,0xe7,0xe7,0xe7,0xe7,0xe7,0xe7,0xe7,0xe7,0xe7,0xe7,0xe7,0xe7,0xe7,0xe7,0xe7,
    0xe7,0xe7,0xe7,0xe7,0xe7,0xe7,0xe7,0xe7,0xe7,0xe7,0xe7,0xe7,0xe7,0xe7,0xe7,0xe7,0xe7,0xe7,0x24,0x00,0x02,0x00,0x00,0x00,
    0x00,0x01,0x03,0x01,0x98,0xf6,0xe1,0xe6,0xe6,0xe6,0xe6,0xe6,0xe6,0xe6,0xe6,0xe6,0xe6,0xe6,0xe6,0xe6,0xe6,0xe6,0xe6,0xe6,
    0xe6,0xe6,0xe6,0xe6,0xe6,0xe6,0xe6,0xe6,0xe6,0xe6,0xe6,0xe6,0xe6,0xe6,0xe6,0xe6,0x23,0x00,0x02,0x00,0x00,0x00,0x00,0x00,
    0x01,0x02,0x00,0xa3,0xf7,0xe0,0xe5,0xe5,0xe5,0xe5,0xe5,0xe5,0xe5,0xe5,0xe5,0xe5,0xe5,0xe5,0xe5,0xe5,0xe5,0xe5,0xe5,0xe5,
    0xe5,0xe5,0xe5,0xe5,0xe5,0xe5,0xe5,0xe5,0xe5,0xe5,0xe5,0xe5,0xe5,0xe5,0x23,0x00,0x02,0x00,0x00,0x00,0x00,0x00,0x00,0x02,
    0x02,0x09,0xae,0xf3,0xdf,0xe4,0xe4,0xe4,0xe4,0xe4,0xe4,0xe4,0xe4,0xe4,0xe4,0xe4,0xe4,0xe4,0xe4,0xe4,0xe4,0xe4,0xe4,0xe4,
    0xe4,0xe4,0xe4,0xe4,0xe4,0xe4,0xe4,0xe4,0xe4,0xe4,0xe4,0xe4,0x23,0x00,0x02,0x00,0x00,0x00,0x00,0x00,0x00,0x00,0x02,0x00,
    0x09,0xb0,0xf2,0xde,0xe4,0xe3,0xe3,0xe3,0xe3,0xe3,0xe3,0xe3,0xe3,0xe3,0xe0,0xe0,0xe0,0xe0,0xe0,0xe0,0xe0,0xe0,0xe0,0xe0,
    0xe0,0xe0,0xe0,0xe0,0xe0,0xe0,0xe0,0xe0,0xe0,0xe0,0x22,0x00,0x02,0x00,0x00,0x00,0x00,0x00,0x00,0x00,0x00,0x02,0x00,0x11,
    0xc1,0xef,0xde,0xe3,0xe2,0xe2,0xe2,0xe2,0xe2,0xe2,0xe2,0xe2,0xef,0xf1,0xf1,0xf1,0xf1,0xf1,0xf1,0xf1,0xf1,0xf1,0xf1,0xf1,
    0xf1,0xf1,0xf1,0xf1,0xf1,0xf1,0xf1,0xf1,0x25,0x00,0x02,0x00,0x00,0x00,0x00,0x00,0x00,0x00,0x00,0x00,0x02,0x00,0x15,0xc0,
    0xeb,0xdd,0xe1,0xe1,0xe1,0xe1,0xe1,0xe1,0xe1,0xe1,0x9a,0x8d,0x8d,0x8d,0x8d,0x8d,0x8d,0x8d,0x8d,0x8d,0x8d,0x8d,0x8d,0x8d,
    0x8d,0x8d,0x8d,0x8d,0x8d,0x8d,0x16,0x00,0x01,0x00,0x00,0x00,0x00,0x00,0x00,0x00,0x00,0x00,0x00,0x03,0x00,0x19,0xcf,0xe9,
    0xdd,0xe1,0xe0,0xe0,0xe0,0xe0,0xe0,0xe0,0x15,0x00,0x00,0x00,0x00,0x00,0x00,0x00,0x00,0x00,0x00,0x00,0x00,0x00,0x00,0x00,
    0x00,0x00,0x00,0x00,0x00,0x00,0x00,0x00,0x00,0x00,0x00,0x00,0x00,0x00,0x00,0x00,0x00,0x00,0x03,0x00,0x24,0xcf,0xe6,0xdc,
    0xdf,0xdf,0xdf,0xdf,0xdf,0xdf,0x25,0x03,0x05,0x03,0x03,0x03,0x03,0x03,0x03,0x03,0x03,0x03,0x03,0x03,0x03,0x03,0x03,0x03,
    0x03,0x03,0x01,0x00,0x00,0x00,0x00,0x00,0x00,0x00,0x00,0x00,0x00,0x00,0x00,0x00,0x00,0x03,0x00,0x24,0xd7,0xe4,0xdb,0xde,
    0xde,0xde,0xde,0xde,0x22,0x00,0x02,0x00,0x00,0x00,0x00,0x00,0x00,0x00,0x00,0x00,0x00,0x00,0x00,0x00,0x00,0x00,0x00,0x00,
    0x00,0x00,0x00,0x00,0x00,0x00,0x00,0x00,0x00,0x00,0x00,0x00,0x00,0x00,0x00,0x00,0x04,0x00,0x36,0xdb,0xe1,0xdb,0xdd,0xdd,
    0xdd,0xdd,0x22,0x00,0x02,0x00,0x00,0x00,0x00,0x00,0x00,0x00,0x00,0x00,0x00,0x00,0x00,0x00,0x00,0x00,0x00,0x00,0x00,0x00,
    0x00,0x00,0x00,0x00,0x00,0x00,0x00,0x00,0x00,0x00,0x00,0x00,0x00,0x00,0x00,0x04,0x00,0x36,0xdb,0xdf,0xda,0xdc,0xdc,0xdc,
    0x22,0x00,0x02,0x00,0x00,0x00,0x00,0x00,0x00,0x00,0x00,0x00,0x00,0x00,0x00,0x00,0x00,0x00,0x00,0x00,0x00,0x00,0x00,0x00,
    0x00,0x00,0x00,0x00,0x00,0x00,0x00,0x00,0x00,0x00,0x00,0x00,0x00,0x00,0x04,0x00,0x46,0xe4,0xdc,0xd9,0xdb,0xdb,0x22,0x00,
    0x02,0x00,0x00,0x00,0x00,0x00,0x00,0x00,0x00,0x00,0x00,0x00,0x00,0x00,0x00,0x00,0x00,0x00,0x00,0x00,0x00,0x00,0x00,0x00,
    0x00,0x00,0x00,0x00,0x00,0x00,0x00,0x00,0x00,0x00,0x00,0x00,0x00,0x04,0x00,0x4a,0xe1,0xda,0xd9,0xda,0x22,0x00,0x02,0x00,
    0x00,0x00,0x00,0x00,0x00,0x00,0x00,0x00,0x00,0x00,0x00,0x00,0x00,0x00,0x00,0x00,0x00,0x00,0x00,0x00,0x00,0x00,0x00,0x00,
    0x00,0x00,0x00,0x00,0x00,0x00,0x00,0x00,0x00,0x00,0x00,0x00,0x04,0x00,0x53,0xe8,0xd8,0xd8,0x21,0x00,0x02,0x00,0x00,0x00,
    0x00,0x00,0x00,0x00,0x00,0x00,0x00,0x00,0x00,0x00,0x00,0x00,0x00,0x00,0x00,0x00,0x00,0x00,0x00,0x00,0x00,0x00,0x00,0x00,
    0x00,0x00,0x00,0x00,0x00,0x00,0x00,0x00,0x00,0x00,0x00,0x04,0x00,0x60,0xe6,0xd5,0x20,0x00,0x02,0x00,0x00,0x00,0x00,0x00,
    0x00,0x00,0x00,0x00,0x00,0x00,0x00,0x00,0x00,0x00,0x00,0x00,0x00,0x00,0x00,0x00,0x00,0x00,0x00,0x00,0x00,0x00,0x00,0x00,
    0x00,0x00,0x00,0x00,0x00,0x00,0x00,0x00,0x00,0x00,0x04,0x00,0x63,0xe7,0x20,0x00,0x02,0x00,0x00,0x00,0x00,0x00,0x00,0x00,
    0x00,0x00,0x00,0x00,0x00,0x00,0x00,0x00,0x00,0x00,0x00,0x00,0x00,0x00,0x00,0x00,0x00,0x00,0x00,0x00,0x00,0x00,0x00,0x00,
    0x00,0x00,0x00,0x00,0x00,0x00,0x00,0x00,0x00,0x03,0x00,0x75,0x29,0x00,0x02,0x00,0x00,0x00,0x00,0x00,0x00,0x00,0x00,0x00,
    0x00,0x00,0x00,0x00,0x00,0x00,0x00,0x00,0x00,0x00,0x00,0x00,0x00,0x00,0x00,0x00,0x00,0x00,0x00,0x00,0x00,0x00,0x00,0x00,
    0x00,0x00,0x00,0x00,0x00,0x00,0x00,0x00,0x01,0x00,0x04,0x00,0x00,0x00,0x00,0x00,0x00,0x00,0x00,0x00,0x00,0x00,0x00,0x00,
    0x00,0x00,0x00,0x00,0x00,0x00,0x00,0x00,0x00,0x00,0x00,0x00,0x00,0x00,0x00,0x00,0x00,0x00,0x00,0x00,0x00,0x00,0x00,0x00,
    0x00,0x00,0x00,0x00,0x00,0x00,0x00,0x01,0x00,0x00,0x00,0x00,0x00,0x00,0x00,0x00,0x00,0x00,0x00,0x00,0x00,0x00,0x00,0x00,
    0x00,0x00,0x00,0x00,0x00,0x00,0x00,0x00,0x00,0x00,0x00,0x00,0x00,0x00,0x00,0x00,0x00,0x00,0x00,0x00,0x00,0x00,0x00,0x00,
    0x00,0x00,0x00,0x00,0x00,0x00,0x00,0x00,0x00,0x00,0x00,0x00,0x00,0x00,0x00,0x00,0x00,0x00,0x00,0x00,0x00,0x00,0x00,0x00,
    0x00,0x00,0x00,0x00,0x00,0x00,0x00,0x00,0x00,0x00,0x00,0x00,0x00,0x00,0x00,0x00,0x00,0x00,0x00,0x00,0x00,0x00,0x00,0x00,
    0x00,0x00,0x00,0x00,0x00,0x00,0x00,0x00,0x00,0x00,0x00,0x00,0x00,0x00,0x00,0x00,0x00,0x00,0x00,0x00,0x00,0x00,0x00,0x00,
    0x00,0x00,0x00,0x00,
};
const lv_img_dsc_t img_blink_l_fill = {
    .header.cf = LV_IMG_CF_ALPHA_8BIT, .header.always_zero = 0, .header.reserved = 0,
    .header.w = 46, .header.h = 46, .data_size = 2116, .data = img_blink_l_fill_map,
};

static const uint8_t img_blink_r_outline_map[] = {
    0x00,0x00,0x00,0x00,0x00,0x00,0x00,0x00,0x00,0x00,0x00,0x00,0x00,0x00,0x00,0x00,0x00,0x00,0x00,0x00,0x00,0x00,0x00,0x00,
    0x02,0x00,0x00,0x00,0x00,0x00,0x00,0x00,0x00,0x00,0x00,0x00,0x00,0x00,0x00,0x00,0x00,0x00,0x00,0x00,0x00,0x00,0x00,0x00,
    0x00,0x00,0x00,0x00,0x00,0x00,0x00,0x00,0x00,0x00,0x00,0x00,0x00,0x00,0x00,0x00,0x00,0x00,0x01,0x00,0x1d,0x2a,0x00,0x03,
    0x00,0x00,0x00,0x00,0x00,0x00,0x00,0x00,0x00,0x00,0x00,0x00,0x00,0x00,0x00,0x00,0x00,0x00,0x00,0x00,0x00,0x00,0x00,0x00,
    0x00,0x00,0x00,0x00,0x00,0x00,0x00,0x00,0x00,0x00,0x00,0x00,0x00,0x00,0x00,0x00,0x02,0x00,0x30,0xe7,0x2b,0x00,0x04,0x00,
    0x00,0x00,0x00,0x00,0x00,0x00,0x00,0x00,0x00,0x00,0x00,0x00,0x00,0x00,0x00,0x00,0x00,0x00,0x00,0x00,0x00,0x00,0x00,0x00,
    0x00,0x00,0x00,0x00,0x00,0x00,0x00,0x00,0x00,0x00,0x00,0x00,0x00,0x00,0x02,0x00,0x24,0xff,0xe7,0x2a,0x00,0x04,0x00,0x00,
    0x00,0x00,0x00,0x00,0x00,0x00,0x00,0x00,0x00,0x00,0x00,0x00,0x00,0x00,0x00,0x00,0x00,0x00,0x00,0x00,0x00,0x00,0x00,0x00,
    0x00,0x00,0x00,0x00,0x00,0x00,0x00,0x00,0x00,0x00,0x00,0x00,0x02,0x00,0x28,0xfc,0xff,0xe6,0x2a,0x00,0x04,0x00,0x00,0x00,
    0x00,0x00,0x00,0x00,0x00,0x00,0x00,0x00,0x00,0x00,0x00,0x00,0x00,0x00,0x00,0x00,0x00,0x00,0x00,0x00,0x00,0x00,0x00,0x00,
    0x00,0x00,0x00,0x00,0x00,0x00,0x00,0x00,0x00,0x00,0x02,0x00,0x27,0xff,0xfc,0xff,0xe7,0x2a,0x00,0x04,0x00,0x00,0x00,0x00,
    0x00,0x00,0x00,0x00,0x00,0x00,0x00,0x00,0x00,0x00,0x00,0x00,0x00,0x00,0x00,0x00,0x00,0x00,0x00,0x00,0x00,0x00,0x00,0x00,
    0x00,0x00,0x00,0x00,0x00,0x00,0x00,0x00,0x02,0x00,0x27,0xff,0xff,0xfb,0xff,0xe7,0x2a,0x00,0x04,0x00,0x00,0x00,0x00,0x00,
    0x00,0x00,0x00,0x00,0x00,0x00,0x00,0x00,0x00,0x00,0x00,0x00,0x00,0x00,0x00,0x00,0x00,0x00,0x00,0x00,0x00,0x00,0x00,0x00,
    0x00,0x00,0x00,0x00,0x00,0x00,0x02,0x00,0x27,0xff,0xff,0xfe,0xfc,0xff,0xe7,0x2a,0x00,0x04,0x00,0x00,0x00,0x00,0x00,0x00,
    0x00,0x00,0x00,0x00,0x00,0x00,0x00,0x00,0x00,0x00,0x00,0x00,0x00,0x00,0x00,0x00,0x00,0x00,0x00,0x00,0x00,0x00,0x00,0x00,
    0x00,0x00,0x00,0x00,0x02,0x00,0x27,0xff,0xff,0xfe,0xff,0xfc,0xff,0xe7,0x2a,0x00,0x04,0x00,0x00,0x00,0x00,0x00,0x00,0x00,
    0x00,0x00,0x00,0x00,0x00,0x00,0x00,0x00,0x00,0x00,0x00,0x00,0x00,0x00,0x00,0x00,0x00,0x00,0x00,0x00,0x00,0x00,0x00,0x00,
    0x00,0x00,0x02,0x00,0x27,0xff,0xff,0xfe,0xff,0xff,0xfc,0xff,0xe7,0x2a,0x00,0x04,0x00,0x00,0x00,0x00,0x00,0x00,0x00,0x00,
    0x00,0x00,0x00,0x00,0x00,0x01,0x02,0x02,0x02,0x02,0x02,0x02,0x02,0x02,0x02,0x02,0x02,0x02,0x02,0x02,0x02,0x02,0x02,0x02,
    0x04,0x02,0x29,0xff,0xff,0xfe,0xff,0xff,0xff,0xfc,0xff,0xe7,0x2a,0x00,0x04,0x00,0x00,0x00,0x00,0x00,0x00,0x00,0x00,0x00,
    0x00,0x00,0x00,0x00,0x00,0x00,0x00,0x00,0x00,0x00,0x00,0x00,0x00,0x00,0x00,0x00,0x00,0x00,0x00,0x00,0x00,0x00,0x00,0x00,
    0x1f,0xff,0xff,0xfe,0xff,0xff,0xff,0xff,0xfc,0xff,0xe7,0x2a,0x00,0x04,0x00,0x00,0x00,0x00,0x00,0x00,0x00,0x00,0x00,0x00,
    0x00,0x18,0x27,0x27,0x27,0x27,0x27,0x27,0x27,0x27,0x27,0x27,0x27,0x27,0x27,0x27,0x27,0x27,0x27,0x27,0x29,0x27,0x48,0xff,
    0xff,0xfe,0xff,0xff,0xff,0xff,0xff,0xfc,0xff,0xe7,0x2a,0x00,0x04,0x00,0x00,0x00,0x00,0x00,0x00,0x00,0x00,0x00,0x00,0x9d,
    0xff,0xfb,0xff,0xff,0xff,0xff,0xff,0xff,0xff,0xff,0xff,0xff,0xff,0xff,0xff,0xff,0xff,0xff,0xff,0xff,0xff,0xff,0xff,0xff,
    0xff,0xff,0xff,0xff,0xff,0xff,0xfc,0xff,0xe7,0x2a,0x00,0x04,0x00,0x00,0x00,0x00,0x00,0x00,0x00,0x00,0x00,0x9d,0xff,0xfc,
    0xff,0xff,0xff,0xff,0xff,0xff,0xff,0xff,0xff,0xff,0xff,0xff,0xff,0xff,0xff,0xff,0xff,0xff,0xff,0xff,0xff,0xff,0xff,0xff,
    0xff,0xff,0xff,0xff,0xff,0xfc,0xff,0xe7,0x2a,0x00,0x04,0x00,0x00,0x00,0x00,0x00,0x00,0x00,0x00,0x9d,0xfe,0xfb,0xfe,0xfe,
    0xfe,0xfe,0xfe,0xfe,0xfe,0xfe,0xfe,0xfe,0xfe,0xfe,0xfe,0xfe,0xfe,0xfe,0xfe,0xfe,0xff,0xff,0xff,0xff,0xff,0xff,0xff,0xff,
    0xff,0xff,0xff,0xff,0xfc,0xff,0xe7,0x2a,0x00,0x04,0x00,0x00,0x00,0x00,0x00,0x00,0x00,0x9d,0xff,0xfb,0xff,0xff,0xff,0xff,
    0xff,0xff,0xff,0xff,0xff,0xff,0xff,0xff,0xff,0xff,0xff,0xff,0xff,0xff,0xff,0xff,0xff,0xff,0xff,0xff,0xff,0xff,0xff,0xff,
    0xff,0xff,0xff,0xfc,0xff,0xe7,0x2a,0x00,0x04,0x00,0x00,0x00,0x00,0x00,0x00,0x9d,0xff,0xfb,0xff,0xff,0xff,0xff,0xff,0xff,
    0xff,0xff,0xff,0xff,0xff,0xff,0xff,0xff,0xff,0xff,0xff,0xff,0xff,0xff,0xff,0xff,0xff,0xff,0xff,0xff,0xff,0xff,0xff,0xff,
    0xff,0xff,0xfc,0xff,0xe7,0x2a,0x00,0x04,0x00,0x00,0x00,0x00,0x00,0x9d,0xff,0xfb,0xff,0xff,0xff,0xff,0xff,0xff,0xff,0xff,
    0xff,0xff,0xff,0xff,0xff,0xff,0xff,0xff,0xff,0xff,0xff,0xff,0xff,0xff,0xff,0xff,0xff,0xff,0xff,0xff,0xff,0xff,0xff,0xff,
    0xff,0xfc,0xff,0xe7,0x2a,0x00,0x04,0x00,0x00,0x00,0x00,0x9d,0xff,0xfb,0xff,0xff,0xff,0xff,0xff,0xff,0xff,0xff,0xff,0xff,
    0xff,0xff,0xff,0xff,0xff,0xff,0xff,0xff,0xff,0xff,0xff,0xff,0xff,0xff,0xff,0xff,0xff,0xff,0xff,0xff,0xff,0xff,0xff,0xff,
    0xfc,0xff,0xe7,0x2a,0x00,0x04,0x00,0x00,0x00,0x9d,0xff,0xfb,0xff,0xff,0xff,0xff,0xff,0xff,0xff,0xff,0xff,0xff,0xff,0xff,
    0xff,0xff,0xff,0xff,0xff,0xff,0xff,0xff,0xff,0xff,0xff,0xff,0xff,0xff,0xff,0xff,0xff,0xff,0xff,0xff,0xff,0xff,0xff,0xfc,
    0xff,0xe7,0x2a,0x00,0x04,0x00,0x00,0x9d,0xff,0xfb,0xff,0xff,0xff,0xff,0xff,0xff,0xff,0xff,0xff,0xff,0xff,0xff,0xff,0xff,
    0xff,0xff,0xff,0xff,0xff,0xff,0xff,0xff,0xff,0xff,0xff,0xff,0xff,0xff,0xff,0xff,0xff,0xff,0xff,0xff,0xff,0xff,0xfc,0xff,
    0xe7,0x2a,0x00,0x02,0x00,0x9d,0xff,0xfb,0xff,0xff,0xff,0xff,0xff,0xff,0xff,0xff,0xff,0xff,0xff,0xff,0xff,0xff,0xff,0xff,
    0xff,0xff,0xff,0xff,0xff,0xff,0xff,0xff,0xff,0xff,0xff,0xff,0xff,0xff,0xff,0xff,0xff,0xff,0xff,0xff,0xff,0xfc,0xff,0xe9,
    0x35,0x01,0x00,0x9d,0xff,0xfb,0xff,0xff,0xff,0xff,0xff,0xff,0xff,0xff,0xff,0xff,0xff,0xff,0xff,0xff,0xff,0xff,0xff,0xff,
    0xff,0xff,0xff,0xff,0xff,0xff,0xff,0xff,0xff,0xff,0xff,0xff,0xff,0xff,0xff,0xff,0xff,0xff,0xff,0xfd,0xfe,0xf9,0x43,0x00,
    0x00,0x9d,0xff,0xfb,0xff,0xff,0xff,0xff,0xff,0xff,0xff,0xff,0xff,0xff,0xff,0xff,0xff,0xff,0xff,0xff,0xff,0xff,0xff,0xff,
    0xff,0xff,0xff,0xff,0xff,0xff,0xff,0xff,0xff,0xff,0xff,0xff,0xff,0xff,0xff,0xff,0xfd,0xff,0xf5,0x3f,0x00,0x02,0x00,0x9d,
    0xff,0xfb,0xff,0xff,0xff,0xff,0xff,0xff,0xff,0xff,0xff,0xff,0xff,0xff,0xff,0xff,0xff,0xff,0xff,0xff,0xff,0xff,0xff,0xff,
    0xff,0xff,0xff,0xff,0xff,0xff,0xff,0xff,0xff,0xff,0xff,0xff,0xff,0xfd,0xff,0xf5,0x40,0x00,0x04,0x00,0x00,0x9d,0xff,0xfb,
    0xff,0xff,0xff,0xff,0xff,0xff,0xff,0xff,0xff,0xff,0xff,0xff,0xff,0xff,0xff,0xff,0xff,0xff,0xff,0xff,0xff,0xff,0xff,0xff,
    0xff,0xff,0xff,0xff,0xff,0xff,0xff,0xff,0xff,0xff,0xfd,0xff,0xf5,0x40,0x00,0x04,0x00,0x00,0x00,0x9d,0xff,0xfb,0xff,0xff,
    0xff,0xff,0xff,0xff,0xff,0xff,0xff,0xff,0xff,0xff,0xff,0xff,0xff,0xff,0xff,0xff,0xff,0xff,0xff,0xff,0xff,0xff,0xff,0xff,
    0xff,0xff,0xff,0xff,0xff,0xff,0xff,0xfd,0xff,0xf5,0x40,0x00,0x04,0x00,0x00,0x00,0x00,0x9d,0xff,0xfb,0xff,0xff,0xff,0xff,
    0xff,0xff,0xff,0xff,0xff,0xff,0xff,0xff,0xff,0xff,0xff,0xff,0xff,0xff,0xff,0xff,0xff,0xff,0xff,0xff,0xff,0xff,0xff,0xff,
    0xff,0xff,0xff,0xff,0xfd,0xff,0xf5,0x40,0x00,0x04,0x00,0x00,0x00,0x00,0x00,0x9d,0xff,0xfb,0xff,0xff,0xff,0xff,0xff,0xff,
    0xff,0xff,0xff,0xff,0xff,0xff,0xff,0xff,0xff,0xff,0xff,0xff,0xff,0xff,0xff,0xff,0xff,0xff,0xff,0xff,0xff,0xff,0xff,0xff,
    0xff,0xfd,0xff,0xf5,0x40,0x00,0x04,0x00,0x00,0x00,0x00,0x00,0x00,0x9d,0xfe,0xfb,0xfe,0xfe,0xfe,0xfe,0xfe,0xfe,0xfe,0xfe,
    0xfe,0xfe,0xfe,0xfe,0xfe,0xfe,0xfe,0xfe,0xfe,0xfe,0xff,0xff,0xff,0xff,0xff,0xff,0xff,0xff,0xff,0xff,0xff,0xff,0xfd,0xff,
    0xf5,0x40,0x00,0x04,0x00,0x00,0x00,0x00,0x00,0x00,0x00,0x9d,0xff,0xfc,0xff,0xff,0xff,0xff,0xff,0xff,0xff,0xff,0xff,0xff,
    0xff,0xff,0xff,0xff,0xff,0xff,0xff,0xff,0xff,0xff,0xff,0xff,0xff,0xff,0xff,0xff,0xff,0xff,0xff,0xfc,0xff,0xf5,0x40,0x00,
    0x04,0x00,0x00,0x00,0x00,0x00,0x00,0x00,0x00,0x9d,0xff,0xfb,0xff,0xff,0xff,0xff,0xff,0xff,0xff,0xff,0xff,0xff,0xff,0xff,
    0xff,0xff,0xff,0xff,0xff,0xff,0xff,0xff,0xff,0xff,0xff,0xff,0xff,0xff,0xff,0xff,0xfc,0xff,0xf5,0x40,0x00,0x04,0x00,0x00,
    0x00,0x00,0x00,0x00,0x00,0x00,0x00,0x18,0x27,0x27,0x27,0x27,0x27,0x27,0x27,0x27,0x27,0x27,0x27,0x27,0x27,0x27,0x27,0x27,
    0x27,0x27,0x29,0x27,0x48,0xff,0xff,0xfe,0xff,0xff,0xff,0xff,0xff,0xfc,0xff,0xeb,0x40,0x00,0x04,0x00,0x00,0x00,0x00,0x00,
    0x00,0x00,0x00,0x00,0x00,0x00,0x00,0x00,0x00,0x00,0x00,0x00,0x00,0x00,0x00,0x00,0x00,0x00,0x00,0x00,0x00,0x00,0x00,0x00,
    0x00,0x00,0x1f,0xff,0xff,0xfe,0xff,0xff,0xff,0xff,0xfc,0xff,0xe7,0x2b,0x00,0x04,0x00,0x00,0x00,0x00,0x00,0x00,0x00,0x00,
    0x00,0x00,0x00,0x01,0x02,0x02,0x02,0x02,0x02,0x02,0x02,0x02,0x02,0x02,0x02,0x02,0x02,0x02,0x02,0x02,0x02,0x02,0x04,0x02,
    0x29,0xff,0xff,0xfe,0xff,0xff,0xff,0xfc,0xff,0xe7,0x2a,0x00,0x04,0x00,0x00,0x00,0x00,0x00,0x00,0x00,0x00,0x00,0x00,0x00,
    0x00,0x00,0x00,0x00,0x00,0x00,0x00,0x00,0x00,0x00,0x00,0x00,0x00,0x00,0x00,0x00,0x00,0x00,0x00,0x00,0x02,0x00,0x27,0xff,
    0xff,0xfe,0xff,0xff,0xfc,0xff,0xe7,0x2a,0x00,0x04,0x00,0x00,0x00,0x00,0x00,0x00,0x00,0x00,0x00,0x00,0x00,0x00,0x00,0x00,
    0x00,0x00,0x00,0x00,0x00,0x00,0x00,0x00,0x00,0x00,0x00,0x00,0x00,0x00,0x00,0x00,0x00,0x00,0x02,0x00,0x27,0xff,0xff,0xfe,
    0xff,0xfc,0xff,0xe7,0x2a,0x00,0x04,0x00,0x00,0x00,0x00,0x00,0x00,0x00,0x00,0x00,0x00,0x00,0x00,0x00,0x00,0x00,0x00,0x00,
    0x00,0x00,0x00,0x00,0x00,0x00,0x00,0x00,0x00,0x00,0x00,0x00,0x00,0x00,0x00,0x00,0x02,0x00,0x27,0xff,0xff,0xfe,0xfc,0xff,
    0xe7,0x2a,0x00,0x04,0x00,0x00,0x00,0x00,0x00,0x00,0x00,0x00,0x00,0x00,0x00,0x00,0x00,0x00,0x00,0x00,0x00,0x00,0x00,0x00,
    0x00,0x00,0x00,0x00,0x00,0x00,0x00,0x00,0x00,0x00,0x00,0x00,0x00,0x00,0x02,0x00,0x27,0xff,0xff,0xfb,0xff,0xe7,0x2a,0x00,
    0x04,0x00,0x00,0x00,0x00,0x00,0x00,0x00,0x00,0x00,0x00,0x00,0x00,0x00,0x00,0x00,0x00,0x00,0x00,0x00,0x00,0x00,0x00,0x00,
    0x00,0x00,0x00,0x00,0x00,0x00,0x00,0x00,0x00,0x00,0x00,0x00,0x02,0x00,0x27,0xff,0xfc,0xff,0xe7,0x2a,0x00,0x04,0x00,0x00,
    0x00,0x00,0x00,0x00,0x00,0x00,0x00,0x00,0x00,0x00,0x00,0x00,0x00,0x00,0x00,0x00,0x00,0x00,0x00,0x00,0x00,0x00,0x00,0x00,
    0x00,0x00,0x00,0x00,0x00,0x00,0x00,0x00,0x00,0x00,0x02,0x00,0x28,0xfc,0xff,0xe6,0x2a,0x00,0x04,0x00,0x00,0x00,0x00,0x00,
    0x00,0x00,0x00,0x00,0x00,0x00,0x00,0x00,0x00,0x00,0x00,0x00,0x00,0x00,0x00,0x00,0x00,0x00,0x00,0x00,0x00,0x00,0x00,0x00,
    0x00,0x00,0x00,0x00,0x00,0x00,0x00,0x00,0x02,0x00,0x24,0xff,0xe7,0x2a,0x00,0x04,0x00,0x00,0x00,0x00,0x00,0x00,0x00,0x00,
    0x00,0x00,0x00,0x00,0x00,0x00,0x00,0x00,0x00,0x00,0x00,0x00,0x00,0x00,0x00,0x00,0x00,0x00,0x00,0x00,0x00,0x00,0x00,0x00,
    0x00,0x00,0x00,0x00,0x00,0x00,0x02,0x00,0x30,0xe7,0x2b,0x00,0x04,0x00,0x00,0x00,0x00,0x00,0x00,0x00,0x00,0x00,0x00,0x00,
    0x00,0x00,0x00,0x00,0x00,0x00,0x00,0x00,0x00,0x00,0x00,0x00,0x00,0x00,0x00,0x00,0x00,0x00,0x00,0x00,0x00,0x00,0x00,0x00,
    0x00,0x00,0x00,0x00,0x01,0x00,0x1d,0x2a,0x00,0x03,0x00,0x00,0x00,0x00,0x00,0x00,0x00,0x00,0x00,0x00,0x00,0x00,0x00,0x00,
    0x00,0x00,0x00,0x00,0x00,0x00,0x00,0x00,0x00,0x00,0x00,0x00,0x00,0x00,0x00,0x00,0x00,0x00,0x00,0x00,0x00,0x00,0x00,0x00,
    0x00,0x00,0x00,0x00,0x00,0x00,0x02,0x00,0x00,0x00,0x00,0x00,0x00,0x00,0x00,0x00,0x00,0x00,0x00,0x00,0x00,0x00,0x00,0x00,
    0x00,0x00,0x00,0x00,
};
const lv_img_dsc_t img_blink_r_outline = {
    .header.cf = LV_IMG_CF_ALPHA_8BIT, .header.always_zero = 0, .header.reserved = 0,
    .header.w = 46, .header.h = 46, .data_size = 2116, .data = img_blink_r_outline_map,
};

static const uint8_t img_blink_r_fill_map[] = {
    0x00,0x00,0x00,0x00,0x00,0x00,0x00,0x00,0x00,0x00,0x00,0x00,0x00,0x00,0x00,0x00,0x00,0x00,0x00,0x00,0x00,0x00,0x00,0x00,
    0x00,0x00,0x00,0x00,0x00,0x00,0x00,0x00,0x00,0x00,0x00,0x00,0x00,0x00,0x00,0x00,0x00,0x00,0x00,0x00,0x00,0x00,0x00,0x00,
    0x00,0x00,0x00,0x00,0x00,0x00,0x00,0x00,0x00,0x00,0x00,0x00,0x00,0x00,0x00,0x00,0x00,0x00,0x00,0x00,0x00,0x00,0x00,0x00,
    0x00,0x00,0x00,0x00,0x00,0x00,0x00,0x00,0x00,0x00,0x00,0x00,0x00,0x00,0x00,0x00,0x00,0x00,0x00,0x00,0x00,0x00,0x00,0x00,
    0x00,0x00,0x00,0x00,0x00,0x00,0x00,0x00,0x00,0x00,0x00,0x00,0x00,0x00,0x00,0x00,0x00,0x00,0x00,0x00,0x02,0x00,0x00,0x00,
    0x00,0x00,0x00,0x00,0x00,0x00,0x00,0x00,0x00,0x00,0x00,0x00,0x00,0x00,0x00,0x00,0x00,0x00,0x00,0x00,0x00,0x00,0x00,0x00,
    0x00,0x00,0x00,0x00,0x00,0x00,0x00,0x00,0x00,0x00,0x00,0x00,0x00,0x00,0x00,0x00,0x00,0x01,0x00,0x02,0x00,0x00,0x00,0x00,
    0x00,0x00,0x00,0x00,0x00,0x00,0x00,0x00,0x00,0x00,0x00,0x00,0x00,0x00,0x00,0x00,0x00,0x00,0x00,0x00,0x00,0x00,0x00,0x00,
    0x00,0x00,0x00,0x00,0x00,0x00,0x00,0x00,0x00,0x00,0x00,0x00,0x00,0x02,0x00,0x2d,0x6f,0x00,0x04,0x00,0x00,0x00,0x00,0x00,
    0x00,0x00,0x00,0x00,0x00,0x00,0x00,0x00,0x00,0x00,0x00,0x00,0x00,0x00,0x00,0x00,0x00,0x00,0x00,0x00,0x00,0x00,0x00,0x00,
    0x00,0x00,0x00,0x00,0x00,0x00,0x00,0x00,0x00,0x00,0x00,0x02,0x00,0x27,0xff,0x5a,0x00,0x04,0x00,0x00,0x00,0x00,0x00,0x00,
    0x00,0x00,0x00,0x00,0x00,0x00,0x00,0x00,0x00,0x00,0x00,0x00,0x00,0x00,0x00,0x00,0x00,0x00,0x00,0x00,0x00,0x00,0x00,0x00,
    0x00,0x00,0x00,0x00,0x00,0x00,0x00,0x00,0x00,0x02,0x00,0x25,0xf7,0xfc,0x55,0x00,0x04,0x00,0x00,0x00,0x00,0x00,0x00,0x00,
    0x00,0x00,0x00,0x00,0x00,0x00,0x00,0x00,0x00,0x00,0x00,0x00,0x00,0x00,0x00,0x00,0x00,0x00,0x00,0x00,0x00,0x00,0x00,0x00,
    0x00,0x00,0x00,0x00,0x00,0x00,0x00,0x02,0x00,0x26,0xf6,0xf8,0xfd,0x49,0x00,0x05,0x00,0x00,0x00,0x00,0x00,0x00,0x00,0x00,
    0x00,0x00,0x00,0x00,0x00,0x00,0x00,0x00,0x00,0x00,0x00,0x00,0x00,0x00,0x00,0x00,0x00,0x00,0x00,0x00,0x00,0x00,0x00,0x00,
    0x00,0x00,0x00,0x00,0x00,0x02,0x00,0x26,0xf7,0xf6,0xf8,0xf1,0x3d,0x00,0x04,0x00,0x00,0x00,0x00,0x00,0x00,0x00,0x00,0x00,
    0x00,0x00,0x00,0x00,0x00,0x00,0x00,0x00,0x00,0x00,0x00,0x00,0x00,0x00,0x00,0x00,0x00,0x00,0x00,0x00,0x00,0x00,0x00,0x00,
    0x00,0x00,0x00,0x02,0x00,0x26,0xf6,0xf7,0xf3,0xfa,0xf1,0x39,0x00,0x04,0x00,0x00,0x00,0x00,0x00,0x00,0x00,0x00,0x00,0x00,
    0x00,0x00,0x00,0x00,0x00,0x00,0x00,0x00,0x00,0x00,0x00,0x00,0x00,0x00,0x00,0x00,0x00,0x00,0x00,0x00,0x00,0x00,0x00,0x00,
    0x00,0x02,0x00,0x26,0xf5,0xf6,0xf5,0xf2,0xfb,0xe6,0x28,0x00,0x03,0x00,0x00,0x00,0x00,0x00,0x00,0x00,0x00,0x00,0x00,0x00,
    0x00,0x00,0x00,0x00,0x00,0x00,0x00,0x00,0x00,0x00,0x00,0x00,0x00,0x00,0x00,0x00,0x00,0x00,0x00,0x00,0x00,0x00,0x00,0x02,
    0x00,0x26,0xf4,0xf5,0xf4,0xf4,0xf1,0xfb,0xe1,0x28,0x00,0x03,0x00,0x00,0x00,0x00,0x00,0x00,0x00,0x00,0x00,0x00,0x00,0x00,
    0x00,0x00,0x00,0x00,0x00,0x00,0x00,0x00,0x00,0x00,0x00,0x00,0x00,0x00,0x00,0x00,0x00,0x00,0x00,0x00,0x00,0x02,0x00,0x25,
    0xf3,0xf4,0xf3,0xf3,0xf3,0xef,0xfd,0xdb,0x16,0x00,0x02,0x00,0x00,0x00,0x00,0x00,0x00,0x00,0x00,0x00,0x00,0x00,0x00,0x00,
    0x00,0x01,0x04,0x04,0x04,0x04,0x04,0x04,0x04,0x04,0x04,0x04,0x04,0x04,0x04,0x04,0x04,0x04,0x04,0x06,0x04,0x28,0xf2,0xf3,
    0xf2,0xf2,0xf2,0xf3,0xee,0xfc,0xce,0x16,0x00,0x02,0x00,0x00,0x00,0x00,0x00,0x00,0x00,0x00,0x00,0x00,0x00,0x00,0x00,0x00,
    0x00,0x00,0x00,0x00,0x00,0x00,0x00,0x00,0x00,0x00,0x00,0x00,0x00,0x00,0x00,0x00,0x00,0x00,0x00,0x16,0xf1,0xf2,0xf1,0xf1,
    0xf1,0xf1,0xf1,0xed,0xfe,0xcc,0x0d,0x00,0x02,0x00,0x00,0x00,0x00,0x00,0x00,0x00,0x00,0x00,0x00,0x01,0x00,0x12,0x78,0x78,
    0x78,0x78,0x78,0x78,0x78,0x78,0x78,0x78,0x78,0x78,0x78,0x78,0x78,0x78,0x78,0x79,0x78,0x8a,0xf0,0xf1,0xf0,0xf0,0xf0,0xf0,
    0xf0,0xf1,0xeb,0xff,0xb7,0x09,0x00,0x02,0x00,0x00,0x00,0x00,0x00,0x00,0x00,0x00,0x00,0x02,0x00,0x28,0xff,0xff,0xff,0xff,
    0xff,0xff,0xff,0xff,0xff,0xff,0xff,0xff,0xff,0xff,0xff,0xff,0xff,0xff,0xff,0xfe,0xef,0xef,0xef,0xef,0xef,0xef,0xef,0xef,
    0xef,0xea,0xff,0xb6,0x08,0x02,0x02,0x00,0x00,0x00,0x00,0x00,0x00,0x00,0x00,0x02,0x00,0x24,0xea,0xeb,0xea,0xea,0xea,0xea,
    0xea,0xea,0xea,0xea,0xea,0xea,0xea,0xea,0xea,0xea,0xea,0xea,0xea,0xeb,0xee,0xee,0xee,0xee,0xee,0xee,0xee,0xee,0xee,0xee,
    0xe9,0xff,0xa3,0x00,0x02,0x01,0x00,0x00,0x00,0x00,0x00,0x00,0x00,0x02,0x00,0x24,0xed,0xed,0xed,0xed,0xed,0xed,0xed,0xed,
    0xed,0xed,0xed,0xed,0xed,0xed,0xed,0xed,0xed,0xed,0xed,0xed,0xed,0xed,0xed,0xed,0xed,0xed,0xed,0xed,0xed,0xed,0xed,0xe8,
    0xfe,0x9c,0x01,0x03,0x01,0x00,0x00,0x00,0x00,0x00,0x00,0x02,0x00,0x24,0xec,0xec,0xec,0xec,0xec,0xec,0xec,0xec,0xec,0xec,
    0xec,0xec,0xec,0xec,0xec,0xec,0xec,0xec,0xec,0xec,0xec,0xec,0xec,0xec,0xec,0xec,0xec,0xec,0xec,0xec,0xec,0xec,0xe7,0xff,
    0x91,0x00,0x04,0x01,0x00,0x00,0x00,0x00,0x00,0x02,0x00,0x24,0xeb,0xeb,0xeb,0xeb,0xeb,0xeb,0xeb,0xeb,0xeb,0xeb,0xeb,0xeb,
    0xeb,0xeb,0xeb,0xeb,0xeb,0xeb,0xeb,0xeb,0xeb,0xeb,0xeb,0xeb,0xeb,0xeb,0xeb,0xeb,0xeb,0xeb,0xeb,0xeb,0xeb,0xe7,0xfb,0x82,
    0x00,0x04,0x00,0x00,0x00,0x00,0x00,0x02,0x00,0x24,0xea,0xea,0xea,0xea,0xea,0xea,0xea,0xea,0xea,0xea,0xea,0xea,0xea,0xea,
    0xea,0xea,0xea,0xea,0xea,0xea,0xea,0xea,0xea,0xea,0xea,0xea,0xea,0xea,0xea,0xea,0xea,0xea,0xea,0xea,0xe7,0xfd,0x7e,0x00,
    0x02,0x00,0x00,0x00,0x00,0x02,0x00,0x24,0xe9,0xe9,0xe9,0xe9,0xe9,0xe9,0xe9,0xe9,0xe9,0xe9,0xe9,0xe9,0xe9,0xe9,0xe9,0xe9,
    0xe9,0xe9,0xe9,0xe9,0xe9,0xe9,0xe9,0xe9,0xe9,0xe9,0xe9,0xe9,0xe9,0xe9,0xe9,0xe9,0xe9,0xe9,0xe9,0xe6,0xf7,0x72,0x01,0x02,
    0x00,0x00,0x00,0x02,0x00,0x24,0xe8,0xe8,0xe8,0xe8,0xe8,0xe8,0xe8,0xe8,0xe8,0xe8,0xe8,0xe8,0xe8,0xe8,0xe8,0xe8,0xe8,0xe8,
    0xe8,0xe8,0xe8,0xe8,0xe8,0xe8,0xe8,0xe8,0xe8,0xe8,0xe8,0xe8,0xe8,0xe8,0xe8,0xe8,0xe8,0xe3,0xf9,0x87,0x01,0x02,0x00,0x00,
    0x00,0x02,0x00,0x24,0xe7,0xe7,0xe7,0xe7,0xe7,0xe7,0xe7,0xe7,0xe7,0xe7,0xe7,0xe7,0xe7,0xe7,0xe7,0xe7,0xe7,0xe7,0xe7,0xe7,
    0xe7,0xe7,0xe7,0xe7,0xe7,0xe7,0xe7,0xe7,0xe7,0xe7,0xe7,0xe7,0xe7,0xe7,0xe3,0xfa,0x93,0x00,0x02,0x00,0x00,0x00,0x00,0x02,
    0x00,0x23,0xe6,0xe6,0xe6,0xe6,0xe6,0xe6,0xe6,0xe6,0xe6,0xe6,0xe6,0xe6,0xe6,0xe6,0xe6,0xe6,0xe6,0xe6,0xe6,0xe6,0xe6,0xe6,
    0xe6,0xe6,0xe6,0xe6,0xe6,0xe6,0xe6,0xe6,0xe6,0xe6,0xe6,0xe1,0xf6,0x98,0x01,0x03,0x01,0x00,0x00,0x00,0x00,0x02,0x00,0x23,
    0xe5,0xe5,0xe5,0xe5,0xe5,0xe5,0xe5,0xe5,0xe5,0xe5,0xe5,0xe5,0xe5,0xe5,0xe5,0xe5,0xe5,0xe5,0xe5,0xe5,0xe5,0xe5,0xe5,0xe5,
    0xe5,0xe5,0xe5,0xe5,0xe5,0xe5,0xe5,0xe5,0xe0,0xf7,0xa3,0x00,0x02,0x01,0x00,0x00,0x00,0x00,0x00,0x02,0x00,0x23,0xe4,0xe4,
    0xe4,0xe4,0xe4,0xe4,0xe4,0xe4,0xe4,0xe4,0xe4,0xe4,0xe4,0xe4,0xe4,0xe4,0xe4,0xe4,0xe4,0xe4,0xe4,0xe4,0xe4,0xe4,0xe4,0xe4,
    0xe4,0xe4,0xe4,0xe4,0xe4,0xdf,0xf3,0xae,0x09,0x02,0x02,0x00,0x00,0x00,0x00,0x00,0x00,0x02,0x00,0x22,0xe0,0xe0,0xe0,0xe0,
    0xe0,0xe0,0xe0,0xe0,0xe0,0xe0,0xe0,0xe0,0xe0,0xe0,0xe0,0xe0,0xe0,0xe0,0xe0,0xe0,0xe3,0xe3,0xe3,0xe3,0xe3,0xe3,0xe3,0xe3,
    0xe3,0xe4,0xde,0xf2,0xb0,0x09,0x00,0x02,0x00,0x00,0x00,0x00,0x00,0x00,0x00,0x02,0x00,0x25,0xf1,0xf1,0xf1,0xf1,0xf1,0xf1,
    0xf1,0xf1,0xf1,0xf1,0xf1,0xf1,0xf1,0xf1,0xf1,0xf1,0xf1,0xf1,0xf1,0xef,0xe2,0xe2,0xe2,0xe2,0xe2,0xe2,0xe2,0xe2,0xe3,0xde,
    0xef,0xc1,0x11,0x00,0x02,0x00,0x00,0x00,0x00,0x00,0x00,0x00,0x00,0x01,0x00,0x16,0x8d,0x8d,0x8d,0x8d,0x8d,0x8d,0x8d,0x8d,
    0x8d,0x8d,0x8d,0x8d,0x8d,0x8d,0x8d,0x8d,0x8d,0x8d,0x8d,0x9a,0xe1,0xe1,0xe1,0xe1,0xe1,0xe1,0xe1,0xe1,0xdd,0xeb,0xc0,0x15,
    0x00,0x02,0x00,0x00,0x00,0x00,0x00,0x00,0x00,0x00,0x00,0x00,0x00,0x00,0x00,0x00,0x00,0x00,0x00,0x00,0x00,0x00,0x00,0x00,
    0x00,0x00,0x00,0x00,0x00,0x00,0x00,0x00,0x00,0x15,0xe0,0xe0,0xe0,0xe0,0xe0,0xe0,0xe1,0xdd,0xe9,0xcf,0x19,0x00,0x03,0x00,
    0x00,0x00,0x00,0x00,0x00,0x00,0x00,0x00,0x00,0x00,0x00,0x01,0x03,0x03,0x03,0x03,0x03,0x03,0x03,0x03,0x03,0x03,0x03,0x03,
    0x03,0x03,0x03,0x03,0x03,0x05,0x03,0x25,0xdf,0xdf,0xdf,0xdf,0xdf,0xdf,0xdc,0xe6,0xcf,0x24,0x00,0x03,0x00,0x00,0x00,0x00,
    0x00,0x00,0x00,0x00,0x00,0x00,0x00,0x00,0x00,0x00,0x00,0x00,0x00,0x00,0x00,0x00,0x00,0x00,0x00,0x00,0x00,0x00,0x00,0x00,
    0x00,0x00,0x00,0x02,0x00,0x22,0xde,0xde,0xde,0xde,0xde,0xdb,0xe4,0xd7,0x24,0x00,0x03,0x00,0x00,0x00,0x00,0x00,0x00,0x00,
    0x00,0x00,0x00,0x00,0x00,0x00,0x00,0x00,0x00,0x00,0x00,0x00,0x00,0x00,0x00,0x00,0x00,0x00,0x00,0x00,0x00,0x00,0x00,0x00,
    0x00,0x02,0x00,0x22,0xdd,0xdd,0xdd,0xdd,0xdb,0xe1,0xdb,0x36,0x00,0x04,0x00,0x00,0x00,0x00,0x00,0x00,0x00,0x00,0x00,0x00,
    0x00,0x00,0x00,0x00,0x00,0x00,0x00,0x00,0x00,0x00,0x00,0x00,0x00,0x00,0x00,0x00,0x00,0x00,0x00,0x00,0x00,0x00,0x00,0x02,
    0x00,0x22,0xdc,0xdc,0xdc,0xda,0xdf,0xdb,0x36,0x00,0x04,0x00,0x00,0x00,0x00,0x00,0x00,0x00,0x00,0x00,0x00,0x00,0x00,0x00,
    0x00,0x00,0x00,0x00,0x00,0x00,0x00,0x00,0x00,0x00,0x00,0x00,0x00,0x00,0x00,0x00,0x00,0x00,0x00,0x00,0x00,0x02,0x00,0x22,
    0xdb,0xdb,0xd9,0xdc,0xe4,0x46,0x00,0x04,0x00,0x00,0x00,0x00,0x00,0x00,0x00,0x00,0x00,0x00,0x00,0x00,0x00,0x00,0x00,0x00,
    0x00,0x00,0x00,0x00,0x00,0x00,0x00,0x00,0x00,0x00,0x00,0x00,0x00,0x00,0x00,0x00,0x00,0x00,0x00,0x02,0x00,0x22,0xda,0xd9,
    0xda,0xe1,0x4a,0x00,0x04,0x00,0x00,0x00,0x00,0x00,0x00,0x00,0x00,0x00,0x00,0x00,0x00,0x00,0x00,0x00,0x00,0x00,0x00,0x00,
    0x00,0x00,0x00,0x00,0x00,0x00,0x00,0x00,0x00,0x00,0x00,0x00,0x00,0x00,0x00,0x00,0x00,0x02,0x00,0x21,0xd8,0xd8,0xe8,0x53,
    0x00,0x04,0x00,0x00,0x00,0x00,0x00,0x00,0x00,0x00,0x00,0x00,0x00,0x00,0x00,0x00,0x00,0x00,0x00,0x00,0x00,0x00,0x00,0x00,
    0x00,0x00,0x00,0x00,0x00,0x00,0x00,0x00,0x00,0x00,0x00,0x00,0x00,0x00,0x00,0x02,0x00,0x20,0xd5,0xe6,0x60,0x00,0x04,0x00,
    0x00,0x00,0x00,0x00,0x00,0x00,0x00,0x00,0x00,0x00,0x00,0x00,0x00,0x00,0x00,0x00,0x00,0x00,0x00,0x00,0x00,0x00,0x00,0x00,
    0x00,0x00,0x00,0x00,0x00,0x00,0x00,0x00,0x00,0x00,0x00,0x00,0x00,0x02,0x00,0x20,0xe7,0x63,0x00,0x04,0x00,0x00,0x00,0x00,
    0x00,0x00,0x00,0x00,0x00,0x00,0x00,0x00,0x00,0x00,0x00,0x00,0x00,0x00,0x00,0x00,0x00,0x00,0x00,0x00,0x00,0x00,0x00,0x00,
    0x00,0x00,0x00,0x00,0x00,0x00,0x00,0x00,0x00,0x00,0x00,0x02,0x00,0x29,0x75,0x00,0x03,0x00,0x00,0x00,0x00,0x00,0x00,0x00,
    0x00,0x00,0x00,0x00,0x00,0x00,0x00,0x00,0x00,0x00,0x00,0x00,0x00,0x00,0x00,0x00,0x00,0x00,0x00,0x00,0x00,0x00,0x00,0x00,
    0x00,0x00,0x00,0x00,0x00,0x00,0x00,0x00,0x00,0x00,0x00,0x04,0x00,0x01,0x00,0x00,0x00,0x00,0x00,0x00,0x00,0x00,0x00,0x00,
    0x00,0x00,0x00,0x00,0x00,0x00,0x00,0x00,0x00,0x00,0x00,0x00,0x00,0x00,0x00,0x00,0x00,0x00,0x00,0x00,0x00,0x00,0x00,0x00,
    0x00,0x00,0x00,0x00,0x00,0x00,0x00,0x00,0x00,0x00,0x01,0x00,0x00,0x00,0x00,0x00,0x00,0x00,0x00,0x00,0x00,0x00,0x00,0x00,
    0x00,0x00,0x00,0x00,0x00,0x00,0x00,0x00,0x00,0x00,0x00,0x00,0x00,0x00,0x00,0x00,0x00,0x00,0x00,0x00,0x00,0x00,0x00,0x00,
    0x00,0x00,0x00,0x00,0x00,0x00,0x00,0x00,0x00,0x00,0x00,0x00,0x00,0x00,0x00,0x00,0x00,0x00,0x00,0x00,0x00,0x00,0x00,0x00,
    0x00,0x00,0x00,0x00,0x00,0x00,0x00,0x00,0x00,0x00,0x00,0x00,0x00,0x00,0x00,0x00,0x00,0x00,0x00,0x00,0x00,0x00,0x00,0x00,
    0x00,0x00,0x00,0x00,0x00,0x00,0x00,0x00,0x00,0x00,0x00,0x00,0x00,0x00,0x00,0x00,0x00,0x00,0x00,0x00,0x00,0x00,0x00,0x00,
    0x00,0x00,0x00,0x00,
};
const lv_img_dsc_t img_blink_r_fill = {
    .header.cf = LV_IMG_CF_ALPHA_8BIT, .header.always_zero = 0, .header.reserved = 0,
    .header.w = 46, .header.h = 46, .data_size = 2116, .data = img_blink_r_fill_map,
};

static const uint8_t img_car_body_map[] = {
    0x00,0x00,0x00,0x00,0x00,0x00,0x00,0x00,0x00,0x00,0x00,0x00,0x00,0x00,0x00,0x00,0x00,0x00,0x00,0x00,0x00,0x00,0x00,0x00,
    0x00,0x00,0x00,0x00,0x00,0x00,0x00,0x01,0x01,0x00,0x00,0x00,0x00,0x00,0x00,0x00,0x00,0x00,0x00,0x00,0x00,0x00,0x00,0x00,
    0x00,0x00,0x00,0x00,0x00,0x00,0x00,0x00,0x00,0x00,0x00,0x00,0x00,0x00,0x00,0x00,0x00,0x00,0x00,0x00,0x00,0x00,0x00,0x00,
    0x00,0x00,0x00,0x00,0x00,0x00,0x00,0x00,0x00,0x00,0x00,0x00,0x00,0x00,0x01,0x02,0x03,0x04,0x03,0x02,0x02,0x00,0x00,0x00,
    0x00,0x00,0x00,0x02,0x02,0x03,0x04,0x03,0x02,0x01,0x00,0x00,0x00,0x00,0x00,0x00,0x00,0x00,0x00,0x00,0x00,0x00,0x00,0x00,
    0x00,0x00,0x00,0x00,0x00,0x00,0x00,0x00,0x00,0x00,0x00,0x00,0x00,0x00,0x00,0x00,0x00,0x00,0x00,0x00,0x00,0x00,0x00,0x00,
    0x00,0x00,0x00,0x02,0x03,0x01,0x00,0x00,0x00,0x00,0x00,0x00,0x00,0x00,0x00,0x00,0x00,0x00,0x00,0x00,0x00,0x00,0x00,0x00,
    0x00,0x00,0x01,0x03,0x02,0x00,0x00,0x00,0x00,0x00,0x00,0x00,0x00,0x00,0x00,0x00,0x00,0x00,0x00,0x00,0x00,0x00,0x00,0x00,
    0x00,0x00,0x00,0x00,0x00,0x00,0x00,0x00,0x00,0x00,0x00,0x00,0x00,0x00,0x00,0x00,0x01,0x03,0x00,0x00,0x00,0x00,0x1b,0x3b,
    0x5c,0x85,0xb1,0xc3,0xc1,0xd2,0xdc,0xdc,0xdc,0xdc,0xd5,0xc1,0xc3,0xb1,0x85,0x5c,0x3b,0x1b,0x00,0x00,0x00,0x00,0x03,0x01,
    0x00,0x00,0x00,0x00,0x00,0x00,0x00,0x00,0x00,0x00,0x00,0x00,0x00,0x00,0x00,0x00,0x00,0x00,0x00,0x00,0x00,0x00,0x00,0x00,
    0x00,0x00,0x00,0x00,0x00,0x00,0x01,0x03,0x00,0x00,0x04,0x29,0x57,0x61,0x6d,0x7c,0x88,0x8c,0x8a,0x87,0x88,0x85,0x83,0x83,
    0x83,0x83,0x84,0x88,0x87,0x8a,0x8c,0x88,0x7c,0x6d,0x61,0x57,0x29,0x04,0x00,0x00,0x03,0x01,0x00,0x00,0x00,0x00,0x00,0x00,
    0x00,0x00,0x00,0x00,0x00,0x00,0x00,0x00,0x00,0x00,0x00,0x00,0x00,0x00,0x00,0x00,0x00,0x00,0x00,0x00,0x00,0x03,0x00,0x00,
    0x17,0x5c,0x95,0xa7,0xb5,0x9d,0x90,0x8b,0x88,0x87,0x87,0x88,0x88,0x89,0x89,0x89,0x89,0x89,0x89,0x88,0x88,0x87,0x87,0x88,
    0x8b,0x90,0x9d,0xb5,0xa7,0x95,0x5c,0x17,0x00,0x00,0x03,0x00,0x00,0x00,0x00,0x00,0x00,0x00,0x00,0x00,0x00,0x00,0x00,0x00,
    0x00,0x00,0x00,0x00,0x00,0x00,0x00,0x00,0x00,0x00,0x00,0x01,0x01,0x00,0x1b,0x74,0xa0,0xa9,0xc3,0xde,0xea,0xf0,0xf3,0xf4,
    0xf4,0xf4,0xf4,0xf4,0xf4,0xf4,0xf4,0xf4,0xf4,0xf4,0xf4,0xf4,0xf4,0xf4,0xf4,0xf4,0xf4,0xf3,0xf0,0xea,0xde,0xc3,0xa9,0xa0,
    0x74,0x1b,0x00,0x01,0x01,0x00,0x00,0x00,0x00,0x00,0x00,0x00,0x00,0x00,0x00,0x00,0x00,0x00,0x00,0x00,0x00,0x00,0x00,0x00,
    0x00,0x00,0x03,0x00,0x00,0x75,0xb2,0x98,0xb2,0xdf,0xec,0xe6,0xe3,0xe2,0xe2,0xe2,0xe2,0xe2,0xe2,0xe2,0xe2,0xe2,0xe2,0xe2,
    0xe2,0xe2,0xe2,0xe2,0xe2,0xe2,0xe2,0xe2,0xe2,0xe2,0xe2,0xe3,0xe6,0xec,0xdf,0xb2,0x98,0xb2,0x75,0x00,0x00,0x03,0x00,0x00,
    0x00,0x00,0x00,0x00,0x00,0x00,0x00,0x00,0x00,0x00,0x00,0x00,0x00,0x00,0x00,0x00,0x00,0x04,0x00,0x1d,0xb8,0xaa,0x85,0xd2,
    0xee,0xe3,0xe1,0xe3,0xe3,0xe3,0xe3,0xe3,0xe3,0xe3,0xe3,0xe3,0xe3,0xe3,0xe3,0xe3,0xe3,0xe3,0xe3,0xe3,0xe3,0xe3,0xe3,0xe3,
    0xe3,0xe3,0xe3,0xe3,0xe3,0xe1,0xe3,0xee,0xd2,0x85,0xaa,0xb8,0x1d,0x00,0x04,0x00,0x00,0x00,0x00,0x00,0x00,0x00,0x00,0x00,
    0x00,0x00,0x00,0x00,0x00,0x00,0x00,0x00,0x04,0x00,0x3b,0xda,0x8b,0x91,0xea,0xe6,0xdf,0xe1,0xe2,0xe2,0xe2,0xe2,0xe2,0xe2,
    0xe2,0xe2,0xe2,0xe2,0xe2,0xe2,0xe2,0xe2,0xe2,0xe2,0xe2,0xe2,0xe2,0xe2,0xe2,0xe2,0xe2,0xe2,0xe2,0xe2,0xe2,0xe2,0xe1,0xdf,
    0xe6,0xea,0x91,0x8b,0xda,0x3b,0x00,0x04,0x00,0x00,0x00,0x00,0x00,0x00,0x00,0x00,0x00,0x00,0x00,0x00,0x00,0x00,0x00,0x04,
    0x00,0x50,0xec,0x6e,0xa0,0xf2,0xde,0xdf,0xe0,0xe0,0xe0,0xe0,0xe0,0xe0,0xe0,0xe0,0xe0,0xe0,0xe0,0xe0,0xe0,0xe0,0xe0,0xe0,
    0xe0,0xe0,0xe0,0xe0,0xe0,0xe0,0xe0,0xe0,0xe0,0xe0,0xe0,0xe0,0xe0,0xe0,0xe0,0xe0,0xdf,0xde,0xf2,0xa0,0x6e,0xec,0x50,0x00,
    0x04,0x00,0x00,0x00,0x00,0x00,0x00,0x00,0x00,0x00,0x00,0x00,0x00,0x00,0x02,0x00,0x3c,0xf5,0x6e,0xa0,0xef,0xdb,0xdf,0xdf,
    0xdf,0xdf,0xdf,0xdf,0xdf,0xdf,0xdf,0xdf,0xdf,0xdf,0xdf,0xdf,0xdf,0xdf,0xdf,0xdf,0xdf,0xdf,0xdf,0xdf,0xdf,0xdf,0xdf,0xdf,
    0xdf,0xdf,0xdf,0xdf,0xdf,0xdf,0xdf,0xdf,0xdf,0xdf,0xdb,0xef,0xa0,0x6e,0xf5,0x3c,0x00,0x02,0x00,0x00,0x00,0x00,0x00,0x00,
    0x00,0x00,0x00,0x00,0x00,0x02,0x02,0x1c,0xf2,0x88,0x83,0xef,0xda,0xdd,0xdd,0xdd,0xdd,0xdd,0xdd,0xdd,0xdd,0xdd,0xdd,0xdd,
    0xdd,0xdd,0xdd,0xdd,0xdd,0xdd,0xdd,0xdd,0xdd,0xdd,0xdd,0xdd,0xdd,0xdd,0xdd,0xdd,0xdd,0xdd,0xdd,0xdd,0xdd,0xdd,0xdd,0xdd,
    0xdd,0xdd,0xdd,0xda,0xef,0x83,0x88,0xf2,0x1c,0x02,0x02,0x00,0x00,0x00,0x00,0x00,0x00,0x00,0x00,0x00,0x00,0x03,0x00,0xb0,
    0xc9,0x57,0xe3,0xdb,0xdc,0xdc,0xdc,0xdc,0xdc,0xdc,0xdc,0xdc,0xdc,0xdc,0xdc,0xdc,0xdc,0xdc,0xdc,0xdc,0xdc,0xdc,0xdc,0xdc,
    0xdc,0xdc,0xdc,0xdc,0xdc,0xdc,0xdc,0xdc,0xdc,0xdc,0xdc,0xdc,0xdc,0xdc,0xdc,0xdc,0xdc,0xdc,0xdc,0xdc,0xdb,0xe3,0x57,0xc9,
    0xb0,0x00,0x03,0x00,0x00,0x00,0x00,0x00,0x00,0x00,0x00,0x00,0x03,0x00,0x42,0xfd,0x58,0xad,0xe5,0xd8,0xdb,0xdb,0xdb,0xdb,
    0xdb,0xdb,0xdb,0xdb,0xdb,0xdb,0xdb,0xdb,0xdb,0xdb,0xdb,0xdb,0xdb,0xdb,0xdb,0xdb,0xdb,0xdb,0xdb,0xdb,0xdb,0xdb,0xdb,0xdb,
    0xdb,0xdb,0xdb,0xdb,0xdb,0xdb,0xdb,0xdb,0xdb,0xdb,0xdb,0xdb,0xd8,0xe5,0xad,0x58,0xfd,0x42,0x00,0x03,0x00,0x00,0x00,0x00,
    0x00,0x00,0x00,0x00,0x02,0x00,0xc2,0xc4,0x55,0xdf,0xd8,0xd9,0xd9,0xd9,0xd9,0xd9,0xd9,0xd9,0xd9,0xd9,0xd9,0xd9,0xd9,0xd9,
    0xd9,0xd9,0xd9,0xd9,0xd9,0xd9,0xd9,0xd9,0xd9,0xd9,0xd9,0xd9,0xd9,0xd9,0xd9,0xd9,0xd9,0xd9,0xd9,0xd9,0xd9,0xd9,0xd9,0xd9,
    0xd9,0xd9,0xd9,0xd9,0xd9,0xd8,0xdf,0x55,0xc4,0xc2,0x00,0x02,0x00,0x00,0x00,0x00,0x00,0x00,0x00,0x02,0x00,0x26,0xfd,0x6f,
    0x90,0xe4,0xd6,0xd8,0xd8,0xd8,0xd8,0xd8,0xd8,0xd8,0xd8,0xd8,0xd8,0xd8,0xd8,0xd8,0xd8,0xd8,0xd8,0xd8,0xd8,0xd8,0xd8,0xd8,
    0xd8,0xd8,0xd8,0xd8,0xd8,0xd8,0xd8,0xd8,0xd8,0xd8,0xd8,0xd8,0xd8,0xd8,0xd8,0xd8,0xd8,0xd8,0xd8,0xd8,0xd8,0xd6,0xe4,0x90,
    0x6f,0xfd,0x26,0x00,0x02,0x00,0x00,0x00,0x00,0x00,0x00,0x04,0x00,0x6e,0xf3,0x50,0xc6,0xda,0xd5,0xd6,0xd6,0xd6,0xd6,0xd6,
    0xd6,0xd6,0xd6,0xd6,0xd6,0xd6,0xd6,0xd6,0xd6,0xd6,0xd6,0xd6,0xd6,0xd6,0xd6,0xd6,0xd6,0xd6,0xd6,0xd6,0xd6,0xd6,0xd6,0xd6,
    0xd6,0xd6,0xd6,0xd6,0xd6,0xd6,0xd6,0xd6,0xd6,0xd6,0xd6,0xd6,0xd6,0xd5,0xda,0xc6,0x50,0xf3,0x6e,0x00,0x04,0x00,0x00,0x00,
    0x00,0x00,0x00,0x03,0x00,0xb1,0xc8,0x55,0xd9,0xd5,0xd5,0xd5,0xd5,0xd5,0xd5,0xd5,0xd5,0xd5,0xd5,0xd5,0xd5,0xd5,0xd5,0xd5,
    0xd5,0xd5,0xd5,0xd5,0xd5,0xd5,0xd5,0xd5,0xd5,0xd5,0xd5,0xd5,0xd5,0xd5,0xd5,0xd5,0xd5,0xd5,0xd5,0xd5,0xd5,0xd5,0xd5,0xd5,
    0xd5,0xd5,0xd5,0xd5,0xd5,0xd5,0xd5,0xd9,0x55,0xc8,0xb1,0x00,0x03,0x00,0x00,0x00,0x00,0x00,0x00,0x00,0x00,0xd7,0xa2,0x69,
    0xdf,0xd2,0xd4,0xd4,0xd4,0xd4,0xd4,0xd4,0xd4,0xd4,0xd4,0xd4,0xd4,0xd4,0xd4,0xd4,0xd4,0xd4,0xd4,0xd4,0xd4,0xd4,0xd4,0xd4,
    0xd4,0xd4,0xd4,0xd4,0xd4,0xd4,0xd4,0xd4,0xd4,0xd4,0xd4,0xd4,0xd4,0xd4,0xd4,0xd4,0xd4,0xd4,0xd4,0xd4,0xd4,0xd4,0xd2,0xdf,
    0x69,0xa2,0xd7,0x00,0x00,0x00,0x00,0x00,0x00,0x00,0x01,0x00,0x0c,0xee,0x8b,0x7d,0xdf,0xd0,0xd2,0xd2,0xd2,0xd2,0xd2,0xd2,
    0xd2,0xd2,0xd2,0xd2,0xd2,0xd2,0xd2,0xd2,0xd2,0xd2,0xd2,0xd2,0xd2,0xd2,0xd2,0xd2,0xd2,0xd2,0xd2,0xd2,0xd2,0xd2,0xd2,0xd2,
    0xd2,0xd2,0xd2,0xd2,0xd2,0xd2,0xd2,0xd2,0xd2,0xd2,0xd2,0xd2,0xd2,0xd2,0xd0,0xdf,0x7d,0x8b,0xee,0x0c,0x00,0x01,0x00,0x00,
    0x00,0x00,0x01,0x00,0x0e,0xef,0x7f,0x7f,0xde,0xcf,0xd1,0xd1,0xd1,0xd1,0xd1,0xd1,0xd1,0xd1,0xd1,0xd1,0xd1,0xd1,0xd1,0xd1,
    0xd1,0xd1,0xd1,0xd1,0xd1,0xd1,0xd1,0xd1,0xd1,0xd1,0xd1,0xd1,0xd1,0xd1,0xd1,0xd1,0xd1,0xd1,0xd1,0xd1,0xd1,0xd1,0xd1,0xd1,
    0xd1,0xd1,0xd1,0xd1,0xd1,0xd1,0xcf,0xde,0x7f,0x7f,0xef,0x0e,0x00,0x01,0x00,0x00,0x00,0x00,0x01,0x00,0x10,0xf0,0x83,0x81,
    0xdc,0xcd,0xcf,0xcf,0xcf,0xcf,0xcf,0xcf,0xcf,0xcf,0xcf,0xcf,0xcf,0xcf,0xcf,0xcf,0xcf,0xcf,0xcf,0xcf,0xcf,0xcf,0xcf,0xcf,
    0xcf,0xcf,0xcf,0xcf,0xcf,0xcf,0xcf,0xcf,0xcf,0xcf,0xcf,0xcf,0xcf,0xcf,0xcf,0xcf,0xcf,0xcf,0xcf,0xcf,0xcf,0xcf,0xcd,0xdc,
    0x81,0x83,0xf0,0x10,0x00,0x01,0x00,0x00,0x00,0x00,0x02,0x00,0x20,0xfb,0x72,0x8f,0xda,0xcc,0xce,0xce,0xce,0xce,0xce,0xce,
    0xce,0xce,0xce,0xce,0xce,0xce,0xce,0xce,0xce,0xce,0xce,0xce,0xce,0xce,0xce,0xce,0xce,0xce,0xce,0xce,0xce,0xce,0xce,0xce,
    0xce,0xce,0xce,0xce,0xce,0xce,0xce,0xce,0xce,0xce,0xce,0xce,0xce,0xce,0xcc,0xda,0x8f,0x72,0xfb,0x20,0x00,0x02,0x00,0x00,
    0x00,0x00,0x02,0x00,0x2e,0xfc,0x66,0x99,0xd7,0xcb,0xcd,0xcd,0xcd,0xcd,0xcd,0xcd,0xcd,0xcd,0xcd,0xcd,0xcd,0xcd,0xcd,0xcd,
    0xcd,0xcd,0xcd,0xcd,0xcd,0xcd,0xcd,0xcd,0xcd,0xcd,0xcd,0xcd,0xcd,0xcd,0xcd,0xcd,0xcd,0xcd,0xcd,0xcd,0xcd,0xcd,0xcd,0xcd,
    0xcd,0xcd,0xcd,0xcd,0xcd,0xcd,0xcb,0xd7,0x99,0x66,0xfc,0x2e,0x00,0x02,0x00,0x00,0x00,0x00,0x03,0x00,0x3f,0xfe,0x5a,0xa3,
    0xd4,0xc9,0xcb,0xcb,0xcb,0xcb,0xcb,0xcb,0xcb,0xcb,0xcb,0xcb,0xcb,0xcb,0xcb,0xcb,0xcb,0xcb,0xcb,0xcb,0xcb,0xcb,0xcb,0xcb,
    0xcb,0xcb,0xcb,0xcb,0xcb,0xcb,0xcb,0xcb,0xcb,0xcb,0xcb,0xcb,0xcb,0xcb,0xcb,0xcb,0xcb,0xcb,0xcb,0xcb,0xcb,0xcb,0xc9,0xd4,
    0xa3,0x5a,0xfe,0x3f,0x00,0x03,0x00,0x00,0x00,0x00,0x04,0x00,0x54,0xfa,0x54,0xad,0xd0,0xc9,0xca,0xca,0xca,0xca,0xca,0xca,
    0xca,0xca,0xca,0xca,0xca,0xca,0xca,0xca,0xca,0xca,0xca,0xca,0xca,0xca,0xca,0xca,0xca,0xca,0xca,0xca,0xca,0xca,0xca,0xca,
    0xca,0xca,0xca,0xca,0xca,0xca,0xca,0xca,0xca,0xca,0xca,0xca,0xca,0xca,0xc9,0xd0,0xad,0x54,0xfa,0x54,0x00,0x04,0x00,0x00,
    0x00,0x00,0x04,0x00,0x65,0xf5,0x4e,0xb4,0xcd,0xc8,0xc9,0xc9,0xc9,0xc9,0xc9,0xc9,0xc9,0xc9,0xc9,0xc9,0xc9,0xc9,0xc9,0xc9,
    0xc9,0xc9,0xc9,0xc9,0xc9,0xc9,0xc9,0xc9,0xc9,0xc9,0xc9,0xc9,0xc9,0xc9,0xc9,0xc9,0xc9,0xc9,0xc9,0xc9,0xc9,0xc9,0xc9,0xc9,
    0xc9,0xc9,0xc9,0xc9,0xc9,0xc9,0xc8,0xcd,0xb4,0x4e,0xf5,0x65,0x00,0x04,0x00,0x00,0x00,0x00,0x04,0x00,0x7d,0xeb,0x4d,0xbd,
    0xca,0xc6,0xc7,0xc7,0xc7,0xc7,0xc7,0xc7,0xc7,0xc7,0xc7,0xc7,0xc7,0xc7,0xc7,0xc7,0xc7,0xc7,0xc7,0xc7,0xc7,0xc7,0xc7,0xc7,
    0xc7,0xc7,0xc7,0xc7,0xc7,0xc7,0xc7,0xc7,0xc7,0xc7,0xc7,0xc7,0xc7,0xc7,0xc7,0xc7,0xc7,0xc7,0xc7,0xc7,0xc7,0xc7,0xc6,0xca,
    0xbd,0x4d,0xeb,0x7d,0x00,0x04,0x00,0x00,0x00,0x00,0x04,0x00,0x93,0xdd,0x4e,0xc3,0xc7,0xc5,0xc6,0xc6,0xc6,0xc6,0xc6,0xc6,
    0xc6,0xc6,0xc6,0xc6,0xc6,0xc6,0xc6,0xc6,0xc6,0xc6,0xc6,0xc6,0xc6,0xc6,0xc6,0xc6,0xc6,0xc6,0xc6,0xc6,0xc6,0xc6,0xc6,0xc6,
    0xc6,0xc6,0xc6,0xc6,0xc6,0xc6,0xc6,0xc6,0xc6,0xc6,0xc6,0xc6,0xc6,0xc6,0xc5,0xc7,0xc3,0x4e,0xdd,0x93,0x00,0x04,0x00,0x00,
    0x00,0x00,0x03,0x00,0xab,0xcf,0x51,0xc7,0xc4,0xc4,0xc4,0xc4,0xc4,0xc4,0xc4,0xc4,0xc4,0xc4,0xc4,0xc4,0xc4,0xc4,0xc4,0xc4,
    0xc4,0xc4,0xc4,0xc4,0xc4,0xc4,0xc4,0xc4,0xc4,0xc4,0xc4,0xc4,0xc4,0xc4,0xc4,0xc4,0xc4,0xc4,0xc4,0xc4,0xc4,0xc4,0xc4,0xc4,
    0xc4,0xc4,0xc4,0xc4,0xc4,0xc4,0xc4,0xc4,0xc7,0x51,0xcf,0xab,0x00,0x03,0x00,0x00,0x00,0x00,0x02,0x00,0xc0,0xbf,0x58,0xca,
    0xc2,0xc3,0xc3,0xc3,0xc3,0xc3,0xc3,0xc3,0xc3,0xc3,0xc3,0xc3,0xc3,0xc3,0xc3,0xc3,0xc3,0xc3,0xc3,0xc3,0xc3,0xc3,0xc3,0xc3,
    0xc3,0xc3,0xc3,0xc3,0xc3,0xc3,0xc3,0xc3,0xc3,0xc3,0xc3,0xc3,0xc3,0xc3,0xc3,0xc3,0xc3,0xc3,0xc3,0xc3,0xc3,0xc3,0xc3,0xc2,
    0xca,0x58,0xbf,0xc0,0x00,0x02,0x00,0x00,0x00,0x00,0x01,0x00,0xd3,0xad,0x5f,0xcb,0xc0,0xc2,0xc2,0xc2,0xc2,0xc2,0xc2,0xc2,
    0xc2,0xc2,0xc2,0xc2,0xc2,0xc2,0xc2,0xc2,0xc2,0xc2,0xc2,0xc2,0xc2,0xc2,0xc2,0xc2,0xc2,0xc2,0xc2,0xc2,0xc2,0xc2,0xc2,0xc2,
    0xc2,0xc2,0xc2,0xc2,0xc2,0xc2,0xc2,0xc2,0xc2,0xc2,0xc2,0xc2,0xc2,0xc2,0xc2,0xc0,0xcb,0x5f,0xad,0xd3,0x00,0x01,0x00,0x00,
    0x00,0x00,0x00,0x02,0xe0,0x9b,0x68,0xcb,0xbe,0xc0,0xc0,0xc0,0xc0,0xc0,0xc0,0xc0,0xc0,0xc0,0xc0,0xc0,0xc0,0xc0,0xc0,0xc0,
    0xc0,0xc0,0xc0,0xc0,0xc0,0xc0,0xc0,0xc0,0xc0,0xc0,0xc0,0xc0,0xc0,0xc0,0xc0,0xc0,0xc0,0xc0,0xc0,0xc0,0xc0,0xc0,0xc0,0xc0,
    0xc0,0xc0,0xc0,0xc0,0xc0,0xc0,0xc0,0xbe,0xcb,0x68,0x9b,0xe0,0x02,0x00,0x00,0x00,0x00,0x01,0x00,0x0c,0xee,0x8b,0x73,0xca,
    0xbd,0xbf,0xbf,0xbf,0xbf,0xbf,0xbf,0xbf,0xbf,0xbf,0xbf,0xbf,0xbf,0xbf,0xbf,0xbf,0xbf,0xbf,0xbf,0xbf,0xbf,0xbf,0xbf,0xbf,
    0xbf,0xbf,0xbf,0xbf,0xbf,0xbf,0xbf,0xbf,0xbf,0xbf,0xbf,0xbf,0xbf,0xbf,0xbf,0xbf,0xbf,0xbf,0xbf,0xbf,0xbf,0xbf,0xbf,0xbd,
    0xca,0x73,0x8b,0xee,0x0c,0x00,0x01,0x00,0x00,0x01,0x00,0x19,0xf6,0x7c,0x7d,0xc8,0xbb,0xbd,0xbd,0xbd,0xbd,0xbd,0xbd,0xbd,
    0xbd,0xbd,0xbd,0xbd,0xbd,0xbd,0xbd,0xbd,0xbd,0xbd,0xbd,0xbd,0xbd,0xbd,0xbd,0xbd,0xbd,0xbd,0xbd,0xbd,0xbd,0xbd,0xbd,0xbd,
    0xbd,0xbd,0xbd,0xbd,0xbd,0xbd,0xbd,0xbd,0xbd,0xbd,0xbd,0xbd,0xbd,0xbd,0xbd,0xbb,0xc8,0x7d,0x7c,0xf6,0x19,0x00,0x01,0x00,
    0x00,0x02,0x00,0x26,0xfc,0x6d,0x88,0xc6,0xba,0xbb,0xbb,0xbb,0xbb,0xbb,0xbb,0xbb,0xbb,0xbb,0xbb,0xbb,0xbb,0xbb,0xbb,0xbb,
    0xbb,0xbb,0xbb,0xbb,0xbb,0xbb,0xbb,0xbb,0xbb,0xbb,0xbb,0xbb,0xbb,0xbb,0xbb,0xbb,0xbb,0xbb,0xbb,0xbb,0xbb,0xbb,0xbb,0xbb,
    0xbb,0xbb,0xbb,0xbb,0xbb,0xbb,0xbb,0xb9,0xc6,0x88,0x6d,0xfc,0x26,0x00,0x02,0x00,0x00,0x03,0x00,0x38,0xfd,0x62,0x93,0xc3,
    0xbc,0xbd,0xbd,0xbd,0xbd,0xbd,0xbd,0xbd,0xbd,0xbd,0xbd,0xbd,0xbd,0xbd,0xbd,0xbd,0xbd,0xbd,0xbd,0xbd,0xbd,0xbd,0xbd,0xbd,
    0xbd,0xbd,0xbd,0xbd,0xbd,0xbd,0xbd,0xbd,0xbd,0xbd,0xbd,0xbd,0xbd,0xbd,0xbd,0xbd,0xbd,0xbd,0xbd,0xbd,0xbd,0xbd,0xbd,0xbc,
    0xc4,0x93,0x62,0xfd,0x38,0x00,0x03,0x00,0x00,0x03,0x00,0x48,0xfd,0x58,0x9b,0xbf,0xb0,0xb1,0xb1,0xb1,0xb1,0xb1,0xb1,0xb1,
    0xb1,0xb1,0xb1,0xb1,0xb1,0xb1,0xb1,0xb1,0xb1,0xb1,0xb1,0xb1,0xb1,0xb1,0xb1,0xb1,0xb1,0xb1,0xb1,0xb1,0xb1,0xb1,0xb1,0xb1,
    0xb1,0xb1,0xb1,0xb1,0xb1,0xb1,0xb1,0xb1,0xb1,0xb1,0xb1,0xb1,0xb1,0xb1,0xb1,0xb0,0xbf,0x9b,0x58,0xfd,0x48,0x00,0x03,0x00,
    0x00,0x04,0x00,0x5e,0xf8,0x50,0x52,0x58,0x46,0x43,0x43,0x43,0x43,0x43,0x43,0x43,0x43,0x43,0x43,0x43,0x43,0x43,0x43,0x43,
    0x43,0x43,0x43,0x43,0x43,0x43,0x43,0x43,0x43,0x43,0x43,0x43,0x43,0x43,0x43,0x43,0x43,0x43,0x43,0x43,0x43,0x43,0x43,0x43,
    0x43,0x43,0x43,0x43,0x43,0x43,0x43,0x44,0x57,0x53,0x50,0xf8,0x5e,0x00,0x04,0x00,0x00,0x04,0x00,0x74,0xf2,0x49,0x40,0x43,
    0x3c,0x36,0x37,0x37,0x37,0x37,0x37,0x37,0x37,0x37,0x37,0x37,0x37,0x37,0x37,0x37,0x37,0x37,0x37,0x37,0x37,0x37,0x37,0x37,
    0x37,0x37,0x37,0x37,0x37,0x37,0x37,0x37,0x37,0x37,0x37,0x37,0x37,0x37,0x37,0x37,0x37,0x37,0x37,0x37,0x37,0x37,0x36,0x3a,
    0x43,0x40,0x49,0xf2,0x74,0x00,0x04,0x00,0x00,0x04,0x00,0x86,0xe8,0x41,0x46,0x48,0x42,0x37,0x38,0x38,0x38,0x38,0x38,0x38,
    0x38,0x38,0x38,0x38,0x38,0x38,0x38,0x38,0x38,0x38,0x38,0x38,0x38,0x38,0x38,0x38,0x38,0x38,0x38,0x38,0x38,0x38,0x38,0x38,
    0x38,0x38,0x38,0x38,0x38,0x38,0x38,0x38,0x38,0x38,0x38,0x38,0x38,0x38,0x37,0x40,0x48,0x46,0x41,0xe8,0x86,0x00,0x04,0x00,
    0x00,0x04,0x00,0x9e,0xda,0x3c,0x46,0x46,0x45,0x36,0x35,0x35,0x35,0x35,0x35,0x35,0x35,0x35,0x35,0x35,0x35,0x35,0x35,0x35,
    0x35,0x35,0x35,0x35,0x35,0x35,0x35,0x35,0x35,0x35,0x35,0x35,0x35,0x35,0x35,0x35,0x35,0x35,0x35,0x35,0x35,0x35,0x35,0x35,
    0x35,0x35,0x35,0x35,0x35,0x35,0x35,0x43,0x47,0x46,0x3c,0xda,0x9e,0x00,0x04,0x00,0x00,0x03,0x00,0xb4,0xcf,0x3f,0x4c,0x47,
    0x47,0x39,0x33,0x34,0x34,0x34,0x34,0x34,0x34,0x34,0x34,0x34,0x34,0x34,0x34,0x34,0x34,0x34,0x34,0x34,0x34,0x34,0x34,0x34,
    0x34,0x34,0x34,0x34,0x34,0x34,0x34,0x34,0x34,0x34,0x34,0x34,0x34,0x34,0x34,0x34,0x34,0x34,0x34,0x34,0x34,0x33,0x37,0x46,
    0x46,0x4c,0x3f,0xd0,0xb4,0x00,0x03,0x00,0x00,0x01,0x00,0xca,0xb4,0x20,0x33,0x42,0x48,0x3d,0x31,0x32,0x32,0x32,0x32,0x32,
    0x32,0x32,0x32,0x32,0x32,0x32,0x32,0x32,0x32,0x32,0x32,0x32,0x32,0x32,0x32,0x32,0x32,0x32,0x32,0x32,0x32,0x32,0x32,0x32,
    0x32,0x32,0x32,0x32,0x32,0x32,0x32,0x32,0x32,0x32,0x32,0x32,0x32,0x30,0x3b,0x48,0x44,0x2f,0x19,0xb2,0xcc,0x00,0x01,0x00,
    0x01,0x00,0x00,0xdc,0x9c,0x13,0x27,0x40,0x48,0x42,0x30,0x30,0x30,0x30,0x30,0x30,0x30,0x30,0x30,0x30,0x30,0x30,0x30,0x30,
    0x30,0x30,0x30,0x30,0x30,0x30,0x30,0x30,0x30,0x30,0x30,0x30,0x30,0x30,0x30,0x30,0x30,0x30,0x30,0x30,0x30,0x30,0x30,0x30,
    0x30,0x30,0x30,0x30,0x30,0x2f,0x3f,0x48,0x44,0x2f,0x19,0x9f,0xdc,0x00,0x00,0x00,0x01,0x00,0x08,0xe5,0x9f,0x3c,0x4d,0x47,
    0x46,0x46,0x32,0x2e,0x2e,0x2e,0x2e,0x2e,0x2e,0x2e,0x2e,0x2e,0x2e,0x2e,0x2e,0x2e,0x2e,0x2e,0x2e,0x2e,0x2e,0x2e,0x2e,0x2e,
    0x2e,0x2e,0x2e,0x2e,0x2e,0x2e,0x2e,0x2e,0x2e,0x2e,0x2e,0x2e,0x2e,0x2e,0x2e,0x2e,0x2e,0x2e,0x2e,0x2e,0x2e,0x30,0x44,0x46,
    0x47,0x4d,0x3d,0x9f,0xe5,0x08,0x00,0x01,0x01,0x00,0x0f,0xee,0x8b,0x39,0x44,0x3c,0x47,0x47,0x37,0x2a,0x2c,0x2c,0x2c,0x2c,
    0x2c,0x2c,0x2c,0x2c,0x2c,0x2c,0x2c,0x2c,0x2c,0x2c,0x2c,0x2c,0x2c,0x2c,0x2c,0x2c,0x2c,0x2c,0x2c,0x2c,0x2c,0x2c,0x2c,0x2c,
    0x2c,0x2c,0x2c,0x2c,0x2c,0x2c,0x2c,0x2c,0x2c,0x2c,0x2c,0x2c,0x2b,0x34,0x47,0x48,0x3d,0x42,0x3a,0x8a,0xf0,0x10,0x00,0x01,
    0x01,0x00,0x0e,0xed,0x8b,0x3a,0x46,0x2c,0x42,0x49,0x3d,0x29,0x2b,0x2b,0x2b,0x2b,0x2b,0x2b,0x2b,0x2b,0x2b,0x2b,0x2b,0x2b,
    0x2b,0x2b,0x2b,0x2b,0x2b,0x2b,0x2b,0x2b,0x2b,0x2b,0x2b,0x2b,0x2b,0x2b,0x2b,0x2b,0x2b,0x2b,0x2b,0x2b,0x2b,0x2b,0x2b,0x2b,
    0x2b,0x2b,0x2b,0x2b,0x29,0x3a,0x48,0x45,0x2c,0x43,0x3b,0x87,0xfc,0x21,0x00,0x02,0x01,0x00,0x0e,0xed,0x8b,0x3a,0x47,0x28,
    0x31,0x48,0x43,0x2b,0x28,0x29,0x29,0x29,0x29,0x29,0x29,0x29,0x29,0x29,0x29,0x29,0x29,0x29,0x29,0x29,0x29,0x29,0x29,0x29,
    0x29,0x29,0x29,0x29,0x29,0x29,0x29,0x29,0x29,0x29,0x29,0x29,0x29,0x29,0x29,0x29,0x29,0x29,0x29,0x29,0x29,0x40,0x4a,0x35,
    0x26,0x44,0x3b,0x87,0xfd,0x23,0x00,0x02,0x01,0x00,0x0e,0xed,0x8b,0x3a,0x47,0x2a,0x25,0x3c,0x49,0x2f,0x25,0x27,0x27,0x28,
    0x28,0x28,0x28,0x28,0x28,0x28,0x28,0x28,0x28,0x28,0x28,0x28,0x28,0x28,0x28,0x28,0x28,0x28,0x28,0x28,0x28,0x28,0x28,0x28,
    0x28,0x28,0x28,0x28,0x28,0x28,0x28,0x28,0x28,0x27,0x27,0x26,0x2c,0x48,0x40,0x27,0x28,0x44,0x3b,0x87,0xfd,0x23,0x00,0x02,
    0x01,0x00,0x0e,0xed,0x8b,0x3a,0x47,0x2a,0x27,0x2a,0x47,0x38,0x23,0x27,0x27,0x23,0x22,0x22,0x22,0x22,0x22,0x22,0x22,0x22,
    0x22,0x22,0x22,0x22,0x22,0x22,0x22,0x22,0x22,0x22,0x22,0x22,0x22,0x22,0x22,0x22,0x22,0x22,0x22,0x22,0x22,0x22,0x22,0x22,
    0x23,0x27,0x27,0x23,0x33,0x49,0x2d,0x26,0x28,0x44,0x3b,0x87,0xfd,0x23,0x00,0x02,0x01,0x00,0x0e,0xed,0x8b,0x3a,0x47,0x2a,
    0x28,0x26,0x35,0x42,0x25,0x1f,0x1b,0x2c,0x30,0x2f,0x30,0x30,0x30,0x30,0x30,0x30,0x30,0x30,0x30,0x30,0x30,0x30,0x30,0x30,
    0x30,0x30,0x30,0x30,0x30,0x30,0x30,0x30,0x30,0x30,0x30,0x30,0x30,0x30,0x30,0x30,0x2d,0x1c,0x1e,0x23,0x3e,0x39,0x25,0x28,
    0x28,0x44,0x3b,0x87,0xfd,0x23,0x00,0x02,0x01,0x00,0x0e,0xed,0x8b,0x3a,0x47,0x2a,0x27,0x28,0x27,0x3f,0x3c,0x51,0xa2,0xc6,
    0xca,0xca,0xca,0xca,0xca,0xca,0xca,0xca,0xca,0xca,0xca,0xca,0xca,0xca,0xca,0xca,0xca,0xca,0xca,0xca,0xca,0xca,0xca,0xca,
    0xca,0xca,0xca,0xca,0xca,0xca,0xca,0xca,0xc8,0xa9,0x5a,0x3a,0x42,0x28,0x28,0x28,0x28,0x44,0x3b,0x87,0xfd,0x23,0x00,0x02,
    0x01,0x00,0x0e,0xed,0x8b,0x3a,0x47,0x2a,0x27,0x29,0x27,0x2f,0x5a,0xcb,0xe2,0xd8,0xd8,0xd8,0xd8,0xd8,0xd8,0xd8,0xd8,0xd8,
    0xd8,0xd8,0xd8,0xd8,0xd8,0xd8,0xd8,0xd8,0xd8,0xd8,0xd8,0xd8,0xd8,0xd8,0xd8,0xd8,0xd8,0xd8,0xd8,0xd8,0xd8,0xd8,0xd8,0xd8,
    0xd8,0xe0,0xd5,0x66,0x31,0x27,0x29,0x28,0x28,0x44,0x3b,0x87,0xfd,0x23,0x00,0x02,0x01,0x00,0x0e,0xed,0x8b,0x3a,0x47,0x2a,
    0x27,0x29,0x28,0x2b,0xa8,0xdf,0xcf,0xd3,0xd4,0xd3,0xd3,0xd3,0xd3,0xd3,0xd3,0xd3,0xd3,0xd3,0xd3,0xd3,0xd3,0xd3,0xd3,0xd3,
    0xd3,0xd3,0xd3,0xd3,0xd3,0xd3,0xd3,0xd3,0xd3,0xd3,0xd3,0xd3,0xd3,0xd3,0xd3,0xd3,0xd3,0xd0,0xdc,0xb9,0x33,0x26,0x29,0x28,
    0x28,0x44,0x3b,0x87,0xfd,0x23,0x00,0x02,0x01,0x00,0x0e,0xed,0x8b,0x3a,0x47,0x2a,0x27,0x29,0x25,0x3a,0xc9,0xd5,0xd3,0xd3,
    0xd3,0xd3,0xd3,0xd3,0xd3,0xd3,0xd3,0xd3,0xd3,0xd3,0xd3,0xd3,0xd3,0xd3,0xd3,0xd3,0xd3,0xd3,0xd3,0xd3,0xd3,0xd3,0xd3,0xd3,
    0xd3,0xd3,0xd3,0xd3,0xd3,0xd3,0xd3,0xd3,0xd3,0xd3,0xd3,0xd3,0x49,0x22,0x2a,0x28,0x28,0x44,0x3b,0x87,0xfd,0x23,0x00,0x02,
    0x01,0x00,0x0e,0xed,0x8b,0x3a,0x47,0x2a,0x27,0x29,0x24,0x3e,0xcb,0xd4,0xd2,0xd2,0xd2,0xd2,0xd2,0xd2,0xd2,0xd2,0xd2,0xd2,
    0xd2,0xd2,0xd2,0xd2,0xd2,0xd2,0xd2,0xd2,0xd2,0xd2,0xd2,0xd2,0xd2,0xd2,0xd2,0xd2,0xd2,0xd2,0xd2,0xd2,0xd2,0xd2,0xd2,0xd2,
    0xd2,0xd3,0xd2,0xd5,0x4e,0x21,0x2a,0x28,0x28,0x44,0x3b,0x87,0xfd,0x23,0x00,0x02,0x01,0x00,0x0e,0xed,0x8b,0x3a,0x47,0x2a,
    0x27,0x29,0x24,0x3d,0xca,0xd4,0xd1,0xd2,0xd2,0xd2,0xd2,0xd2,0xd2,0xd2,0xd2,0xd2,0xd2,0xd2,0xd2,0xd2,0xd2,0xd2,0xd2,0xd2,
    0xd2,0xd2,0xd2,0xd2,0xd2,0xd2,0xd2,0xd2,0xd2,0xd2,0xd2,0xd2,0xd2,0xd2,0xd2,0xd2,0xd2,0xd2,0xd2,0xd3,0x4c,0x21,0x2a,0x28,
    0x28,0x44,0x3b,0x87,0xfd,0x23,0x00,0x02,0x01,0x00,0x0e,0xed,0x8b,0x3a,0x47,0x2a,0x27,0x29,0x24,0x3d,0xca,0xd3,0xd0,0xd1,
    0xd1,0xd1,0xd1,0xd1,0xd1,0xd1,0xd1,0xd1,0xd1,0xd1,0xd1,0xd1,0xd1,0xd1,0xd1,0xd1,0xd1,0xd1,0xd1,0xd1,0xd1,0xd1,0xd1,0xd1,
    0xd1,0xd1,0xd1,0xd1,0xd1,0xd1,0xd1,0xd1,0xd1,0xd1,0xd1,0xd3,0x4c,0x21,0x2a,0x28,0x28,0x44,0x3b,0x87,0xfd,0x23,0x00,0x02,
    0x01,0x00,0x0e,0xed,0x8b,0x3a,0x47,0x2a,0x27,0x29,0x24,0x3d,0xc9,0xd2,0xcf,0xd0,0xd0,0xd0,0xd0,0xd0,0xd0,0xd0,0xd0,0xd0,
    0xd0,0xd0,0xd0,0xd0,0xd0,0xd0,0xd0,0xd0,0xd0,0xd0,0xd0,0xd0,0xd0,0xd0,0xd0,0xd0,0xd0,0xd0,0xd0,0xd0,0xd0,0xd0,0xd0,0xd0,
    0xd0,0xd0,0xd0,0xd2,0x4c,0x21,0x2a,0x28,0x28,0x44,0x3b,0x87,0xfd,0x23,0x00,0x02,0x01,0x00,0x0e,0xed,0x8b,0x3a,0x47,0x2a,
    0x27,0x29,0x24,0x3c,0xc8,0xd1,0xce,0xcf,0xcf,0xcf,0xcf,0xcf,0xcf,0xcf,0xcf,0xcf,0xcf,0xcf,0xcf,0xcf,0xcf,0xcf,0xcf,0xcf,
    0xcf,0xcf,0xcf,0xcf,0xcf,0xcf,0xcf,0xcf,0xcf,0xcf,0xcf,0xcf,0xcf,0xcf,0xcf,0xcf,0xcf,0xcf,0xcf,0xd1,0x4c,0x21,0x2a,0x28,
    0x28,0x44,0x3b,0x87,0xfd,0x23,0x00,0x02,0x01,0x00,0x0e,0xed,0x8b,0x3a,0x47,0x2a,0x27,0x29,0x24,0x3c,0xc7,0xd0,0xcd,0xce,
    0xce,0xce,0xce,0xce,0xce,0xce,0xce,0xce,0xce,0xce,0xce,0xce,0xce,0xce,0xce,0xce,0xce,0xce,0xce,0xce,0xce,0xce,0xce,0xce,
    0xce,0xce,0xce,0xce,0xce,0xce,0xce,0xce,0xce,0xce,0xce,0xd0,0x4c,0x21,0x2a,0x28,0x28,0x44,0x3b,0x87,0xfd,0x23,0x00,0x02,
    0x01,0x00,0x0e,0xed,0x8b,0x3a,0x47,0x2a,0x27,0x29,0x24,0x3c,0xc6,0xcf,0xcc,0xcd,0xcd,0xcd,0xcd,0xcd,0xcd,0xcd,0xcd,0xcd,
    0xcd,0xcd,0xcd,0xcd,0xcd,0xcd,0xcd,0xcd,0xcd,0xcd,0xcd,0xcd,0xcd,0xcd,0xcd,0xcd,0xcd,0xcd,0xcd,0xcd,0xcd,0xcd,0xcd,0xcd,
    0xcd,0xcd,0xcd,0xcf,0x4c,0x21,0x2a,0x28,0x28,0x44,0x3b,0x87,0xfd,0x23,0x00,0x02,0x01,0x00,0x0e,0xed,0x8b,0x3a,0x47,0x2a,
    0x27,0x29,0x24,0x3c,0xc5,0xce,0xcb,0xcc,0xcc,0xcc,0xcc,0xcc,0xcc,0xcc,0xcc,0xcc,0xcc,0xcc,0xcc,0xcc,0xcc,0xcc,0xcc,0xcc,
    0xcc,0xcc,0xcc,0xcc,0xcc,0xcc,0xcc,0xcc,0xcc,0xcc,0xcc,0xcc,0xcc,0xcc,0xcc,0xcc,0xcc,0xcc,0xcc,0xce,0x4c,0x21,0x2a,0x28,
    0x28,0x44,0x3b,0x87,0xfd,0x23,0x00,0x02,0x01,0x00,0x0e,0xed,0x8b,0x3a,0x47,0x2a,0x27,0x29,0x24,0x3c,0xc4,0xcd,0xca,0xcb,
    0xcb,0xcb,0xcb,0xcb,0xcb,0xcb,0xcb,0xcb,0xcb,0xcb,0xcb,0xcb,0xcb,0xcb,0xcb,0xcb,0xcb,0xcb,0xcb,0xcb,0xcb,0xcb,0xcb,0xcb,
    0xcb,0xcb,0xcb,0xcb,0xcb,0xcb,0xcb,0xcb,0xcb,0xcb,0xcb,0xcd,0x4b,0x21,0x2a,0x28,0x28,0x44,0x3b,0x87,0xfd,0x23,0x00,0x02,
    0x01,0x00,0x0e,0xed,0x8b,0x3a,0x47,0x2a,0x27,0x29,0x24,0x3c,0xc3,0xcc,0xc9,0xca,0xca,0xca,0xca,0xca,0xca,0xca,0xca,0xca,
    0xca,0xca,0xca,0xca,0xca,0xca,0xca,0xca,0xca,0xca,0xca,0xca,0xca,0xca,0xca,0xca,0xca,0xca,0xca,0xca,0xca,0xca,0xca,0xca,
    0xca,0xca,0xca,0xcc,0x4b,0x21,0x2a,0x28,0x28,0x44,0x3b,0x87,0xfd,0x23,0x00,0x02,0x01,0x00,0x0e,0xed,0x8b,0x3a,0x47,0x2a,
    0x27,0x29,0x24,0x3c,0xc2,0xcb,0xc8,0xc9,0xc9,0xc9,0xc9,0xc9,0xc9,0xc9,0xc9,0xc9,0xc9,0xc9,0xc9,0xc9,0xc9,0xc9,0xc9,0xc9,
    0xc9,0xc9,0xc9,0xc9,0xc9,0xc9,0xc9,0xc9,0xc9,0xc9,0xc9,0xc9,0xc9,0xc9,0xc9,0xc9,0xc9,0xc9,0xc9,0xcb,0x4b,0x21,0x2a,0x28,
    0x28,0x44,0x3b,0x87,0xfd,0x23,0x00,0x02,0x01,0x00,0x0e,0xed,0x8b,0x3a,0x47,0x2a,0x27,0x29,0x24,0x3c,0xc1,0xca,0xc7,0xc8,
    0xc8,0xc8,0xc8,0xc8,0xc8,0xc8,0xc8,0xc8,0xc8,0xc8,0xc8,0xc8,0xc8,0xc8,0xc8,0xc8,0xc8,0xc8,0xc8,0xc8,0xc8,0xc8,0xc8,0xc8,
    0xc8,0xc8,0xc8,0xc8,0xc8,0xc8,0xc8,0xc8,0xc8,0xc8,0xc8,0xca,0x4b,0x21,0x2a,0x28,0x28,0x44,0x3b,0x87,0xfd,0x23,0x00,0x02,
    0x01,0x00,0x0e,0xed,0x8b,0x3a,0x47,0x2a,0x27,0x29,0x24,0x3c,0xc1,0xca,0xc7,0xc8,0xc8,0xc8,0xc8,0xc8,0xc8,0xc8,0xc8,0xc8,
    0xc8,0xc8,0xc8,0xc8,0xc8,0xc8,0xc8,0xc8,0xc8,0xc8,0xc8,0xc8,0xc8,0xc8,0xc8,0xc8,0xc8,0xc8,0xc8,0xc8,0xc8,0xc8,0xc8,0xc8,
    0xc8,0xc8,0xc8,0xca,0x4b,0x21,0x2a,0x28,0x28,0x44,0x3b,0x87,0xfd,0x23,0x00,0x02,0x01,0x00,0x0e,0xed,0x8b,0x39,0x46,0x2a,
    0x27,0x29,0x24,0x3c,0xc0,0xc9,0xc6,0xc7,0xc7,0xc7,0xc7,0xc7,0xc7,0xc7,0xc7,0xc7,0xc7,0xc7,0xc7,0xc7,0xc7,0xc7,0xc7,0xc7,
    0xc7,0xc7,0xc7,0xc7,0xc7,0xc7,0xc7,0xc7,0xc7,0xc7,0xc7,0xc7,0xc7,0xc7,0xc7,0xc7,0xc7,0xc7,0xc7,0xc9,0x4b,0x21,0x2a,0x28,
    0x28,0x43,0x3a,0x86,0xfd,0x23,0x00,0x02,0x01,0x00,0x0e,0xed,0x8e,0x3e,0x4b,0x2a,0x27,0x29,0x24,0x3c,0xbf,0xc8,0xc5,0xc6,
    0xc6,0xc6,0xc6,0xc6,0xc6,0xc6,0xc6,0xc6,0xc6,0xc6,0xc6,0xc6,0xc6,0xc6,0xc6,0xc6,0xc6,0xc6,0xc6,0xc6,0xc6,0xc6,0xc6,0xc6,
    0xc6,0xc6,0xc6,0xc6,0xc6,0xc6,0xc6,0xc6,0xc6,0xc6,0xc6,0xc8,0x4b,0x21,0x2a,0x28,0x28,0x48,0x40,0x8a,0xfd,0x23,0x00,0x02,
    0x01,0x00,0x0e,0xee,0x7d,0x22,0x32,0x28,0x28,0x29,0x24,0x3c,0xbe,0xc7,0xc4,0xc5,0xc5,0xc5,0xc5,0xc5,0xc5,0xc5,0xc5,0xc5,
    0xc5,0xc5,0xc5,0xc5,0xc5,0xc5,0xc5,0xc5,0xc5,0xc5,0xc5,0xc5,0xc5,0xc5,0xc5,0xc5,0xc5,0xc5,0xc5,0xc5,0xc5,0xc5,0xc5,0xc5,
    0xc5,0xc5,0xc5,0xc7,0x4b,0x21,0x29,0x28,0x27,0x2b,0x1b,0x75,0xfe,0x22,0x00,0x02,0x01,0x00,0x0d,0xef,0x76,0x15,0x26,0x27,
    0x28,0x29,0x24,0x3c,0xbe,0xc6,0xc3,0xc4,0xc4,0xc4,0xc4,0xc4,0xc4,0xc4,0xc4,0xc4,0xc4,0xc4,0xc4,0xc4,0xc4,0xc4,0xc4,0xc4,
    0xc4,0xc4,0xc4,0xc4,0xc4,0xc4,0xc4,0xc4,0xc4,0xc4,0xc4,0xc4,0xc4,0xc4,0xc4,0xc4,0xc4,0xc4,0xc4,0xc6,0x4a,0x21,0x29,0x28,
    0x27,0x2b,0x1b,0x75,0xfe,0x22,0x00,0x02,0x01,0x00,0x0e,0xed,0x8e,0x3e,0x4b,0x2a,0x27,0x29,0x24,0x3c,0xbd,0xc5,0xc2,0xc3,
    0xc3,0xc3,0xc3,0xc3,0xc3,0xc3,0xc3,0xc3,0xc3,0xc3,0xc3,0xc3,0xc3,0xc3,0xc3,0xc3,0xc3,0xc3,0xc3,0xc3,0xc3,0xc3,0xc3,0xc3,
    0xc3,0xc3,0xc3,0xc3,0xc3,0xc3,0xc3,0xc3,0xc3,0xc3,0xc3,0xc5,0x4a,0x21,0x2a,0x28,0x28,0x48,0x40,0x8a,0xfd,0x23,0x00,0x02,
    0x01,0x00,0x0e,0xed,0x8b,0x39,0x46,0x2a,0x27,0x29,0x24,0x3c,0xbc,0xc4,0xc1,0xc2,0xc2,0xc2,0xc2,0xc2,0xc2,0xc2,0xc2,0xc2,
    0xc2,0xc2,0xc2,0xc2,0xc2,0xc2,0xc2,0xc2,0xc2,0xc2,0xc2,0xc2,0xc2,0xc2,0xc2,0xc2,0xc2,0xc2,0xc2,0xc2,0xc2,0xc2,0xc2,0xc2,
    0xc2,0xc2,0xc2,0xc4,0x4a,0x21,0x2a,0x28,0x28,0x43,0x3a,0x86,0xfd,0x23,0x00,0x02,0x01,0x00,0x0e,0xed,0x8b,0x3a,0x47,0x2a,
    0x27,0x29,0x24,0x3c,0xbb,0xc3,0xc0,0xc1,0xc1,0xc1,0xc1,0xc1,0xc1,0xc1,0xc1,0xc1,0xc1,0xc1,0xc1,0xc1,0xc1,0xc1,0xc1,0xc1,
    0xc1,0xc1,0xc1,0xc1,0xc1,0xc1,0xc1,0xc1,0xc1,0xc1,0xc1,0xc1,0xc1,0xc1,0xc1,0xc1,0xc1,0xc1,0xc1,0xc3,0x4a,0x21,0x2a,0x28,
    0x28,0x44,0x3b,0x87,0xfd,0x23,0x00,0x02,0x01,0x00,0x0e,0xed,0x8b,0x3a,0x47,0x2a,0x27,0x29,0x24,0x3b,0xba,0xc2,0xbf,0xc0,
    0xc0,0xc0,0xc0,0xc0,0xc0,0xc0,0xc0,0xc0,0xc0,0xc0,0xc0,0xc0,0xc0,0xc0,0xc0,0xc0,0xc0,0xc0,0xc0,0xc0,0xc0,0xc0,0xc0,0xc0,
    0xc0,0xc0,0xc0,0xc0,0xc0,0xc0,0xc0,0xc0,0xc0,0xc0,0xc0,0xc2,0x4a,0x21,0x2a,0x28,0x28,0x44,0x3b,0x87,0xfd,0x23,0x00,0x02,
    0x01,0x00,0x0e,0xed,0x8b,0x3a,0x47,0x2a,0x27,0x29,0x24,0x3b,0xb9,0xc1,0xbe,0xbf,0xbf,0xbf,0xbf,0xbf,0xbf,0xbf,0xbf,0xbf,
    0xbf,0xbf,0xbf,0xbf,0xbf,0xbf,0xbf,0xbf,0xbf,0xbf,0xbf,0xbf,0xbf,0xbf,0xbf,0xbf,0xbf,0xbf,0xbf,0xbf,0xbf,0xbf,0xbf,0xbf,
    0xbf,0xbf,0xbf,0xc1,0x4a,0x22,0x2a,0x28,0x28,0x44,0x3b,0x87,0xfd,0x23,0x00,0x02,0x01,0x00,0x0e,0xed,0x8b,0x3a,0x47,0x2a,
    0x27,0x29,0x24,0x3b,0xb8,0xc0,0xbd,0xbe,0xbe,0xbe,0xbe,0xbe,0xbe,0xbe,0xbe,0xbe,0xbe,0xbe,0xbe,0xbe,0xbe,0xbe,0xbe,0xbe,
    0xbe,0xbe,0xbe,0xbe,0xbe,0xbe,0xbe,0xbe,0xbe,0xbe,0xbe,0xbe,0xbe,0xbe,0xbe,0xbe,0xbe,0xbe,0xbe,0xc0,0x49,0x22,0x2a,0x28,
    0x28,0x44,0x3b,0x87,0xfd,0x23,0x00,0x02,0x01,0x00,0x0e,0xed,0x8b,0x3a,0x47,0x2a,0x27,0x29,0x24,0x3b,0xb8,0xc0,0xbd,0xbe,
    0xbe,0xbe,0xbe,0xbe,0xbe,0xbe,0xbe,0xbe,0xbe,0xbe,0xbe,0xbe,0xbe,0xbe,0xbe,0xbe,0xbe,0xbe,0xbe,0xbe,0xbe,0xbe,0xbe,0xbe,
    0xbe,0xbe,0xbe,0xbe,0xbe,0xbe,0xbe,0xbe,0xbe,0xbe,0xbe,0xc0,0x49,0x22,0x2a,0x28,0x28,0x44,0x3b,0x87,0xfd,0x23,0x00,0x02,
    0x01,0x00,0x0e,0xed,0x8b,0x3a,0x47,0x2a,0x27,0x29,0x24,0x3b,0xb7,0xbf,0xbc,0xbd,0xbd,0xbd,0xbd,0xbd,0xbd,0xbd,0xbd,0xbd,
    0xbd,0xbd,0xbd,0xbd,0xbd,0xbd,0xbd,0xbd,0xbd,0xbd,0xbd,0xbd,0xbd,0xbd,0xbd,0xbd,0xbd,0xbd,0xbd,0xbd,0xbd,0xbd,0xbd,0xbd,
    0xbd,0xbd,0xbd,0xbf,0x49,0x22,0x2a,0x28,0x28,0x44,0x3b,0x87,0xfd,0x23,0x00,0x02,0x01,0x00,0x0e,0xed,0x8b,0x3a,0x47,0x2a,
    0x27,0x29,0x24,0x3b,0xb6,0xbe,0xbb,0xbc,0xbc,0xbc,0xbc,0xbc,0xbc,0xbc,0xbc,0xbc,0xbc,0xbc,0xbc,0xbc,0xbc,0xbc,0xbc,0xbc,
    0xbc,0xbc,0xbc,0xbc,0xbc,0xbc,0xbc,0xbc,0xbc,0xbc,0xbc,0xbc,0xbc,0xbc,0xbc,0xbc,0xbc,0xbc,0xbc,0xbe,0x49,0x22,0x2a,0x28,
    0x28,0x44,0x3b,0x87,0xfd,0x23,0x00,0x02,0x01,0x00,0x0e,0xed,0x8b,0x3a,0x47,0x2a,0x27,0x29,0x24,0x3b,0xb5,0xbd,0xba,0xbb,
    0xbb,0xbb,0xbb,0xbb,0xbb,0xbb,0xbb,0xbb,0xbb,0xbb,0xbb,0xbb,0xbb,0xbb,0xbb,0xbb,0xbb,0xbb,0xbb,0xbb,0xbb,0xbb,0xbb,0xbb,
    0xbb,0xbb,0xbb,0xbb,0xbb,0xbb,0xbb,0xbb,0xbb,0xbb,0xbb,0xbd,0x49,0x22,0x29,0x28,0x28,0x44,0x3b,0x87,0xfd,0x23,0x00,0x02,
    0x01,0x00,0x0e,0xed,0x8b,0x3a,0x47,0x2a,0x27,0x29,0x24,0x3b,0xb4,0xbc,0xb9,0xba,0xba,0xba,0xba,0xba,0xba,0xba,0xba,0xba,
    0xba,0xba,0xba,0xba,0xba,0xba,0xba,0xba,0xba,0xba,0xba,0xba,0xba,0xba,0xba,0xba,0xba,0xba,0xba,0xba,0xba,0xba,0xba,0xba,
    0xba,0xba,0xba,0xbc,0x49,0x22,0x29,0x28,0x28,0x44,0x3b,0x87,0xfd,0x23,0x00,0x02,0x01,0x00,0x0e,0xed,0x8b,0x3a,0x47,0x2a,
    0x27,0x29,0x24,0x3b,0xb3,0xbb,0xb8,0xb9,0xb9,0xb9,0xb9,0xb9,0xb9,0xb9,0xb9,0xb9,0xb9,0xb9,0xb9,0xb9,0xb9,0xb9,0xb9,0xb9,
    0xb9,0xb9,0xb9,0xb9,0xb9,0xb9,0xb9,0xb9,0xb9,0xb9,0xb9,0xb9,0xb9,0xb9,0xb9,0xb9,0xb9,0xb9,0xb9,0xbb,0x49,0x22,0x29,0x28,
    0x28,0x44,0x3b,0x87,0xfd,0x23,0x00,0x02,0x01,0x00,0x0e,0xed,0x8b,0x3a,0x47,0x2a,0x27,0x29,0x24,0x3b,0xb2,0xba,0xb7,0xb8,
    0xb8,0xb8,0xb8,0xb8,0xb8,0xb8,0xb8,0xb8,0xb8,0xb8,0xb8,0xb8,0xb8,0xb8,0xb8,0xb8,0xb8,0xb8,0xb8,0xb8,0xb8,0xb8,0xb8,0xb8,
    0xb8,0xb8,0xb8,0xb8,0xb8,0xb8,0xb8,0xb8,0xb8,0xb8,0xb8,0xba,0x49,0x22,0x29,0x28,0x28,0x44,0x3b,0x87,0xfd,0x23,0x00,0x02,
    0x01,0x00,0x0e,0xed,0x8b,0x3a,0x47,0x2a,0x27,0x29,0x24,0x3b,0xb1,0xb9,0xb6,0xb7,0xb7,0xb7,0xb7,0xb7,0xb7,0xb7,0xb7,0xb7,
    0xb7,0xb7,0xb7,0xb7,0xb7,0xb7,0xb7,0xb7,0xb7,0xb7,0xb7,0xb7,0xb7,0xb7,0xb7,0xb7,0xb7,0xb7,0xb7,0xb7,0xb7,0xb7,0xb7,0xb7,
    0xb7,0xb7,0xb7,0xb9,0x48,0x22,0x29,0x28,0x28,0x44,0x3b,0x87,0xfd,0x23,0x00,0x02,0x01,0x00,0x0e,0xed,0x8b,0x3a,0x47,0x2a,
    0x27,0x29,0x24,0x3b,0xb0,0xb8,0xb5,0xb6,0xb6,0xb6,0xb6,0xb6,0xb6,0xb6,0xb6,0xb6,0xb6,0xb6,0xb6,0xb6,0xb6,0xb6,0xb6,0xb6,
    0xb6,0xb6,0xb6,0xb6,0xb6,0xb6,0xb6,0xb6,0xb6,0xb6,0xb6,0xb6,0xb6,0xb6,0xb6,0xb6,0xb6,0xb6,0xb6,0xb8,0x48,0x22,0x29,0x28,
    0x28,0x44,0x3b,0x87,0xfd,0x23,0x00,0x02,0x01,0x00,0x0e,0xed,0x8b,0x3a,0x47,0x2a,0x27,0x29,0x24,0x3b,0xb0,0xb6,0xb4,0xb5,
    0xb5,0xb5,0xb5,0xb5,0xb5,0xb5,0xb5,0xb5,0xb5,0xb5,0xb5,0xb5,0xb5,0xb5,0xb5,0xb5,0xb5,0xb5,0xb5,0xb5,0xb5,0xb5,0xb5,0xb5,
    0xb5,0xb5,0xb5,0xb5,0xb5,0xb5,0xb5,0xb5,0xb5,0xb5,0xb5,0xb7,0x48,0x22,0x29,0x28,0x28,0x44,0x3b,0x87,0xfd,0x23,0x00,0x02,
    0x01,0x00,0x0e,0xed,0x8b,0x3a,0x47,0x2a,0x27,0x29,0x24,0x3b,0xb0,0xb6,0xb4,0xb4,0xb4,0xb4,0xb4,0xb4,0xb4,0xb4,0xb4,0xb4,
    0xb4,0xb4,0xb4,0xb4,0xb4,0xb4,0xb4,0xb4,0xb4,0xb4,0xb4,0xb4,0xb4,0xb4,0xb4,0xb4,0xb4,0xb4,0xb4,0xb4,0xb4,0xb4,0xb4,0xb4,
    0xb4,0xb4,0xb4,0xb6,0x48,0x22,0x29,0x28,0x28,0x44,0x3b,0x87,0xfd,0x23,0x00,0x02,0x01,0x00,0x0e,0xed,0x8b,0x3a,0x47,0x2a,
    0x27,0x29,0x24,0x3b,0xae,0xb5,0xb4,0xb4,0xb4,0xb4,0xb4,0xb4,0xb4,0xb4,0xb4,0xb4,0xb4,0xb4,0xb4,0xb4,0xb4,0xb4,0xb4,0xb4,
    0xb4,0xb4,0xb4,0xb4,0xb4,0xb4,0xb4,0xb4,0xb4,0xb4,0xb4,0xb4,0xb4,0xb4,0xb4,0xb4,0xb4,0xb4,0xb4,0xb6,0x48,0x22,0x29,0x28,
    0x28,0x44,0x3b,0x87,0xfd,0x23,0x00,0x02,0x01,0x00,0x0e,0xed,0x8b,0x3a,0x47,0x2a,0x27,0x29,0x24,0x3b,0xae,0xb4,0xb3,0xb3,
    0xb3,0xb3,0xb3,0xb3,0xb3,0xb3,0xb3,0xb3,0xb3,0xb3,0xb3,0xb3,0xb3,0xb3,0xb3,0xb3,0xb3,0xb3,0xb3,0xb3,0xb3,0xb3,0xb3,0xb3,
    0xb3,0xb3,0xb3,0xb3,0xb3,0xb3,0xb3,0xb3,0xb3,0xb3,0xb3,0xb5,0x48,0x22,0x29,0x28,0x28,0x44,0x3b,0x87,0xfd,0x23,0x00,0x02,
    0x01,0x00,0x0e,0xed,0x8b,0x3a,0x47,0x2a,0x27,0x29,0x24,0x39,0xac,0xb3,0xb2,0xb2,0xb2,0xb2,0xb2,0xb2,0xb2,0xb2,0xb2,0xb2,
    0xb2,0xb2,0xb2,0xb2,0xb2,0xb2,0xb2,0xb2,0xb2,0xb2,0xb2,0xb2,0xb2,0xb2,0xb2,0xb2,0xb2,0xb2,0xb2,0xb2,0xb2,0xb2,0xb2,0xb2,
    0xb2,0xb2,0xb1,0xb3,0x46,0x22,0x29,0x28,0x28,0x44,0x3b,0x87,0xfd,0x23,0x00,0x02,0x01,0x00,0x0e,0xed,0x8b,0x3a,0x47,0x2a,
    0x27,0x29,0x27,0x2e,0x96,0xb7,0xae,0xb0,0xb0,0xb0,0xb0,0xb0,0xb0,0xb0,0xb0,0xb0,0xb0,0xb0,0xb0,0xb0,0xb0,0xb0,0xb0,0xb0,
    0xb0,0xb0,0xb0,0xb0,0xb0,0xb0,0xb0,0xb0,0xb0,0xb0,0xb0,0xb0,0xb0,0xb0,0xb0,0xb0,0xb0,0xae,0xb5,0xa2,0x36,0x26,0x29,0x28,
    0x28,0x44,0x3b,0x87,0xfd,0x23,0x00,0x02,0x01,0x00,0x0e,0xed,0x8b,0x3a,0x47,0x2a,0x27,0x29,0x27,0x2e,0x5c,0xaf,0xb7,0xb2,
    0xb2,0xb2,0xb2,0xb2,0xb2,0xb2,0xb2,0xb2,0xb2,0xb2,0xb2,0xb2,0xb2,0xb2,0xb2,0xb2,0xb2,0xb2,0xb2,0xb2,0xb2,0xb2,0xb2,0xb2,
    0xb2,0xb2,0xb2,0xb2,0xb2,0xb2,0xb2,0xb2,0xb2,0xb5,0xb5,0x66,0x31,0x27,0x29,0x28,0x28,0x44,0x3b,0x87,0xfd,0x23,0x00,0x02,
    0x01,0x00,0x0e,0xed,0x8b,0x3a,0x47,0x2a,0x28,0x28,0x27,0x40,0x40,0x58,0x97,0xa7,0xa5,0xa6,0xa6,0xa6,0xa6,0xa6,0xa6,0xa6,
    0xa6,0xa6,0xa6,0xa6,0xa6,0xa6,0xa6,0xa6,0xa6,0xa6,0xa6,0xa6,0xa6,0xa6,0xa6,0xa6,0xa6,0xa6,0xa6,0xa6,0xa6,0xa6,0xa6,0xa5,
    0xa6,0x9c,0x60,0x3f,0x42,0x29,0x27,0x28,0x28,0x44,0x3b,0x87,0xfd,0x23,0x00,0x02,0x01,0x00,0x0e,0xed,0x8b,0x39,0x46,0x2a,
    0x28,0x26,0x3d,0x44,0x27,0x21,0x23,0x2d,0x2d,0x2d,0x2d,0x2d,0x2d,0x2d,0x2d,0x2d,0x2d,0x2d,0x2d,0x2d,0x2d,0x2d,0x2d,0x2d,
    0x2d,0x2d,0x2d,0x2d,0x2d,0x2d,0x2d,0x2d,0x2d,0x2d,0x2d,0x2d,0x2d,0x2d,0x2d,0x2d,0x2e,0x25,0x20,0x26,0x40,0x41,0x27,0x27,
    0x28,0x43,0x3a,0x86,0xfd,0x23,0x00,0x02,0x01,0x00,0x0e,0xed,0x8e,0x3e,0x4b,0x2a,0x25,0x39,0x4a,0x3a,0x22,0x26,0x25,0x22,
    0x22,0x22,0x22,0x22,0x22,0x22,0x22,0x22,0x22,0x22,0x22,0x22,0x22,0x22,0x22,0x22,0x22,0x22,0x22,0x22,0x22,0x22,0x22,0x22,
    0x22,0x22,0x22,0x22,0x22,0x22,0x22,0x23,0x22,0x24,0x26,0x22,0x36,0x4b,0x3c,0x27,0x28,0x48,0x40,0x8a,0xfd,0x23,0x00,0x02,
    0x01,0x00,0x0e,0xee,0x7d,0x22,0x32,0x26,0x36,0x48,0x48,0x33,0x25,0x27,0x27,0x27,0x27,0x27,0x27,0x27,0x27,0x27,0x27,0x27,
    0x27,0x27,0x27,0x27,0x27,0x27,0x27,0x27,0x27,0x27,0x27,0x27,0x27,0x27,0x27,0x27,0x27,0x27,0x27,0x27,0x27,0x27,0x27,0x27,
    0x27,0x27,0x27,0x25,0x30,0x47,0x48,0x3a,0x25,0x2b,0x1c,0x75,0xfe,0x22,0x00,0x02,0x01,0x00,0x0d,0xef,0x76,0x15,0x24,0x32,
    0x48,0x45,0x46,0x2e,0x27,0x28,0x28,0x28,0x28,0x28,0x28,0x28,0x28,0x28,0x28,0x28,0x28,0x28,0x28,0x28,0x28,0x28,0x28,0x28,
    0x28,0x28,0x28,0x28,0x28,0x28,0x28,0x28,0x28,0x28,0x28,0x28,0x28,0x28,0x28,0x28,0x28,0x28,0x28,0x27,0x2b,0x45,0x46,0x48,
    0x36,0x2a,0x1c,0x75,0xfe,0x22,0x00,0x02,0x01,0x00,0x0e,0xed,0x8e,0x3e,0x4c,0x47,0x46,0x47,0x42,0x2a,0x2a,0x2a,0x2a,0x2a,
    0x2a,0x2a,0x2a,0x2a,0x2a,0x2a,0x2a,0x2a,0x2a,0x2a,0x2a,0x2a,0x2a,0x2a,0x2a,0x2a,0x2a,0x2a,0x2a,0x2a,0x2a,0x2a,0x2a,0x2a,
    0x2a,0x2a,0x2a,0x2a,0x2a,0x2a,0x2a,0x2a,0x2a,0x2a,0x2a,0x2a,0x29,0x40,0x47,0x46,0x47,0x4c,0x3f,0x8a,0xfd,0x23,0x00,0x02,
    0x01,0x00,0x0e,0xed,0x8b,0x38,0x48,0x46,0x46,0x48,0x3d,0x2a,0x2c,0x2c,0x2c,0x2c,0x2c,0x2c,0x2c,0x2c,0x2c,0x2c,0x2c,0x2c,
    0x2c,0x2c,0x2c,0x2c,0x2c,0x2c,0x2c,0x2c,0x2c,0x2c,0x2c,0x2c,0x2c,0x2c,0x2c,0x2c,0x2c,0x2c,0x2c,0x2c,0x2c,0x2c,0x2c,0x2c,
    0x2c,0x2c,0x2c,0x2c,0x29,0x3a,0x48,0x46,0x46,0x48,0x39,0x86,0xfd,0x23,0x00,0x02,0x01,0x00,0x0e,0xed,0x8b,0x39,0x49,0x46,
    0x46,0x48,0x37,0x2b,0x2d,0x2d,0x2d,0x2d,0x2d,0x2d,0x2d,0x2d,0x2d,0x2d,0x2d,0x2d,0x2d,0x2d,0x2d,0x2d,0x2d,0x2d,0x2d,0x2d,
    0x2d,0x2d,0x2d,0x2d,0x2d,0x2d,0x2d,0x2d,0x2d,0x2d,0x2d,0x2d,0x2d,0x2d,0x2d,0x2d,0x2d,0x2d,0x2d,0x2d,0x2c,0x34,0x47,0x46,
    0x46,0x49,0x3a,0x87,0xfd,0x23,0x00,0x02,0x01,0x00,0x0e,0xed,0x8b,0x39,0x49,0x46,0x46,0x46,0x33,0x2e,0x2f,0x2f,0x2f,0x2f,
    0x2f,0x2f,0x2f,0x2f,0x2f,0x2f,0x2f,0x2f,0x2f,0x2f,0x2f,0x2f,0x2f,0x2f,0x2f,0x2f,0x2f,0x2f,0x2f,0x2f,0x2f,0x2f,0x2f,0x2f,
    0x2f,0x2f,0x2f,0x2f,0x2f,0x2f,0x2f,0x2f,0x2f,0x2f,0x2f,0x2f,0x2f,0x31,0x45,0x46,0x46,0x49,0x3a,0x87,0xfd,0x23,0x00,0x02,
    0x01,0x00,0x0e,0xed,0x8b,0x39,0x49,0x46,0x47,0x44,0x31,0x31,0x31,0x31,0x31,0x31,0x31,0x31,0x31,0x31,0x31,0x31,0x31,0x31,
    0x31,0x31,0x31,0x31,0x31,0x31,0x31,0x31,0x31,0x31,0x31,0x31,0x31,0x31,0x31,0x31,0x31,0x31,0x31,0x31,0x31,0x31,0x31,0x31,
    0x31,0x31,0x31,0x31,0x31,0x30,0x41,0x47,0x46,0x49,0x3a,0x87,0xfd,0x23,0x00,0x02,0x01,0x00,0x0e,0xed,0x8b,0x39,0x49,0x46,
    0x47,0x3f,0x32,0x33,0x33,0x33,0x33,0x33,0x33,0x33,0x33,0x33,0x33,0x33,0x33,0x33,0x33,0x33,0x33,0x33,0x33,0x33,0x33,0x33,
    0x33,0x33,0x33,0x33,0x33,0x33,0x33,0x33,0x33,0x33,0x33,0x33,0x33,0x33,0x33,0x33,0x33,0x33,0x33,0x33,0x33,0x32,0x3d,0x47,
    0x46,0x49,0x3a,0x87,0xfd,0x23,0x00,0x02,0x01,0x00,0x0e,0xed,0x8b,0x39,0x48,0x45,0x46,0x3a,0x31,0x32,0x32,0x32,0x32,0x32,
    0x32,0x32,0x32,0x32,0x32,0x32,0x32,0x32,0x32,0x32,0x32,0x32,0x32,0x32,0x32,0x32,0x32,0x32,0x32,0x32,0x32,0x32,0x32,0x32,
    0x32,0x32,0x32,0x32,0x32,0x32,0x32,0x32,0x32,0x32,0x32,0x32,0x32,0x31,0x38,0x45,0x45,0x48,0x3a,0x87,0xfd,0x23,0x00,0x02,
    0x01,0x00,0x0e,0xed,0x8b,0x39,0x4e,0x4c,0x4c,0x3f,0x3b,0x3c,0x3c,0x3c,0x3c,0x3c,0x3c,0x3c,0x3c,0x3c,0x3c,0x3c,0x3c,0x3c,
    0x3c,0x3c,0x3c,0x3c,0x3c,0x3c,0x3c,0x3c,0x3c,0x3c,0x3c,0x3c,0x3c,0x3c,0x3c,0x3c,0x3c,0x3c,0x3c,0x3c,0x3c,0x3c,0x3c,0x3c,
    0x3c,0x3c,0x3c,0x3c,0x3c,0x3c,0x3e,0x4b,0x4c,0x4e,0x3b,0x87,0xfd,0x23,0x00,0x02,0x01,0x00,0x0e,0xed,0x89,0x3e,0x8d,0x90,
    0x8f,0x8e,0x8e,0x8e,0x8e,0x8e,0x8e,0x8e,0x8e,0x8e,0x8e,0x8e,0x8e,0x8e,0x8e,0x8e,0x8e,0x8e,0x8e,0x8e,0x8e,0x8e,0x8e,0x8e,
    0x8e,0x8e,0x8e,0x8e,0x8e,0x8e,0x8e,0x8e,0x8e,0x8e,0x8e,0x8e,0x8e,0x8e,0x8e,0x8e,0x8e,0x8e,0x8e,0x8e,0x8e,0x8e,0x8e,0x8f,
    0x8f,0x91,0x45,0x84,0xfe,0x23,0x00,0x02,0x01,0x00,0x0e,0xed,0x89,0x3e,0x91,0x94,0x93,0x94,0x94,0x94,0x94,0x94,0x94,0x94,
    0x94,0x94,0x94,0x94,0x94,0x94,0x94,0x94,0x94,0x94,0x94,0x94,0x94,0x94,0x94,0x94,0x94,0x94,0x94,0x94,0x94,0x94,0x94,0x94,
    0x94,0x94,0x94,0x94,0x94,0x94,0x94,0x94,0x94,0x94,0x94,0x94,0x94,0x93,0x94,0x93,0x93,0x95,0x46,0x84,0xfe,0x23,0x00,0x02,
    0x01,0x00,0x0e,0xed,0x8a,0x3e,0x8d,0x90,0x8f,0x8f,0x8f,0x8f,0x8f,0x8f,0x8f,0x8f,0x8f,0x8f,0x8f,0x8f,0x8f,0x8f,0x8f,0x8f,
    0x8f,0x8f,0x8f,0x8f,0x8f,0x8f,0x8f,0x8f,0x8f,0x8f,0x8f,0x8f,0x8f,0x8f,0x8f,0x8f,0x8f,0x8f,0x8f,0x8f,0x8f,0x8f,0x8f,0x8f,
    0x8f,0x8f,0x8f,0x8f,0x8f,0x8f,0x8f,0x8f,0x8f,0x91,0x45,0x85,0xfe,0x23,0x00,0x02,0x01,0x00,0x0e,0xed,0x8a,0x3e,0x8b,0x8e,
    0x8d,0x8d,0x8d,0x8d,0x8d,0x8d,0x8d,0x8d,0x8d,0x8d,0x8d,0x8d,0x8d,0x8d,0x8d,0x8d,0x8d,0x8d,0x8d,0x8d,0x8d,0x8d,0x8d,0x8d,
    0x8d,0x8d,0x8d,0x8d,0x8d,0x8d,0x8d,0x8d,0x8d,0x8d,0x8d,0x8d,0x8d,0x8d,0x8d,0x8d,0x8d,0x8d,0x8d,0x8d,0x8d,0x8d,0x8d,0x8d,
    0x8d,0x8f,0x45,0x85,0xfe,0x23,0x00,0x02,0x01,0x00,0x0e,0xed,0x8a,0x3e,0x88,0x8b,0x8a,0x8a,0x8a,0x8a,0x8a,0x8a,0x8a,0x8a,
    0x8a,0x8a,0x8a,0x8a,0x8a,0x8a,0x8a,0x8a,0x8a,0x8a,0x8a,0x8a,0x8a,0x8a,0x8a,0x8a,0x8a,0x8a,0x8a,0x8a,0x8a,0x8a,0x8a,0x8a,
    0x8a,0x8a,0x8a,0x8a,0x8a,0x8a,0x8a,0x8a,0x8a,0x8a,0x8a,0x8a,0x8a,0x8a,0x8a,0x8a,0x8a,0x8d,0x44,0x85,0xfe,0x23,0x00,0x02,
    0x01,0x00,0x0e,0xed,0x8a,0x3e,0x86,0x89,0x88,0x88,0x88,0x88,0x88,0x88,0x88,0x88,0x88,0x88,0x88,0x88,0x88,0x88,0x88,0x88,
    0x88,0x88,0x88,0x88,0x88,0x88,0x88,0x88,0x88,0x88,0x88,0x88,0x88,0x88,0x88,0x88,0x88,0x88,0x88,0x88,0x88,0x88,0x88,0x88,
    0x88,0x88,0x88,0x88,0x88,0x88,0x88,0x88,0x88,0x8b,0x44,0x85,0xfe,0x23,0x00,0x02,0x01,0x00,0x0e,0xed,0x8a,0x3e,0x83,0x86,
    0x85,0x85,0x85,0x85,0x85,0x85,0x85,0x85,0x85,0x85,0x85,0x85,0x85,0x85,0x85,0x85,0x85,0x85,0x85,0x85,0x85,0x85,0x85,0x85,
    0x85,0x85,0x85,0x85,0x85,0x85,0x85,0x85,0x85,0x85,0x85,0x85,0x85,0x85,0x85,0x85,0x85,0x85,0x85,0x85,0x85,0x85,0x85,0x85,
    0x85,0x88,0x44,0x85,0xfe,0x23,0x00,0x02,0x01,0x00,0x0e,0xed,0x8a,0x3d,0x82,0x84,0x83,0x83,0x83,0x83,0x83,0x83,0x83,0x83,
    0x83,0x83,0x83,0x83,0x83,0x83,0x83,0x83,0x83,0x83,0x83,0x83,0x83,0x83,0x83,0x83,0x83,0x83,0x83,0x83,0x83,0x83,0x83,0x83,
    0x83,0x83,0x83,0x83,0x83,0x83,0x83,0x83,0x83,0x83,0x83,0x83,0x83,0x83,0x83,0x83,0x83,0x86,0x43,0x85,0xfe,0x23,0x00,0x02,
    0x01,0x00,0x0e,0xed,0x8a,0x3d,0x80,0x81,0x80,0x80,0x80,0x80,0x80,0x80,0x80,0x80,0x80,0x80,0x80,0x80,0x80,0x80,0x80,0x80,
    0x80,0x80,0x80,0x80,0x80,0x80,0x80,0x80,0x80,0x80,0x80,0x80,0x80,0x80,0x80,0x80,0x80,0x80,0x80,0x80,0x80,0x80,0x80,0x80,
    0x80,0x80,0x80,0x80,0x80,0x80,0x80,0x80,0x80,0x83,0x43,0x85,0xfd,0x23,0x00,0x02,0x01,0x00,0x0e,0xed,0x8a,0x3d,0x7d,0x7f,
    0x7e,0x7e,0x7e,0x7e,0x7e,0x7e,0x7e,0x7e,0x7e,0x7e,0x7e,0x7e,0x7e,0x7e,0x7e,0x7e,0x7e,0x7e,0x7e,0x7e,0x7e,0x7e,0x7e,0x7e,
    0x7e,0x7e,0x7e,0x7e,0x7e,0x7e,0x7e,0x7e,0x7e,0x7e,0x7e,0x7e,0x7e,0x7e,0x7e,0x7e,0x7e,0x7e,0x7e,0x7e,0x7e,0x7e,0x7e,0x7e,
    0x7e,0x81,0x42,0x85,0xfe,0x24,0x00,0x02,0x01,0x00,0x0e,0xed,0x8a,0x3d,0x7b,0x7d,0x7c,0x7c,0x7c,0x7c,0x7c,0x7c,0x7c,0x7c,
    0x7c,0x7c,0x7c,0x7c,0x7c,0x7c,0x7c,0x7c,0x7c,0x7c,0x7c,0x7c,0x7c,0x7c,0x7c,0x7c,0x7c,0x7c,0x7c,0x7c,0x7c,0x7c,0x7c,0x7c,
    0x7c,0x7c,0x7c,0x7c,0x7c,0x7c,0x7c,0x7c,0x7c,0x7c,0x7c,0x7c,0x7c,0x7c,0x7c,0x7c,0x7c,0x7e,0x41,0x86,0xfa,0x20,0x00,0x02,
    0x01,0x00,0x0f,0xed,0x89,0x3e,0x76,0x77,0x76,0x76,0x76,0x76,0x76,0x76,0x76,0x76,0x76,0x76,0x76,0x76,0x76,0x76,0x76,0x76,
    0x76,0x76,0x76,0x76,0x76,0x76,0x76,0x76,0x76,0x76,0x76,0x76,0x76,0x76,0x76,0x76,0x76,0x76,0x76,0x76,0x76,0x76,0x76,0x76,
    0x76,0x76,0x76,0x76,0x76,0x76,0x76,0x76,0x77,0x76,0x3e,0x89,0xed,0x0f,0x00,0x01,0x01,0x00,0x0c,0xea,0x91,0x46,0x5a,0x57,
    0x57,0x57,0x57,0x57,0x57,0x57,0x57,0x57,0x57,0x57,0x57,0x57,0x57,0x57,0x57,0x57,0x57,0x57,0x57,0x57,0x57,0x57,0x57,0x57,
    0x57,0x57,0x57,0x57,0x57,0x57,0x57,0x57,0x57,0x57,0x57,0x57,0x57,0x57,0x57,0x57,0x57,0x57,0x57,0x57,0x57,0x57,0x57,0x57,
    0x57,0x5a,0x46,0x91,0xea,0x0c,0x00,0x01,0x00,0x02,0x00,0xc3,0xc5,0x43,0x58,0x54,0x54,0x54,0x54,0x54,0x54,0x54,0x54,0x54,
    0x54,0x54,0x54,0x54,0x54,0x54,0x54,0x54,0x54,0x54,0x54,0x54,0x54,0x54,0x54,0x54,0x54,0x54,0x54,0x54,0x54,0x54,0x54,0x54,
    0x54,0x54,0x54,0x54,0x54,0x54,0x54,0x54,0x54,0x54,0x54,0x54,0x54,0x54,0x54,0x54,0x54,0x58,0x43,0xc5,0xc3,0x00,0x02,0x00,
    0x00,0x03,0x00,0x4f,0xff,0x5c,0x4e,0x58,0x55,0x55,0x55,0x55,0x55,0x55,0x55,0x55,0x55,0x55,0x55,0x55,0x55,0x55,0x55,0x55,
    0x55,0x55,0x55,0x55,0x55,0x55,0x55,0x55,0x55,0x55,0x55,0x55,0x55,0x55,0x55,0x55,0x55,0x55,0x55,0x55,0x55,0x55,0x55,0x55,
    0x55,0x55,0x55,0x55,0x55,0x55,0x55,0x55,0x58,0x4e,0x5c,0xff,0x4f,0x00,0x03,0x00,0x00,0x00,0x02,0x00,0x8f,0xe1,0x49,0x4e,
    0x59,0x55,0x55,0x55,0x55,0x55,0x55,0x55,0x55,0x55,0x55,0x55,0x55,0x55,0x55,0x55,0x55,0x55,0x55,0x55,0x55,0x55,0x55,0x55,
    0x55,0x55,0x55,0x55,0x55,0x55,0x55,0x55,0x55,0x55,0x55,0x55,0x55,0x55,0x55,0x55,0x55,0x55,0x55,0x55,0x55,0x55,0x55,0x59,
    0x4e,0x49,0xe1,0x8f,0x00,0x02,0x00,0x00,0x00,0x00,0x01,0x03,0x00,0x8b,0xd6,0x65,0x45,0x53,0x57,0x56,0x55,0x55,0x55,0x55,
    0x55,0x55,0x55,0x55,0x55,0x55,0x55,0x55,0x55,0x55,0x55,0x55,0x55,0x55,0x55,0x55,0x55,0x55,0x55,0x55,0x55,0x55,0x55,0x55,
    0x55,0x55,0x55,0x55,0x55,0x55,0x55,0x55,0x55,0x55,0x55,0x55,0x56,0x57,0x53,0x45,0x65,0xd6,0x8b,0x00,0x03,0x01,0x00,0x00,
    0x00,0x00,0x00,0x00,0x02,0x00,0x53,0xba,0x9a,0x5e,0x4b,0x4f,0x55,0x56,0x56,0x55,0x55,0x55,0x55,0x55,0x55,0x55,0x55,0x55,
    0x55,0x55,0x55,0x55,0x55,0x55,0x55,0x55,0x55,0x55,0x55,0x55,0x55,0x55,0x55,0x55,0x55,0x55,0x55,0x55,0x55,0x55,0x55,0x55,
    0x55,0x56,0x56,0x55,0x4f,0x4b,0x5e,0x9a,0xba,0x53,0x00,0x02,0x00,0x00,0x00,0x00,0x00,0x00,0x00,0x00,0x00,0x03,0x00,0x05,
    0x5a,0x94,0x90,0x70,0x56,0x4f,0x4e,0x51,0x54,0x56,0x57,0x57,0x58,0x58,0x58,0x58,0x58,0x58,0x58,0x58,0x58,0x58,0x58,0x58,
    0x58,0x58,0x58,0x58,0x58,0x58,0x58,0x58,0x58,0x58,0x58,0x58,0x57,0x57,0x56,0x54,0x51,0x4e,0x4f,0x56,0x70,0x90,0x94,0x5a,
    0x05,0x00,0x03,0x00,0x00,0x00,0x00,0x00,0x00,0x00,0x00,0x00,0x00,0x00,0x03,0x00,0x00,0x00,0x2a,0x61,0x8f,0x7f,0x75,0x65,
    0x58,0x53,0x4c,0x49,0x47,0x46,0x45,0x46,0x46,0x46,0x47,0x47,0x47,0x48,0x48,0x48,0x48,0x48,0x48,0x47,0x47,0x47,0x46,0x46,
    0x46,0x45,0x46,0x47,0x49,0x4c,0x53,0x58,0x65,0x75,0x7f,0x8f,0x61,0x2a,0x00,0x00,0x00,0x03,0x00,0x00,0x00,0x00,0x00,0x00,
    0x00,0x00,0x00,0x00,0x00,0x00,0x00,0x01,0x03,0x00,0x00,0x00,0x05,0x1e,0x44,0x5b,0x5b,0x67,0x7d,0x8c,0x94,0x99,0x9b,0x99,
    0x96,0x96,0x94,0x91,0x92,0x8f,0x8d,0x8d,0x8d,0x8d,0x8e,0x92,0x91,0x94,0x96,0x96,0x99,0x9b,0x99,0x94,0x8c,0x7d,0x67,0x5b,
    0x5b,0x44,0x1e,0x05,0x00,0x00,0x00,0x03,0x01,0x00,0x00,0x00,0x00,0x00,0x00,0x00,0x00,0x00,0x00,0x00,0x00,0x00,0x00,0x00,
    0x00,0x00,0x02,0x03,0x00,0x00,0x00,0x00,0x00,0x0a,0x23,0x38,0x4e,0x6a,0x86,0xa2,0xbe,0xbf,0xc8,0xd9,0xd7,0xe5,0xee,0xed,
    0xee,0xee,0xe7,0xd7,0xd9,0xc8,0xbf,0xbe,0xa2,0x86,0x6a,0x4e,0x38,0x23,0x0a,0x00,0x00,0x00,0x00,0x00,0x03,0x02,0x00,0x00,
    0x00,0x00,0x00,0x00,0x00,0x00,0x00,0x00,0x00,0x00,0x00,0x00,0x00,0x00,0x00,0x00,0x00,0x00,0x00,0x00,0x00,0x01,0x03,0x02,
    0x01,0x00,0x00,0x00,0x00,0x00,0x00,0x00,0x00,0x00,0x00,0x00,0x00,0x08,0x0f,0x0f,0x0f,0x0f,0x0a,0x00,0x00,0x00,0x00,0x00,
    0x00,0x00,0x00,0x00,0x00,0x00,0x00,0x01,0x02,0x03,0x01,0x00,0x00,0x00,0x00,0x00,0x00,0x00,0x00,0x00,0x00,0x00,0x00,0x00,
    0x00,0x00,0x00,0x00,0x00,0x00,0x00,0x00,0x00,0x00,0x00,0x00,0x00,0x00,0x00,0x00,0x00,0x00,0x01,0x02,0x03,0x04,0x04,0x04,
    0x02,0x02,0x01,0x00,0x00,0x00,0x00,0x00,0x00,0x00,0x00,0x00,0x00,0x01,0x02,0x02,0x04,0x04,0x04,0x03,0x02,0x01,0x00,0x00,
    0x00,0x00,0x00,0x00,0x00,0x00,0x00,0x00,0x00,0x00,0x00,0x00,0x00,0x00,0x00,0x00,0x00,0x00,0x00,0x00,0x00,0x00,0x00,0x00,
    0x00,0x00,0x00,0x00,0x00,0x00,0x00,0x00,0x00,0x00,0x00,0x00,0x00,0x00,0x00,0x00,0x00,0x00,0x00,0x01,0x00,0x01,0x01,0x01,
    0x01,0x01,0x01,0x00,0x01,0x00,0x00,0x00,0x00,0x00,0x00,0x00,0x00,0x00,0x00,0x00,0x00,0x00,0x00,0x00,0x00,0x00,0x00,0x00,
    0x00,0x00,0x00,0x00,0x00,0x00,0x00,0x00,
};
const lv_img_dsc_t img_car_body = {
    .header.cf = LV_IMG_CF_ALPHA_8BIT, .header.always_zero = 0, .header.reserved = 0,
    .header.w = 64, .header.h = 134, .data_size = 8576, .data = img_car_body_map,
};

static const uint8_t img_car_lights_map[] = {
    0x00,0x00,0x00,0x00,0x01,0x03,0x04,0x03,0x03,0x02,0x01,0x00,0x00,0x00,0x00,0x00,0x00,0x00,0x00,0x00,0x00,0x00,0x00,0x00,
    0x00,0x00,0x00,0x00,0x00,0x00,0x00,0x00,0x00,0x00,0x00,0x00,0x00,0x00,0x00,0x00,0x00,0x00,0x00,0x00,0x00,0x00,0x00,0x00,
    0x00,0x01,0x02,0x03,0x03,0x04,0x03,0x02,0x00,0x00,0x00,0x00,0x00,0x00,0x00,0x01,0x00,0x00,0x00,0x00,0x00,0x00,0x00,0x00,
    0x02,0x04,0x04,0x03,0x02,0x01,0x01,0x00,0x00,0x00,0x00,0x00,0x00,0x00,0x00,0x00,0x00,0x00,0x00,0x00,0x00,0x00,0x00,0x00,
    0x00,0x00,0x00,0x00,0x00,0x01,0x01,0x02,0x03,0x04,0x04,0x02,0x00,0x00,0x00,0x00,0x00,0x00,0x00,0x00,0x00,0x00,0x00,0x00,
    0x00,0x00,0x05,0xae,0xb4,0x90,0x72,0x54,0x3a,0x21,0x0d,0x00,0x00,0x00,0x00,0x00,0x00,0x00,0x00,0x01,0x03,0x04,0x01,0x00,
    0x00,0x00,0x00,0x00,0x00,0x00,0x00,0x00,0x00,0x00,0x00,0x00,0x00,0x00,0x04,0x03,0x01,0x00,0x00,0x00,0x00,0x00,0x00,0x00,
    0x00,0x0c,0x1e,0x36,0x50,0x6e,0x8c,0xac,0xbd,0x14,0x00,0x01,0x01,0x00,0x17,0xe5,0xff,0xff,0xff,0xff,0xfa,0xea,0xd6,0xbc,
    0xa2,0x86,0x66,0x4b,0x2f,0x1a,0x08,0x00,0x00,0x00,0x00,0x00,0x00,0x00,0x00,0x00,0x00,0x00,0x00,0x00,0x00,0x00,0x00,0x00,
    0x00,0x00,0x00,0x00,0x00,0x06,0x17,0x2c,0x48,0x63,0x83,0x9f,0xba,0xd4,0xe8,0xf9,0xff,0xff,0xff,0xfd,0xf4,0x2e,0x00,0x02,
    0x00,0x00,0x07,0x27,0x40,0x5c,0x7b,0x98,0xb3,0xcf,0xe4,0xf6,0xff,0xff,0xff,0xff,0xf4,0xe4,0xcf,0xb3,0x97,0x7c,0x1c,0x00,
    0x01,0x00,0x00,0x00,0x00,0x00,0x00,0x00,0x00,0x00,0x00,0x01,0x00,0x11,0x74,0x93,0xb0,0xcb,0xe1,0xf2,0xff,0xff,0xff,0xff,
    0xf7,0xe6,0xd2,0xb7,0x9c,0x7f,0x60,0x44,0x2a,0x0b,0x00,0x01,0x00,0x00,0x00,0x00,0x00,0x00,0x00,0x00,0x00,0x08,0x1a,0x32,
    0x4b,0x66,0x86,0xa2,0xbf,0xd6,0xea,0xfa,0xff,0xff,0x29,0x00,0x02,0x00,0x00,0x00,0x00,0x00,0x00,0x00,0x00,0x00,0x00,0x01,
    0x00,0x12,0xf6,0xff,0xfb,0xed,0xd9,0xc3,0xa6,0x89,0x69,0x4d,0x34,0x1c,0x0a,0x00,0x00,0x00,0x00,0x00,0x00,0x00,0x00,0x00,
    0x00,0x00,0x00,0x02,0x03,0x04,0x04,0x03,0x01,0x00,0x00,0x00,0x00,0x00,0x00,0x00,0x00,0x0d,0x21,0x39,0x58,0x6b,0x09,0x00,
    0x01,0x00,0x00,0x00,0x00,0x00,0x00,0x00,0x00,0x00,0x00,0x00,0x00,0x01,0x63,0x5e,0x3d,0x25,0x0f,0x01,0x00,0x00,0x00,0x00,
    0x00,0x00,0x00,0x01,0x03,0x04,0x04,0x03,0x02,0x00,0x00,0x00,0x00,0x00,0x00,0x00,0x00,0x00,0x00,0x00,0x00,0x01,0x01,0x02,
    0x03,0x04,0x04,0x02,0x00,0x00,0x00,0x00,0x00,0x00,0x00,0x00,0x00,0x00,0x00,0x00,0x00,0x00,0x00,0x00,0x00,0x00,0x00,0x00,
    0x00,0x00,0x00,0x00,0x00,0x00,0x00,0x00,0x02,0x03,0x04,0x03,0x03,0x02,0x01,0x00,0x00,0x00,0x00,0x00,0x00,0x00,0x00,0x00,
    0x00,0x00,0x00,0x00,0x00,0x00,0x00,0x00,0x00,0x00,0x00,0x00,0x00,0x00,0x00,0x00,0x00,0x01,0x02,0x03,0x04,0x04,0x00,0x00,
    0x00,0x00,0x00,0x00,0x00,0x00,0x00,0x00,0x00,0x00,0x00,0x00,0x00,0x00,0x03,0x04,0x03,0x02,0x01,0x00,0x00,0x00,0x00,0x00,
    0x00,0x00,0x00,0x00,0x00,0x00,0x00,0x00,0x00,0x00,0x00,0x00,
};
const lv_img_dsc_t img_car_lights = {
    .header.cf = LV_IMG_CF_ALPHA_8BIT, .header.always_zero = 0, .header.reserved = 0,
    .header.w = 60, .header.h = 9, .data_size = 540, .data = img_car_lights_map,
};

static const uint8_t img_car_fl_under_map[] = {
    0x00,0x00,0x00,0x00,0x00,0x00,0x00,0x00,0x00,0x00,0x00,0x00,0x00,0x00,0x00,0x02,0x03,0x01,0x01,0x00,0x00,0x00,0x00,0x00,
    0x00,0x00,0x00,0x00,0x00,0x00,0x00,0x00,0x00,0x00,0x00,0x00,0x00,0x00,0x00,0x00,0x00,0x00,0x00,0x00,0x00,0x00,0x00,0x00,
    0x00,0x00,0x00,0x00,0x00,0x00,0x00,0x00,0x00,0x00,0x00,0x00,0x00,0x00,0x00,0x00,0x00,0x00,0x00,0x00,0x00,0x02,0x02,0x3a,
    0x59,0x12,0x09,0x01,0x03,0x00,0x00,0x00,0x00,0x00,0x00,0x00,0x00,0x00,0x00,0x00,0x00,0x00,0x00,0x00,0x00,0x00,0x00,0x00,
    0x01,0x01,0x0c,0xeb,0xff,0xee,0xa0,0x00,0x00,0x02,0x03,0x00,0x00,0x00,0x00,0x00,0x00,0x00,0x00,0x00,0x00,0x00,0x00,0x00,
    0x00,0x00,0x00,0x00,0x03,0x01,0x34,0xfb,0xfb,0xff,0xfe,0xba,0x45,0x00,0x00,0x02,0x02,0x00,0x00,0x00,0x00,0x00,0x00,0x00,
    0x00,0x00,0x00,0x00,0x00,0x00,0x00,0x00,0x03,0x00,0xb0,0xff,0xfb,0xfe,0xff,0xff,0xff,0xba,0x45,0x00,0x00,0x00,0x00,0x00,
    0x00,0x00,0x00,0x00,0x00,0x00,0x00,0x00,0x00,0x00,0x00,0x03,0x01,0x32,0xfe,0xfd,0xff,0xff,0xff,0xfc,0xfd,0xff,0xff,0xae,
    0x37,0x00,0x01,0x00,0x00,0x00,0x00,0x00,0x00,0x00,0x00,0x00,0x00,0x00,0x00,0x03,0x00,0xb0,0xff,0xfc,0xff,0xff,0xff,0xff,
    0xff,0xfc,0xfd,0xff,0xff,0x79,0x00,0x03,0x00,0x00,0x00,0x00,0x00,0x00,0x00,0x00,0x00,0x00,0x03,0x00,0x33,0xfe,0xfd,0xff,
    0xff,0xff,0xff,0xff,0xff,0xff,0xfe,0xfa,0xfe,0x3d,0x00,0x03,0x00,0x00,0x00,0x00,0x00,0x00,0x00,0x00,0x00,0x00,0x02,0x00,
    0xbd,0xff,0xfc,0xff,0xff,0xff,0xff,0xff,0xff,0xff,0xfc,0xff,0xb0,0x00,0x03,0x00,0x00,0x00,0x00,0x00,0x00,0x00,0x00,0x00,
    0x00,0x03,0x00,0x40,0xff,0xfd,0xff,0xff,0xff,0xff,0xff,0xff,0xff,0xff,0xfd,0xfe,0x32,0x01,0x03,0x00,0x00,0x00,0x00,0x00,
    0x00,0x00,0x00,0x00,0x00,0x02,0x00,0xbf,0xff,0xfc,0xff,0xff,0xff,0xff,0xff,0xff,0xff,0xfc,0xff,0xb0,0x00,0x03,0x00,0x00,
    0x00,0x00,0x00,0x00,0x00,0x00,0x00,0x00,0x03,0x00,0x40,0xff,0xfd,0xff,0xff,0xff,0xff,0xff,0xff,0xff,0xff,0xfd,0xfe,0x32,
    0x01,0x03,0x00,0x00,0x00,0x00,0x00,0x00,0x00,0x00,0x00,0x00,0x02,0x00,0xbf,0xff,0xfc,0xff,0xff,0xff,0xff,0xff,0xff,0xff,
    0xfc,0xff,0xaf,0x00,0x03,0x00,0x00,0x00,0x00,0x00,0x00,0x00,0x00,0x00,0x00,0x03,0x00,0x40,0xff,0xfd,0xff,0xff,0xff,0xff,
    0xff,0xff,0xff,0xfe,0xfd,0xfa,0x28,0x01,0x02,0x00,0x00,0x00,0x00,0x00,0x00,0x00,0x00,0x00,0x00,0x02,0x00,0xc0,0xff,0xfc,
    0xff,0xff,0xff,0xff,0xff,0xff,0xff,0xfb,0xff,0xa0,0x00,0x03,0x00,0x00,0x00,0x00,0x00,0x00,0x00,0x00,0x00,0x00,0x03,0x00,
    0x4e,0xff,0xfc,0xff,0xff,0xff,0xff,0xff,0xff,0xff,0xfe,0xfd,0xfa,0x26,0x01,0x02,0x00,0x00,0x00,0x00,0x00,0x00,0x00,0x00,
    0x00,0x00,0x02,0x01,0xcd,0xfe,0xfc,0xff,0xff,0xff,0xff,0xff,0xff,0xff,0xfb,0xff,0xa0,0x00,0x03,0x00,0x00,0x00,0x00,0x00,
    0x00,0x00,0x00,0x00,0x00,0x03,0x00,0x4f,0xff,0xfc,0xff,0xff,0xff,0xff,0xff,0xff,0xff,0xfe,0xfd,0xfa,0x26,0x01,0x02,0x00,
    0x00,0x00,0x00,0x00,0x00,0x00,0x00,0x00,0x00,0x02,0x01,0xcd,0xfe,0xfc,0xff,0xff,0xff,0xff,0xff,0xff,0xff,0xfb,0xff,0xa1,
    0x00,0x03,0x00,0x00,0x00,0x00,0x00,0x00,0x00,0x00,0x00,0x00,0x03,0x00,0x4f,0xff,0xfc,0xff,0xff,0xff,0xff,0xff,0xff,0xff,
    0xfe,0xfe,0xf2,0x24,0x01,0x02,0x00,0x00,0x00,0x00,0x00,0x00,0x00,0x00,0x00,0x00,0x02,0x00,0xcd,0xfe,0xfc,0xff,0xff,0xff,
    0xff,0xff,0xff,0xff,0xfb,0xff,0xa6,0x00,0x03,0x00,0x00,0x00,0x00,0x00,0x00,0x00,0x00,0x00,0x00,0x03,0x00,0x56,0xff,0xfc,
    0xff,0xff,0xff,0xff,0xff,0xff,0xff,0xff,0xfb,0xff,0x9d,0x01,0x04,0x00,0x00,0x00,0x00,0x00,0x00,0x00,0x00,0x00,0x01,0x02,
    0x05,0xda,0xfe,0xfd,0xff,0xff,0xff,0xff,0xff,0xff,0xff,0xff,0xfb,0xff,0x9f,0x00,0x04,0x00,0x00,0x00,0x00,0x00,0x00,0x00,
    0x00,0x00,0x04,0x00,0x5e,0xff,0xfc,0xff,0xff,0xff,0xff,0xff,0xff,0xff,0xff,0xff,0xfb,0xff,0x9f,0x00,0x04,0x00,0x00,0x00,
    0x00,0x00,0x00,0x00,0x00,0x01,0x02,0x05,0xd9,0xfe,0xfd,0xff,0xff,0xff,0xff,0xff,0xff,0xff,0xff,0xff,0xfb,0xff,0x9f,0x00,
    0x04,0x00,0x00,0x00,0x00,0x00,0x00,0x00,0x00,0x04,0x00,0x5e,0xff,0xfc,0xff,0xff,0xff,0xff,0xff,0xff,0xff,0xff,0xfe,0xff,
    0xfb,0xff,0x9f,0x00,0x04,0x00,0x00,0x00,0x00,0x00,0x00,0x00,0x01,0x01,0x02,0xd6,0xfe,0xfd,0xff,0xff,0xff,0xff,0xff,0xff,
    0xff,0xff,0xff,0xff,0xfb,0xff,0x9f,0x00,0x04,0x00,0x00,0x00,0x00,0x00,0x00,0x00,0x04,0x00,0x6e,0xff,0xfa,0xfd,0xff,0xff,
    0xff,0xff,0xff,0xff,0xfe,0xfe,0xf7,0xf6,0xfc,0xfe,0x9f,0x00,0x04,0x00,0x00,0x00,0x00,0x00,0x00,0x00,0x02,0x01,0x4a,0xc6,
    0xff,0xff,0xfc,0xfd,0xff,0xff,0xff,0xff,0xfc,0xff,0x92,0xdd,0xff,0xff,0x9f,0x00,0x04,0x00,0x00,0x00,0x00,0x00,0x00,0x00,
    0x00,0x01,0x00,0x00,0x56,0xd3,0xff,0xff,0xfc,0xfd,0xff,0xfe,0xfe,0xe9,0x22,0xe8,0xfe,0xff,0x9f,0x00,0x04,0x00,0x00,0x00,
    0x00,0x00,0x00,0x00,0x00,0x00,0x02,0x01,0x00,0x06,0x61,0xd3,0xff,0xff,0xfb,0xfa,0xff,0x7f,0x00,0x29,0x27,0x27,0x18,0x00,
    0x01,0x00,0x00,0x00,0x00,0x00,0x00,0x00,0x00,0x00,0x00,0x00,0x03,0x00,0x00,0x06,0x61,0xd6,0xff,0xff,0xec,0x13,0x01,0x00,
    0x00,0x00,0x00,0x00,0x00,0x00,0x00,0x00,0x00,0x00,0x00,0x00,0x00,0x00,0x00,0x00,0x00,0x01,0x03,0x00,0x00,0x0a,0x6e,0xe4,
    0x81,0x00,0x04,0x02,0x02,0x02,0x01,0x00,0x00,0x00,0x00,0x00,0x00,0x00,0x00,0x00,0x00,0x00,0x00,0x00,0x00,0x00,0x00,0x01,
    0x03,0x00,0x00,0x10,0x0b,0x01,0x01,0x00,0x00,0x00,0x00,0x00,0x00,0x00,0x00,0x00,0x00,0x00,0x00,0x00,0x00,0x00,0x00,0x00,
    0x00,0x00,0x00,0x00,0x00,0x01,0x04,0x00,0x00,0x00,0x00,0x00,0x00,0x00,0x00,0x00,0x00,0x00,0x00,0x00,0x00,0x00,0x00,0x00,
    0x00,0x00,0x00,0x00,0x00,0x00,0x00,0x00,0x00,0x00,0x00,0x01,0x01,0x00,0x00,0x00,0x00,0x00,0x00,0x00,0x00,0x00,0x00,0x00,
    0x00,0x00,0x00,0x00,
};
const lv_img_dsc_t img_car_fl_under = {
    .header.cf = LV_IMG_CF_ALPHA_8BIT, .header.always_zero = 0, .header.reserved = 0,
    .header.w = 28, .header.h = 37, .data_size = 1036, .data = img_car_fl_under_map,
};

static const uint8_t img_car_fl_map[] = {
    0x00,0x00,0x00,0x00,0x00,0x00,0x00,0x00,0x00,0x00,0x00,0x00,0x00,0x00,0x00,0x02,0x03,0x00,0x00,0x00,0x00,0x00,0x00,0x00,
    0x00,0x00,0x00,0x00,0x00,0x00,0x00,0x00,0x00,0x00,0x00,0x00,0x00,0x00,0x00,0x00,0x00,0x00,0x00,0x00,0x00,0x00,0x03,0x00,
    0x00,0x00,0x00,0x00,0x00,0x00,0x00,0x00,0x00,0x00,0x00,0x00,0x00,0x00,0x00,0x00,0x00,0x00,0x00,0x00,0x00,0x02,0x01,0x2d,
    0x59,0x00,0x00,0x02,0x03,0x00,0x00,0x00,0x00,0x00,0x00,0x00,0x00,0x00,0x00,0x00,0x00,0x00,0x00,0x00,0x00,0x00,0x00,0x00,
    0x00,0x03,0x00,0xb2,0xff,0xc5,0x4a,0x00,0x00,0x01,0x02,0x00,0x00,0x00,0x00,0x00,0x00,0x00,0x00,0x00,0x00,0x00,0x00,0x00,
    0x00,0x00,0x00,0x00,0x03,0x01,0x32,0xfd,0xfb,0xff,0xff,0xba,0x46,0x00,0x00,0x01,0x01,0x00,0x00,0x00,0x00,0x00,0x00,0x00,
    0x00,0x00,0x00,0x00,0x00,0x00,0x00,0x00,0x03,0x00,0xb0,0xff,0xfb,0xfd,0xfc,0xff,0xdc,0x6a,0x2a,0x00,0x00,0x00,0x00,0x00,
    0x00,0x00,0x00,0x00,0x00,0x00,0x00,0x00,0x00,0x00,0x00,0x03,0x01,0x32,0xfe,0xfd,0xff,0xff,0xfe,0xf8,0x9f,0x9b,0x9d,0x69,
    0x20,0x00,0x01,0x00,0x00,0x00,0x00,0x00,0x00,0x00,0x00,0x00,0x00,0x00,0x00,0x03,0x00,0xb0,0xff,0xfc,0xff,0xfd,0xff,0xd1,
    0x8e,0x96,0x95,0x9d,0x9f,0x47,0x00,0x02,0x00,0x00,0x00,0x00,0x00,0x00,0x00,0x00,0x00,0x00,0x03,0x00,0x33,0xfe,0xfd,0xff,
    0xff,0xfe,0xfb,0xa1,0x93,0x97,0x96,0x93,0x9a,0x24,0x00,0x02,0x00,0x00,0x00,0x00,0x00,0x00,0x00,0x00,0x00,0x00,0x02,0x00,
    0xbd,0xff,0xfc,0xff,0xfd,0xff,0xd1,0x8e,0x98,0x96,0x94,0x9f,0x67,0x00,0x02,0x00,0x00,0x00,0x00,0x00,0x00,0x00,0x00,0x00,
    0x00,0x03,0x00,0x40,0xff,0xfd,0xff,0xff,0xfe,0xfb,0xa1,0x93,0x97,0x96,0x95,0x9a,0x1e,0x00,0x02,0x00,0x00,0x00,0x00,0x00,
    0x00,0x00,0x00,0x00,0x00,0x02,0x00,0xbf,0xff,0xfc,0xff,0xfd,0xff,0xce,0x8f,0x98,0x96,0x94,0x9f,0x67,0x00,0x02,0x00,0x00,
    0x00,0x00,0x00,0x00,0x00,0x00,0x00,0x00,0x03,0x00,0x40,0xff,0xfd,0xff,0xff,0xfe,0xf8,0x9c,0x94,0x96,0x96,0x95,0x9a,0x1e,
    0x00,0x02,0x00,0x00,0x00,0x00,0x00,0x00,0x00,0x00,0x00,0x00,0x02,0x00,0xbf,0xff,0xfc,0xff,0xfd,0xff,0xcb,0x8e,0x98,0x96,
    0x94,0x9f,0x66,0x00,0x02,0x00,0x00,0x00,0x00,0x00,0x00,0x00,0x00,0x00,0x00,0x03,0x00,0x40,0xff,0xfd,0xff,0xff,0xfe,0xf8,
    0x9d,0x94,0x96,0x96,0x96,0x96,0x18,0x00,0x01,0x00,0x00,0x00,0x00,0x00,0x00,0x00,0x00,0x00,0x00,0x02,0x00,0xc0,0xff,0xfc,
    0xff,0xfd,0xff,0xcb,0x8e,0x98,0x96,0x94,0xa0,0x5e,0x00,0x02,0x00,0x00,0x00,0x00,0x00,0x00,0x00,0x00,0x00,0x00,0x03,0x00,
    0x4e,0xff,0xfc,0xff,0xfe,0xfe,0xf8,0x9d,0x94,0x96,0x96,0x96,0x96,0x17,0x01,0x01,0x00,0x00,0x00,0x00,0x00,0x00,0x00,0x00,
    0x00,0x00,0x02,0x01,0xcd,0xfe,0xfc,0xff,0xfe,0xff,0xcb,0x8e,0x98,0x96,0x94,0xa0,0x5e,0x00,0x02,0x00,0x00,0x00,0x00,0x00,
    0x00,0x00,0x00,0x00,0x00,0x03,0x00,0x4f,0xff,0xfc,0xff,0xfe,0xff,0xf4,0x9a,0x95,0x96,0x96,0x96,0x96,0x17,0x00,0x01,0x00,
    0x00,0x00,0x00,0x00,0x00,0x00,0x00,0x00,0x00,0x02,0x01,0xcd,0xfe,0xfa,0xff,0xbb,0x8b,0xca,0x8d,0x98,0x96,0x93,0xa1,0x5e,
    0x00,0x02,0x00,0x00,0x00,0x00,0x00,0x00,0x00,0x00,0x00,0x00,0x03,0x00,0x4f,0xff,0xfc,0xfe,0xfc,0x6a,0x9e,0xa5,0x93,0x96,
    0x96,0x97,0x94,0x15,0x01,0x01,0x00,0x00,0x00,0x00,0x00,0x00,0x00,0x00,0x00,0x00,0x02,0x00,0xcd,0xfe,0xfa,0xff,0xbc,0x68,
    0xc3,0x90,0x97,0x96,0x93,0xa1,0x54,0x00,0x02,0x00,0x00,0x00,0x00,0x00,0x00,0x00,0x00,0x00,0x00,0x03,0x00,0x56,0xff,0xfc,
    0xfe,0xfc,0x6a,0xa6,0xa7,0x92,0x96,0x96,0x97,0x91,0x10,0x01,0x01,0x00,0x00,0x00,0x00,0x00,0x00,0x00,0x00,0x00,0x01,0x02,
    0x05,0xda,0xfe,0xfa,0xff,0xbe,0x68,0xc2,0x90,0x97,0x96,0x93,0xa1,0x54,0x00,0x02,0x00,0x00,0x00,0x00,0x00,0x00,0x00,0x00,
    0x00,0x00,0x04,0x00,0x5e,0xff,0xfb,0xfe,0xf6,0x61,0xa6,0xa7,0x92,0x96,0x96,0x97,0x91,0x10,0x01,0x01,0x00,0x00,0x00,0x00,
    0x00,0x00,0x00,0x00,0x00,0x01,0x02,0x05,0xd9,0xfe,0xfc,0xff,0xf4,0xb0,0xb4,0x91,0x97,0x96,0x93,0xa1,0x54,0x00,0x02,0x00,
    0x00,0x00,0x00,0x00,0x00,0x00,0x00,0x00,0x00,0x04,0x00,0x5e,0xff,0xfc,0xff,0xfe,0xff,0xfa,0x97,0x96,0x96,0x96,0x97,0x92,
    0x10,0x01,0x01,0x00,0x00,0x00,0x00,0x00,0x00,0x00,0x00,0x00,0x01,0x01,0x02,0xd6,0xfe,0xfd,0xff,0xfd,0xff,0xbb,0x8e,0x98,
    0x96,0x94,0xa1,0x50,0x00,0x02,0x00,0x00,0x00,0x00,0x00,0x00,0x00,0x00,0x00,0x00,0x04,0x00,0x6e,0xff,0xfa,0xfd,0xfe,0xff,
    0xef,0x96,0x96,0x96,0x95,0x99,0x8c,0x0a,0x01,0x01,0x00,0x00,0x00,0x00,0x00,0x00,0x00,0x00,0x00,0x00,0x02,0x01,0x4a,0xc6,
    0xff,0xff,0xfa,0xff,0xbd,0x8f,0x98,0x96,0x93,0xa1,0x4b,0x00,0x02,0x00,0x00,0x00,0x00,0x00,0x00,0x00,0x00,0x00,0x00,0x00,
    0x00,0x01,0x00,0x00,0x56,0xd3,0xff,0xf6,0x93,0x95,0x96,0x95,0x99,0x8c,0x0b,0x01,0x01,0x00,0x00,0x00,0x00,0x00,0x00,0x00,
    0x00,0x00,0x00,0x00,0x00,0x00,0x02,0x01,0x00,0x05,0x65,0xa1,0x9a,0x9c,0x93,0x92,0xa1,0x4b,0x00,0x02,0x00,0x00,0x00,0x00,
    0x00,0x00,0x00,0x00,0x00,0x00,0x00,0x00,0x00,0x00,0x00,0x00,0x03,0x00,0x00,0x00,0x3b,0x81,0xa0,0x9d,0x8c,0x0b,0x01,0x01,
    0x00,0x00,0x00,0x00,0x00,0x00,0x00,0x00,0x00,0x00,0x00,0x00,0x00,0x00,0x00,0x00,0x00,0x01,0x03,0x01,0x00,0x06,0x42,0x90,
    0x4b,0x00,0x02,0x00,0x00,0x00,0x00,0x00,0x00,0x00,0x00,0x00,0x00,0x00,0x00,0x00,0x00,0x00,0x00,0x00,0x00,0x00,0x00,0x00,
    0x02,0x00,0x00,0x08,0x06,0x01,0x00,0x00,0x00,0x00,0x00,0x00,0x00,0x00,0x00,0x00,0x00,0x00,0x00,0x00,0x00,0x00,0x00,0x00,
    0x00,0x00,0x00,0x00,0x00,0x00,0x02,0x00,0x00,0x00,0x00,0x00,0x00,0x00,0x00,0x00,0x00,0x00,0x00,0x00,0x00,0x00,0x00,0x00,
    0x00,0x00,0x00,0x00,0x00,0x00,0x00,0x00,0x00,0x00,0x00,0x01,0x00,0x00,0x00,0x00,0x00,0x00,0x00,0x00,0x00,0x00,0x00,0x00,
    0x00,0x00,0x00,0x00,
};
const lv_img_dsc_t img_car_fl = {
    .header.cf = LV_IMG_CF_ALPHA_8BIT, .header.always_zero = 0, .header.reserved = 0,
    .header.w = 28, .header.h = 37, .data_size = 1036, .data = img_car_fl_map,
};

static const uint8_t img_car_fr_under_map[] = {
    0x00,0x00,0x00,0x00,0x00,0x00,0x00,0x00,0x00,0x01,0x01,0x03,0x02,0x00,0x00,0x00,0x00,0x00,0x00,0x00,0x00,0x00,0x00,0x00,
    0x00,0x00,0x00,0x00,0x00,0x00,0x00,0x00,0x00,0x00,0x00,0x00,0x00,0x00,0x00,0x00,0x00,0x00,0x00,0x00,0x00,0x00,0x00,0x00,
    0x00,0x00,0x00,0x00,0x00,0x00,0x00,0x00,0x00,0x00,0x00,0x00,0x00,0x00,0x00,0x03,0x01,0x05,0x12,0x58,0x3b,0x04,0x02,0x00,
    0x00,0x00,0x00,0x00,0x00,0x00,0x00,0x00,0x00,0x00,0x00,0x00,0x00,0x00,0x00,0x00,0x00,0x03,0x02,0x00,0x00,0x8a,0xee,0xff,
    0xfc,0x21,0x01,0x02,0x00,0x00,0x00,0x00,0x00,0x00,0x00,0x00,0x00,0x00,0x00,0x00,0x00,0x00,0x00,0x02,0x02,0x00,0x00,0x45,
    0xba,0xff,0xff,0xfb,0xff,0x3a,0x01,0x03,0x00,0x00,0x00,0x00,0x00,0x00,0x00,0x00,0x00,0x00,0x00,0x00,0x00,0x00,0x00,0x00,
    0x00,0x45,0xba,0xff,0xff,0xfe,0xfe,0xfb,0xff,0xae,0x00,0x03,0x00,0x00,0x00,0x00,0x00,0x00,0x00,0x00,0x00,0x00,0x00,0x00,
    0x00,0x01,0x00,0x37,0xae,0xff,0xff,0xfd,0xfc,0xff,0xff,0xff,0xfd,0xfe,0x32,0x01,0x03,0x00,0x00,0x00,0x00,0x00,0x00,0x00,
    0x00,0x00,0x00,0x00,0x03,0x00,0x79,0xff,0xff,0xfd,0xfc,0xff,0xff,0xff,0xff,0xff,0xfc,0xff,0xb0,0x00,0x03,0x00,0x00,0x00,
    0x00,0x00,0x00,0x00,0x00,0x00,0x00,0x00,0x03,0x00,0x3d,0xfe,0xfa,0xfe,0xff,0xff,0xff,0xff,0xff,0xff,0xff,0xfd,0xfe,0x33,
    0x00,0x03,0x00,0x00,0x00,0x00,0x00,0x00,0x00,0x00,0x00,0x00,0x00,0x03,0x00,0xb0,0xff,0xfc,0xff,0xff,0xff,0xff,0xff,0xff,
    0xff,0xfc,0xff,0xbd,0x00,0x02,0x00,0x00,0x00,0x00,0x00,0x00,0x00,0x00,0x00,0x00,0x00,0x03,0x01,0x32,0xfe,0xfd,0xff,0xff,
    0xff,0xff,0xff,0xff,0xff,0xff,0xfd,0xff,0x40,0x00,0x03,0x00,0x00,0x00,0x00,0x00,0x00,0x00,0x00,0x00,0x00,0x00,0x03,0x00,
    0xb0,0xff,0xfc,0xff,0xff,0xff,0xff,0xff,0xff,0xff,0xfc,0xff,0xbf,0x00,0x02,0x00,0x00,0x00,0x00,0x00,0x00,0x00,0x00,0x00,
    0x00,0x00,0x03,0x01,0x32,0xfe,0xfd,0xff,0xff,0xff,0xff,0xff,0xff,0xff,0xff,0xfd,0xff,0x40,0x00,0x03,0x00,0x00,0x00,0x00,
    0x00,0x00,0x00,0x00,0x00,0x00,0x00,0x03,0x00,0xaf,0xff,0xfc,0xff,0xff,0xff,0xff,0xff,0xff,0xff,0xfc,0xff,0xbf,0x00,0x02,
    0x00,0x00,0x00,0x00,0x00,0x00,0x00,0x00,0x00,0x00,0x00,0x02,0x01,0x28,0xfa,0xfd,0xfe,0xff,0xff,0xff,0xff,0xff,0xff,0xff,
    0xfd,0xff,0x40,0x00,0x03,0x00,0x00,0x00,0x00,0x00,0x00,0x00,0x00,0x00,0x00,0x00,0x03,0x00,0xa0,0xff,0xfb,0xff,0xff,0xff,
    0xff,0xff,0xff,0xff,0xfc,0xff,0xc0,0x00,0x02,0x00,0x00,0x00,0x00,0x00,0x00,0x00,0x00,0x00,0x00,0x00,0x02,0x01,0x26,0xfa,
    0xfd,0xfe,0xff,0xff,0xff,0xff,0xff,0xff,0xff,0xfc,0xff,0x4e,0x00,0x03,0x00,0x00,0x00,0x00,0x00,0x00,0x00,0x00,0x00,0x00,
    0x00,0x03,0x00,0xa0,0xff,0xfb,0xff,0xff,0xff,0xff,0xff,0xff,0xff,0xfc,0xfe,0xcd,0x01,0x02,0x00,0x00,0x00,0x00,0x00,0x00,
    0x00,0x00,0x00,0x00,0x00,0x02,0x01,0x26,0xfa,0xfd,0xfe,0xff,0xff,0xff,0xff,0xff,0xff,0xff,0xfc,0xff,0x4f,0x00,0x03,0x00,
    0x00,0x00,0x00,0x00,0x00,0x00,0x00,0x00,0x00,0x00,0x03,0x00,0xa1,0xff,0xfb,0xff,0xff,0xff,0xff,0xff,0xff,0xff,0xfc,0xfe,
    0xcd,0x01,0x02,0x00,0x00,0x00,0x00,0x00,0x00,0x00,0x00,0x00,0x00,0x00,0x02,0x01,0x24,0xf5,0xfe,0xfe,0xff,0xff,0xff,0xff,
    0xff,0xff,0xff,0xfc,0xff,0x4f,0x00,0x03,0x00,0x00,0x00,0x00,0x00,0x00,0x00,0x00,0x00,0x00,0x00,0x03,0x00,0x96,0xff,0xfb,
    0xff,0xff,0xff,0xff,0xff,0xff,0xff,0xfc,0xfe,0xcd,0x00,0x02,0x00,0x00,0x00,0x00,0x00,0x00,0x00,0x00,0x00,0x00,0x00,0x04,
    0x01,0x7b,0xff,0xfb,0xff,0xff,0xff,0xff,0xff,0xff,0xff,0xff,0xfc,0xff,0x56,0x00,0x03,0x00,0x00,0x00,0x00,0x00,0x00,0x00,
    0x00,0x00,0x00,0x04,0x00,0x80,0xff,0xfb,0xff,0xff,0xff,0xff,0xff,0xff,0xff,0xff,0xfd,0xfe,0xda,0x05,0x02,0x01,0x00,0x00,
    0x00,0x00,0x00,0x00,0x00,0x00,0x00,0x04,0x00,0x7f,0xff,0xfb,0xff,0xff,0xff,0xff,0xff,0xff,0xff,0xff,0xff,0xfc,0xff,0x5e,
    0x00,0x04,0x00,0x00,0x00,0x00,0x00,0x00,0x00,0x00,0x00,0x04,0x00,0x7f,0xff,0xfb,0xff,0xff,0xff,0xff,0xff,0xff,0xff,0xff,
    0xff,0xfd,0xfe,0xd9,0x05,0x02,0x01,0x00,0x00,0x00,0x00,0x00,0x00,0x00,0x00,0x04,0x00,0x7f,0xff,0xfb,0xff,0xff,0xff,0xff,
    0xff,0xff,0xff,0xff,0xff,0xff,0xfc,0xff,0x5e,0x00,0x04,0x00,0x00,0x00,0x00,0x00,0x00,0x00,0x00,0x04,0x00,0x7f,0xff,0xfb,
    0xff,0xff,0xff,0xff,0xff,0xff,0xff,0xff,0xff,0xff,0xfd,0xfe,0xd6,0x02,0x01,0x01,0x00,0x00,0x00,0x00,0x00,0x00,0x00,0x04,
    0x00,0x7f,0xfe,0xfb,0xfd,0xff,0xfe,0xff,0xff,0xff,0xff,0xff,0xff,0xff,0xfd,0xfa,0xff,0x6e,0x00,0x04,0x00,0x00,0x00,0x00,
    0x00,0x00,0x00,0x04,0x00,0x7f,0xff,0xff,0xef,0xaa,0xff,0xfd,0xff,0xff,0xff,0xff,0xfd,0xfc,0xff,0xff,0xc6,0x4a,0x01,0x02,
    0x00,0x00,0x00,0x00,0x00,0x00,0x00,0x04,0x00,0x7f,0xff,0xfc,0xf9,0x37,0xe5,0xfe,0xfe,0xff,0xfd,0xfc,0xff,0xff,0xd3,0x56,
    0x00,0x00,0x01,0x00,0x00,0x00,0x00,0x00,0x00,0x00,0x00,0x01,0x00,0x14,0x27,0x26,0x2b,0x02,0x7e,0xff,0xfa,0xfb,0xff,0xff,
    0xd3,0x61,0x06,0x00,0x01,0x02,0x00,0x00,0x00,0x00,0x00,0x00,0x00,0x00,0x00,0x00,0x00,0x00,0x00,0x00,0x00,0x00,0x13,0xec,
    0xff,0xff,0xd6,0x61,0x06,0x00,0x00,0x03,0x00,0x00,0x00,0x00,0x00,0x00,0x00,0x00,0x00,0x00,0x00,0x00,0x00,0x01,0x02,0x02,
    0x02,0x04,0x00,0x81,0xe4,0x6e,0x0a,0x00,0x00,0x03,0x01,0x00,0x00,0x00,0x00,0x00,0x00,0x00,0x00,0x00,0x00,0x00,0x00,0x00,
    0x00,0x00,0x00,0x00,0x00,0x01,0x01,0x0b,0x10,0x00,0x00,0x03,0x01,0x00,0x00,0x00,0x00,0x00,0x00,0x00,0x00,0x00,0x00,0x00,
    0x00,0x00,0x00,0x00,0x00,0x00,0x00,0x00,0x00,0x00,0x00,0x00,0x00,0x04,0x01,0x00,0x00,0x00,0x00,0x00,0x00,0x00,0x00,0x00,
    0x00,0x00,0x00,0x00,0x00,0x00,0x00,0x00,0x00,0x00,0x00,0x00,0x00,0x00,0x00,0x01,0x01,0x00,0x00,0x00,0x00,0x00,0x00,0x00,
    0x00,0x00,0x00,0x00,
};
const lv_img_dsc_t img_car_fr_under = {
    .header.cf = LV_IMG_CF_ALPHA_8BIT, .header.always_zero = 0, .header.reserved = 0,
    .header.w = 28, .header.h = 37, .data_size = 1036, .data = img_car_fr_under_map,
};

static const uint8_t img_car_fr_map[] = {
    0x00,0x00,0x00,0x00,0x00,0x00,0x00,0x00,0x00,0x00,0x00,0x03,0x02,0x00,0x00,0x00,0x00,0x00,0x00,0x00,0x00,0x00,0x00,0x00,
    0x00,0x00,0x00,0x00,0x00,0x00,0x00,0x00,0x00,0x00,0x00,0x00,0x00,0x03,0x00,0x00,0x00,0x00,0x00,0x00,0x00,0x00,0x00,0x00,
    0x00,0x00,0x00,0x00,0x00,0x00,0x00,0x00,0x00,0x00,0x00,0x00,0x00,0x00,0x00,0x03,0x02,0x00,0x00,0x59,0x2d,0x01,0x02,0x00,
    0x00,0x00,0x00,0x00,0x00,0x00,0x00,0x00,0x00,0x00,0x00,0x00,0x00,0x00,0x00,0x00,0x00,0x02,0x01,0x00,0x00,0x4a,0xc5,0xff,
    0xb2,0x00,0x03,0x00,0x00,0x00,0x00,0x00,0x00,0x00,0x00,0x00,0x00,0x00,0x00,0x00,0x00,0x00,0x00,0x01,0x01,0x00,0x00,0x46,
    0xba,0xff,0xff,0xfb,0xfd,0x32,0x01,0x03,0x00,0x00,0x00,0x00,0x00,0x00,0x00,0x00,0x00,0x00,0x00,0x00,0x00,0x00,0x00,0x00,
    0x00,0x2a,0x6a,0xdc,0xff,0xfc,0xfd,0xfb,0xff,0xb0,0x00,0x03,0x00,0x00,0x00,0x00,0x00,0x00,0x00,0x00,0x00,0x00,0x00,0x00,
    0x00,0x01,0x00,0x20,0x69,0x9d,0x9b,0x9f,0xf8,0xfe,0xff,0xff,0xfd,0xfe,0x32,0x01,0x03,0x00,0x00,0x00,0x00,0x00,0x00,0x00,
    0x00,0x00,0x00,0x00,0x02,0x00,0x47,0x9f,0x9d,0x95,0x96,0x8e,0xd1,0xff,0xfd,0xff,0xfc,0xff,0xb0,0x00,0x03,0x00,0x00,0x00,
    0x00,0x00,0x00,0x00,0x00,0x00,0x00,0x00,0x02,0x00,0x24,0x9a,0x93,0x96,0x97,0x93,0xa1,0xfb,0xfe,0xff,0xff,0xfd,0xfe,0x33,
    0x00,0x03,0x00,0x00,0x00,0x00,0x00,0x00,0x00,0x00,0x00,0x00,0x00,0x02,0x00,0x67,0x9f,0x94,0x96,0x98,0x8e,0xd1,0xff,0xfd,
    0xff,0xfc,0xff,0xbd,0x00,0x02,0x00,0x00,0x00,0x00,0x00,0x00,0x00,0x00,0x00,0x00,0x00,0x02,0x00,0x1e,0x9a,0x95,0x96,0x97,
    0x93,0xa1,0xfb,0xfe,0xff,0xff,0xfd,0xff,0x40,0x00,0x03,0x00,0x00,0x00,0x00,0x00,0x00,0x00,0x00,0x00,0x00,0x00,0x02,0x00,
    0x67,0x9f,0x94,0x96,0x98,0x8f,0xce,0xff,0xfd,0xff,0xfc,0xff,0xbf,0x00,0x02,0x00,0x00,0x00,0x00,0x00,0x00,0x00,0x00,0x00,
    0x00,0x00,0x02,0x00,0x1e,0x9a,0x95,0x96,0x96,0x94,0x9c,0xf8,0xfe,0xff,0xff,0xfd,0xff,0x40,0x00,0x03,0x00,0x00,0x00,0x00,
    0x00,0x00,0x00,0x00,0x00,0x00,0x00,0x02,0x00,0x66,0x9f,0x94,0x96,0x98,0x8e,0xcb,0xff,0xfd,0xff,0xfc,0xff,0xbf,0x00,0x02,
    0x00,0x00,0x00,0x00,0x00,0x00,0x00,0x00,0x00,0x00,0x00,0x01,0x00,0x18,0x96,0x96,0x96,0x96,0x94,0x9d,0xf8,0xfe,0xff,0xff,
    0xfd,0xff,0x40,0x00,0x03,0x00,0x00,0x00,0x00,0x00,0x00,0x00,0x00,0x00,0x00,0x00,0x02,0x00,0x5e,0xa0,0x94,0x96,0x98,0x8e,
    0xcb,0xff,0xfd,0xff,0xfc,0xff,0xc0,0x00,0x02,0x00,0x00,0x00,0x00,0x00,0x00,0x00,0x00,0x00,0x00,0x00,0x01,0x01,0x17,0x96,
    0x96,0x96,0x96,0x94,0x9d,0xf8,0xfe,0xfe,0xff,0xfc,0xff,0x4e,0x00,0x03,0x00,0x00,0x00,0x00,0x00,0x00,0x00,0x00,0x00,0x00,
    0x00,0x02,0x00,0x5e,0xa0,0x94,0x96,0x98,0x8e,0xcb,0xff,0xfe,0xff,0xfc,0xfe,0xcd,0x01,0x02,0x00,0x00,0x00,0x00,0x00,0x00,
    0x00,0x00,0x00,0x00,0x00,0x01,0x00,0x17,0x96,0x96,0x96,0x96,0x95,0x9a,0xf4,0xff,0xfe,0xff,0xfc,0xff,0x4f,0x00,0x03,0x00,
    0x00,0x00,0x00,0x00,0x00,0x00,0x00,0x00,0x00,0x00,0x02,0x00,0x5e,0xa1,0x93,0x96,0x98,0x8d,0xca,0x8b,0xbb,0xff,0xfa,0xfe,
    0xcd,0x01,0x02,0x00,0x00,0x00,0x00,0x00,0x00,0x00,0x00,0x00,0x00,0x00,0x01,0x01,0x15,0x94,0x97,0x96,0x96,0x93,0xa5,0x9e,
    0x6a,0xfc,0xfe,0xfc,0xff,0x4f,0x00,0x03,0x00,0x00,0x00,0x00,0x00,0x00,0x00,0x00,0x00,0x00,0x00,0x02,0x00,0x54,0xa1,0x93,
    0x96,0x97,0x90,0xc3,0x68,0xbc,0xff,0xfa,0xfe,0xcd,0x00,0x02,0x00,0x00,0x00,0x00,0x00,0x00,0x00,0x00,0x00,0x00,0x00,0x01,
    0x01,0x10,0x91,0x97,0x96,0x96,0x92,0xa7,0xa6,0x6a,0xfc,0xfe,0xfc,0xff,0x56,0x00,0x03,0x00,0x00,0x00,0x00,0x00,0x00,0x00,
    0x00,0x00,0x00,0x00,0x02,0x00,0x54,0xa1,0x93,0x96,0x97,0x90,0xc2,0x68,0xbe,0xff,0xfa,0xfe,0xda,0x05,0x02,0x01,0x00,0x00,
    0x00,0x00,0x00,0x00,0x00,0x00,0x00,0x00,0x01,0x01,0x10,0x91,0x97,0x96,0x96,0x92,0xa7,0xa6,0x61,0xf6,0xfe,0xfb,0xff,0x5e,
    0x00,0x04,0x00,0x00,0x00,0x00,0x00,0x00,0x00,0x00,0x00,0x00,0x00,0x02,0x00,0x54,0xa1,0x93,0x96,0x97,0x91,0xb4,0xb0,0xf4,
    0xff,0xfc,0xfe,0xd9,0x05,0x02,0x01,0x00,0x00,0x00,0x00,0x00,0x00,0x00,0x00,0x00,0x00,0x01,0x01,0x10,0x92,0x97,0x96,0x96,
    0x96,0x97,0xfa,0xff,0xfe,0xff,0xfc,0xff,0x5e,0x00,0x04,0x00,0x00,0x00,0x00,0x00,0x00,0x00,0x00,0x00,0x00,0x00,0x02,0x00,
    0x50,0xa1,0x94,0x96,0x98,0x8e,0xbb,0xff,0xfd,0xff,0xfd,0xfe,0xd6,0x02,0x01,0x01,0x00,0x00,0x00,0x00,0x00,0x00,0x00,0x00,
    0x00,0x00,0x01,0x01,0x0a,0x8c,0x99,0x95,0x96,0x96,0x96,0xef,0xff,0xfe,0xfd,0xfa,0xff,0x6e,0x00,0x04,0x00,0x00,0x00,0x00,
    0x00,0x00,0x00,0x00,0x00,0x00,0x00,0x02,0x00,0x4b,0xa1,0x93,0x96,0x98,0x8f,0xbd,0xff,0xfa,0xff,0xff,0xc6,0x4a,0x01,0x02,
    0x00,0x00,0x00,0x00,0x00,0x00,0x00,0x00,0x00,0x00,0x00,0x01,0x01,0x0b,0x8c,0x99,0x95,0x96,0x95,0x93,0xf6,0xff,0xd3,0x56,
    0x00,0x00,0x01,0x00,0x00,0x00,0x00,0x00,0x00,0x00,0x00,0x00,0x00,0x00,0x00,0x00,0x02,0x00,0x4b,0xa1,0x92,0x93,0x9c,0x9a,
    0xa1,0x65,0x05,0x00,0x01,0x02,0x00,0x00,0x00,0x00,0x00,0x00,0x00,0x00,0x00,0x00,0x00,0x00,0x00,0x00,0x01,0x01,0x0b,0x8c,
    0x9d,0xa0,0x81,0x3b,0x00,0x00,0x00,0x03,0x00,0x00,0x00,0x00,0x00,0x00,0x00,0x00,0x00,0x00,0x00,0x00,0x00,0x00,0x00,0x00,
    0x00,0x02,0x00,0x4b,0x90,0x42,0x06,0x00,0x01,0x03,0x01,0x00,0x00,0x00,0x00,0x00,0x00,0x00,0x00,0x00,0x00,0x00,0x00,0x00,
    0x00,0x00,0x00,0x00,0x00,0x00,0x01,0x06,0x08,0x00,0x00,0x02,0x00,0x00,0x00,0x00,0x00,0x00,0x00,0x00,0x00,0x00,0x00,0x00,
    0x00,0x00,0x00,0x00,0x00,0x00,0x00,0x00,0x00,0x00,0x00,0x00,0x00,0x02,0x00,0x00,0x00,0x00,0x00,0x00,0x00,0x00,0x00,0x00,
    0x00,0x00,0x00,0x00,0x00,0x00,0x00,0x00,0x00,0x00,0x00,0x00,0x00,0x00,0x00,0x00,0x01,0x00,0x00,0x00,0x00,0x00,0x00,0x00,
    0x00,0x00,0x00,0x00,
};
const lv_img_dsc_t img_car_fr = {
    .header.cf = LV_IMG_CF_ALPHA_8BIT, .header.always_zero = 0, .header.reserved = 0,
    .header.w = 28, .header.h = 37, .data_size = 1036, .data = img_car_fr_map,
};

static const uint8_t img_car_rl_under_map[] = {
    0x00,0x00,0x00,0x00,0x00,0x00,0x00,0x00,0x00,0x00,0x00,0x00,0x00,0x02,0x03,0x01,0x01,0x00,0x00,0x00,0x00,0x00,0x00,0x00,
    0x00,0x00,0x00,0x00,0x00,0x00,0x00,0x00,0x00,0x00,0x00,0x00,0x00,0x00,0x00,0x00,0x00,0x00,0x00,0x00,0x00,0x00,0x00,0x00,
    0x00,0x00,0x00,0x00,0x00,0x00,0x00,0x00,0x00,0x00,0x00,0x00,0x00,0x00,0x00,0x02,0x02,0x3a,0x59,0x12,0x09,0x01,0x03,0x00,
    0x00,0x00,0x00,0x00,0x00,0x00,0x00,0x00,0x00,0x00,0x00,0x00,0x00,0x00,0x00,0x00,0x01,0x01,0x0c,0xeb,0xff,0xee,0xa0,0x00,
    0x00,0x02,0x03,0x00,0x00,0x00,0x00,0x00,0x00,0x00,0x00,0x00,0x00,0x00,0x00,0x00,0x00,0x00,0x03,0x01,0x34,0xfb,0xfb,0xff,
    0xfe,0xba,0x45,0x00,0x00,0x02,0x02,0x00,0x00,0x00,0x00,0x00,0x00,0x00,0x00,0x00,0x00,0x00,0x00,0x00,0x03,0x00,0xb0,0xff,
    0xfb,0xfe,0xff,0xff,0xff,0xba,0x45,0x00,0x00,0x00,0x00,0x00,0x00,0x00,0x00,0x00,0x00,0x00,0x00,0x00,0x00,0x03,0x00,0x33,
    0xfe,0xfd,0xff,0xff,0xff,0xfc,0xfd,0xff,0xff,0xae,0x37,0x00,0x01,0x00,0x00,0x00,0x00,0x00,0x00,0x00,0x00,0x00,0x00,0x02,
    0x00,0xbd,0xff,0xfc,0xff,0xff,0xff,0xff,0xff,0xfc,0xfd,0xff,0xff,0x79,0x00,0x03,0x00,0x00,0x00,0x00,0x00,0x00,0x00,0x00,
    0x03,0x00,0x40,0xff,0xfd,0xff,0xff,0xff,0xff,0xff,0xff,0xff,0xfe,0xfa,0xfe,0x3d,0x00,0x03,0x00,0x00,0x00,0x00,0x00,0x00,
    0x00,0x00,0x02,0x00,0xbf,0xff,0xfc,0xff,0xff,0xff,0xff,0xff,0xff,0xff,0xfc,0xff,0xb0,0x00,0x03,0x00,0x00,0x00,0x00,0x00,
    0x00,0x00,0x00,0x03,0x00,0x3f,0xff,0xfd,0xff,0xff,0xff,0xff,0xff,0xff,0xff,0xff,0xfd,0xfe,0x32,0x01,0x03,0x00,0x00,0x00,
    0x00,0x00,0x00,0x00,0x00,0x02,0x01,0xc2,0xff,0xfc,0xff,0xff,0xff,0xff,0xff,0xff,0xff,0xfc,0xff,0xb0,0x00,0x03,0x00,0x00,
    0x00,0x00,0x00,0x00,0x00,0x00,0x03,0x00,0x4f,0xff,0xfc,0xff,0xff,0xff,0xff,0xff,0xff,0xff,0xff,0xfd,0xfe,0x32,0x01,0x03,
    0x00,0x00,0x00,0x00,0x00,0x00,0x00,0x00,0x02,0x01,0xcd,0xfe,0xfc,0xff,0xff,0xff,0xff,0xff,0xff,0xff,0xfc,0xff,0xb0,0x00,
    0x03,0x00,0x00,0x00,0x00,0x00,0x00,0x00,0x00,0x03,0x00,0x4f,0xff,0xfc,0xff,0xff,0xff,0xff,0xff,0xff,0xff,0xff,0xfd,0xfd,
    0x32,0x01,0x03,0x00,0x00,0x00,0x00,0x00,0x00,0x00,0x00,0x02,0x00,0xcd,0xfe,0xfc,0xff,0xff,0xff,0xff,0xff,0xff,0xff,0xfb,
    0xff,0xa2,0x00,0x03,0x00,0x00,0x00,0x00,0x00,0x00,0x00,0x00,0x04,0x00,0x5a,0xff,0xfc,0xff,0xff,0xff,0xff,0xff,0xff,0xff,
    0xfe,0xfd,0xfa,0x26,0x01,0x02,0x00,0x00,0x00,0x00,0x00,0x00,0x00,0x01,0x02,0x05,0xda,0xfe,0xfd,0xff,0xff,0xff,0xff,0xff,
    0xff,0xff,0xfb,0xff,0xa0,0x00,0x03,0x00,0x00,0x00,0x00,0x00,0x00,0x00,0x00,0x04,0x00,0x5e,0xff,0xfc,0xff,0xff,0xff,0xff,
    0xff,0xff,0xff,0xfe,0xfd,0xfa,0x26,0x01,0x02,0x00,0x00,0x00,0x00,0x00,0x00,0x00,0x01,0x02,0x05,0xd9,0xfe,0xfd,0xff,0xff,
    0xff,0xff,0xff,0xff,0xff,0xfb,0xff,0xa0,0x00,0x03,0x00,0x00,0x00,0x00,0x00,0x00,0x00,0x00,0x03,0x00,0x61,0xff,0xfc,0xff,
    0xff,0xff,0xff,0xff,0xff,0xff,0xfe,0xfe,0xf7,0x26,0x01,0x02,0x00,0x00,0x00,0x00,0x00,0x00,0x00,0x01,0x01,0x0b,0xe3,0xfe,
    0xfd,0xff,0xff,0xff,0xff,0xff,0xff,0xff,0xfb,0xff,0xad,0x00,0x03,0x00,0x00,0x00,0x00,0x00,0x00,0x00,0x00,0x04,0x00,0x6f,
    0xff,0xfc,0xff,0xff,0xff,0xff,0xff,0xff,0xff,0xff,0xfb,0xff,0x9c,0x01,0x04,0x00,0x00,0x00,0x00,0x00,0x00,0x00,0x01,0x01,
    0x09,0xe3,0xfe,0xfd,0xff,0xff,0xff,0xff,0xff,0xff,0xff,0xff,0xfb,0xff,0xa0,0x00,0x04,0x00,0x00,0x00,0x00,0x00,0x00,0x00,
    0x04,0x00,0x79,0xff,0xf9,0xff,0xff,0xff,0xff,0xff,0xff,0xff,0xff,0xff,0xfb,0xfe,0x9f,0x00,0x04,0x00,0x00,0x00,0x00,0x00,
    0x00,0x00,0x02,0x02,0xb0,0xff,0xff,0xfd,0xfd,0xff,0xff,0xff,0xff,0xff,0xff,0xfe,0xfc,0xff,0x9f,0x00,0x04,0x00,0x00,0x00,
    0x00,0x00,0x00,0x00,0x00,0x01,0x03,0x53,0xc7,0xff,0xff,0xfc,0xfd,0xff,0xff,0xff,0xfe,0xff,0xfb,0xfe,0x9f,0x00,0x04,0x00,
    0x00,0x00,0x00,0x00,0x00,0x00,0x00,0x00,0x00,0x00,0x00,0x53,0xc7,0xff,0xff,0xfc,0xfd,0xfc,0xff,0x9b,0x27,0x2a,0x18,0x00,
    0x01,0x00,0x00,0x00,0x00,0x00,0x00,0x00,0x00,0x00,0x00,0x03,0x01,0x00,0x00,0x60,0xd3,0xff,0xff,0xfb,0xf4,0x19,0x00,0x00,
    0x00,0x00,0x00,0x00,0x00,0x00,0x00,0x00,0x00,0x00,0x00,0x00,0x00,0x00,0x00,0x03,0x01,0x00,0x06,0x61,0xd1,0xff,0x90,0x00,
    0x05,0x02,0x01,0x00,0x00,0x00,0x00,0x00,0x00,0x00,0x00,0x00,0x00,0x00,0x00,0x00,0x00,0x00,0x00,0x03,0x00,0x00,0x04,0x60,
    0x1e,0x01,0x02,0x00,0x00,0x00,0x00,0x00,0x00,0x00,0x00,0x00,0x00,0x00,0x00,0x00,0x00,0x00,0x00,0x00,0x00,0x00,0x01,0x03,
    0x00,0x00,0x00,0x00,0x00,0x00,0x00,0x00,0x00,0x00,0x00,0x00,0x00,0x00,0x00,0x00,0x00,0x00,0x00,0x00,0x00,0x00,0x00,0x00,
    0x00,0x00,0x01,0x04,0x01,0x00,0x00,0x00,0x00,0x00,0x00,0x00,0x00,0x00,0x00,0x00,0x00,0x00,
};
const lv_img_dsc_t img_car_rl_under = {
    .header.cf = LV_IMG_CF_ALPHA_8BIT, .header.always_zero = 0, .header.reserved = 0,
    .header.w = 26, .header.h = 33, .data_size = 858, .data = img_car_rl_under_map,
};

static const uint8_t img_car_rl_map[] = {
    0x00,0x00,0x00,0x00,0x00,0x00,0x00,0x00,0x00,0x00,0x00,0x00,0x00,0x02,0x03,0x00,0x00,0x00,0x00,0x00,0x00,0x00,0x00,0x00,
    0x00,0x00,0x00,0x00,0x00,0x00,0x00,0x00,0x00,0x00,0x00,0x00,0x00,0x00,0x00,0x00,0x00,0x00,0x03,0x00,0x00,0x00,0x00,0x00,
    0x00,0x00,0x00,0x00,0x00,0x00,0x00,0x00,0x00,0x00,0x00,0x00,0x00,0x00,0x00,0x02,0x01,0x2d,0x59,0x00,0x00,0x02,0x03,0x00,
    0x00,0x00,0x00,0x00,0x00,0x00,0x00,0x00,0x00,0x00,0x00,0x00,0x00,0x00,0x00,0x00,0x00,0x03,0x00,0xb2,0xff,0xc5,0x4a,0x00,
    0x00,0x01,0x02,0x00,0x00,0x00,0x00,0x00,0x00,0x00,0x00,0x00,0x00,0x00,0x00,0x00,0x00,0x00,0x03,0x01,0x32,0xfd,0xfb,0xff,
    0xff,0xba,0x46,0x00,0x00,0x01,0x01,0x00,0x00,0x00,0x00,0x00,0x00,0x00,0x00,0x00,0x00,0x00,0x00,0x00,0x03,0x00,0xb0,0xff,
    0xfb,0xfd,0xfc,0xff,0xdc,0x6a,0x2a,0x00,0x00,0x00,0x00,0x00,0x00,0x00,0x00,0x00,0x00,0x00,0x00,0x00,0x00,0x03,0x00,0x33,
    0xfe,0xfd,0xff,0xff,0xfe,0xf8,0x9f,0x9b,0x9d,0x69,0x20,0x00,0x01,0x00,0x00,0x00,0x00,0x00,0x00,0x00,0x00,0x00,0x00,0x02,
    0x00,0xbd,0xff,0xfc,0xff,0xfd,0xff,0xd1,0x8e,0x96,0x95,0x9d,0x9f,0x47,0x00,0x02,0x00,0x00,0x00,0x00,0x00,0x00,0x00,0x00,
    0x03,0x00,0x40,0xff,0xfd,0xff,0xff,0xfe,0xfb,0xa1,0x93,0x97,0x96,0x93,0x9a,0x24,0x00,0x02,0x00,0x00,0x00,0x00,0x00,0x00,
    0x00,0x00,0x02,0x00,0xbf,0xff,0xfc,0xff,0xfd,0xff,0xce,0x8f,0x98,0x96,0x94,0x9f,0x67,0x00,0x02,0x00,0x00,0x00,0x00,0x00,
    0x00,0x00,0x00,0x03,0x00,0x3f,0xff,0xfd,0xff,0xff,0xfe,0xf8,0x9c,0x94,0x96,0x96,0x95,0x9a,0x1e,0x00,0x02,0x00,0x00,0x00,
    0x00,0x00,0x00,0x00,0x00,0x02,0x01,0xc2,0xff,0xfc,0xff,0xfd,0xff,0xcb,0x8e,0x98,0x96,0x94,0x9f,0x67,0x00,0x02,0x00,0x00,
    0x00,0x00,0x00,0x00,0x00,0x00,0x03,0x00,0x4f,0xff,0xfc,0xff,0xff,0xfe,0xf8,0x9d,0x94,0x96,0x96,0x95,0x9a,0x1e,0x00,0x02,
    0x00,0x00,0x00,0x00,0x00,0x00,0x00,0x00,0x02,0x01,0xcd,0xfe,0xfc,0xff,0xfd,0xff,0xca,0x8e,0x98,0x96,0x94,0x9f,0x67,0x00,
    0x02,0x00,0x00,0x00,0x00,0x00,0x00,0x00,0x00,0x03,0x00,0x4f,0xff,0xfc,0xff,0xfe,0xfe,0xf4,0x9a,0x95,0x96,0x96,0x95,0x9a,
    0x1e,0x00,0x02,0x00,0x00,0x00,0x00,0x00,0x00,0x00,0x00,0x02,0x00,0xcd,0xfe,0xfc,0xff,0xfc,0xff,0xc4,0x8e,0x98,0x96,0x94,
    0xa0,0x5f,0x00,0x02,0x00,0x00,0x00,0x00,0x00,0x00,0x00,0x00,0x04,0x00,0x5a,0xff,0xfc,0xff,0xff,0xff,0xf4,0x99,0x95,0x96,
    0x96,0x96,0x96,0x16,0x00,0x01,0x00,0x00,0x00,0x00,0x00,0x00,0x00,0x01,0x02,0x05,0xda,0xfe,0xfa,0xff,0xc6,0x98,0xc9,0x8e,
    0x98,0x96,0x94,0xa0,0x5e,0x00,0x02,0x00,0x00,0x00,0x00,0x00,0x00,0x00,0x00,0x04,0x00,0x5e,0xff,0xfc,0xfe,0xff,0x72,0x8f,
    0xa5,0x93,0x96,0x96,0x96,0x96,0x17,0x00,0x01,0x00,0x00,0x00,0x00,0x00,0x00,0x00,0x01,0x02,0x05,0xd9,0xfe,0xfa,0xff,0xc8,
    0x62,0xb7,0x92,0x97,0x96,0x94,0xa0,0x5e,0x00,0x02,0x00,0x00,0x00,0x00,0x00,0x00,0x00,0x00,0x03,0x00,0x61,0xff,0xfc,0xfe,
    0xff,0x73,0x95,0xa4,0x93,0x96,0x96,0x96,0x96,0x17,0x00,0x01,0x00,0x00,0x00,0x00,0x00,0x00,0x00,0x01,0x01,0x0b,0xe3,0xfe,
    0xfb,0xff,0xc9,0x62,0xb5,0x92,0x97,0x96,0x93,0xa0,0x5e,0x00,0x02,0x00,0x00,0x00,0x00,0x00,0x00,0x00,0x00,0x04,0x00,0x6f,
    0xff,0xfb,0xfe,0xf9,0x69,0x96,0xa4,0x93,0x96,0x96,0x97,0x95,0x17,0x01,0x01,0x00,0x00,0x00,0x00,0x00,0x00,0x00,0x01,0x01,
    0x09,0xe3,0xfe,0xfc,0xff,0xf1,0x9b,0xab,0x93,0x97,0x96,0x93,0xa1,0x55,0x00,0x02,0x00,0x00,0x00,0x00,0x00,0x00,0x00,0x00,
    0x04,0x00,0x79,0xff,0xf9,0xff,0xfe,0xff,0xf4,0x94,0x96,0x96,0x96,0x97,0x91,0x10,0x01,0x01,0x00,0x00,0x00,0x00,0x00,0x00,
    0x00,0x00,0x02,0x02,0xb0,0xff,0xff,0xfc,0xfc,0xff,0xb5,0x8f,0x98,0x96,0x93,0xa1,0x54,0x00,0x02,0x00,0x00,0x00,0x00,0x00,
    0x00,0x00,0x00,0x00,0x00,0x01,0x04,0x53,0xcb,0xff,0xff,0xe8,0x92,0x97,0x96,0x96,0x97,0x91,0x10,0x01,0x01,0x00,0x00,0x00,
    0x00,0x00,0x00,0x00,0x00,0x00,0x00,0x00,0x00,0x00,0x04,0x61,0xd4,0xc1,0x94,0x95,0x95,0x93,0xa1,0x54,0x00,0x02,0x00,0x00,
    0x00,0x00,0x00,0x00,0x00,0x00,0x00,0x00,0x00,0x00,0x00,0x03,0x00,0x00,0x05,0x3b,0x7f,0xa0,0x9b,0x96,0x91,0x10,0x01,0x01,
    0x00,0x00,0x00,0x00,0x00,0x00,0x00,0x00,0x00,0x00,0x00,0x00,0x00,0x00,0x01,0x03,0x00,0x00,0x03,0x3b,0x7d,0xaa,0x55,0x00,
    0x02,0x00,0x00,0x00,0x00,0x00,0x00,0x00,0x00,0x00,0x00,0x00,0x00,0x00,0x00,0x00,0x00,0x00,0x01,0x02,0x00,0x00,0x02,0x3b,
    0x12,0x01,0x01,0x00,0x00,0x00,0x00,0x00,0x00,0x00,0x00,0x00,0x00,0x00,0x00,0x00,0x00,0x00,0x00,0x00,0x00,0x00,0x00,0x02,
    0x00,0x00,0x00,0x00,0x00,0x00,0x00,0x00,0x00,0x00,0x00,0x00,0x00,0x00,0x00,0x00,0x00,0x00,0x00,0x00,0x00,0x00,0x00,0x00,
    0x00,0x00,0x00,0x02,0x01,0x00,0x00,0x00,0x00,0x00,0x00,0x00,0x00,0x00,0x00,0x00,0x00,0x00,
};
const lv_img_dsc_t img_car_rl = {
    .header.cf = LV_IMG_CF_ALPHA_8BIT, .header.always_zero = 0, .header.reserved = 0,
    .header.w = 26, .header.h = 33, .data_size = 858, .data = img_car_rl_map,
};

static const uint8_t img_car_rr_under_map[] = {
    0x00,0x00,0x00,0x00,0x00,0x00,0x00,0x00,0x00,0x01,0x01,0x03,0x02,0x00,0x00,0x00,0x00,0x00,0x00,0x00,0x00,0x00,0x00,0x00,
    0x00,0x00,0x00,0x00,0x00,0x00,0x00,0x00,0x00,0x00,0x00,0x00,0x00,0x00,0x00,0x00,0x00,0x00,0x00,0x00,0x00,0x00,0x00,0x00,
    0x00,0x00,0x00,0x00,0x00,0x00,0x00,0x00,0x00,0x00,0x00,0x03,0x01,0x05,0x12,0x58,0x3b,0x04,0x02,0x00,0x00,0x00,0x00,0x00,
    0x00,0x00,0x00,0x00,0x00,0x00,0x00,0x00,0x00,0x00,0x00,0x03,0x02,0x00,0x00,0x8a,0xee,0xff,0xfc,0x21,0x01,0x02,0x00,0x00,
    0x00,0x00,0x00,0x00,0x00,0x00,0x00,0x00,0x00,0x00,0x00,0x02,0x02,0x00,0x00,0x45,0xba,0xff,0xff,0xfb,0xff,0x3a,0x01,0x03,
    0x00,0x00,0x00,0x00,0x00,0x00,0x00,0x00,0x00,0x00,0x00,0x00,0x00,0x00,0x00,0x45,0xba,0xff,0xff,0xfe,0xfe,0xfb,0xff,0xae,
    0x00,0x03,0x00,0x00,0x00,0x00,0x00,0x00,0x00,0x00,0x00,0x00,0x00,0x01,0x00,0x37,0xae,0xff,0xff,0xfd,0xfc,0xff,0xff,0xff,
    0xfd,0xfe,0x33,0x00,0x03,0x00,0x00,0x00,0x00,0x00,0x00,0x00,0x00,0x00,0x03,0x00,0x79,0xff,0xff,0xfd,0xfc,0xff,0xff,0xff,
    0xff,0xff,0xfc,0xff,0xbd,0x00,0x02,0x00,0x00,0x00,0x00,0x00,0x00,0x00,0x00,0x00,0x03,0x00,0x3d,0xfe,0xfa,0xfe,0xff,0xff,
    0xff,0xff,0xff,0xff,0xff,0xfd,0xff,0x40,0x00,0x03,0x00,0x00,0x00,0x00,0x00,0x00,0x00,0x00,0x00,0x03,0x00,0xb0,0xff,0xfc,
    0xff,0xff,0xff,0xff,0xff,0xff,0xff,0xfc,0xff,0xbf,0x00,0x02,0x00,0x00,0x00,0x00,0x00,0x00,0x00,0x00,0x00,0x03,0x01,0x32,
    0xfe,0xfd,0xff,0xff,0xff,0xff,0xff,0xff,0xff,0xff,0xfd,0xff,0x3f,0x00,0x03,0x00,0x00,0x00,0x00,0x00,0x00,0x00,0x00,0x00,
    0x03,0x00,0xb0,0xff,0xfc,0xff,0xff,0xff,0xff,0xff,0xff,0xff,0xfc,0xff,0xc2,0x01,0x02,0x00,0x00,0x00,0x00,0x00,0x00,0x00,
    0x00,0x00,0x03,0x01,0x32,0xfe,0xfd,0xff,0xff,0xff,0xff,0xff,0xff,0xff,0xff,0xfc,0xff,0x4f,0x00,0x03,0x00,0x00,0x00,0x00,
    0x00,0x00,0x00,0x00,0x00,0x03,0x00,0xb0,0xff,0xfc,0xff,0xff,0xff,0xff,0xff,0xff,0xff,0xfc,0xfe,0xcd,0x01,0x02,0x00,0x00,
    0x00,0x00,0x00,0x00,0x00,0x00,0x00,0x03,0x01,0x32,0xfd,0xfd,0xff,0xff,0xff,0xff,0xff,0xff,0xff,0xff,0xfc,0xff,0x4f,0x00,
    0x03,0x00,0x00,0x00,0x00,0x00,0x00,0x00,0x00,0x00,0x03,0x00,0xa2,0xff,0xfb,0xff,0xff,0xff,0xff,0xff,0xff,0xff,0xfc,0xfe,
    0xcd,0x00,0x02,0x00,0x00,0x00,0x00,0x00,0x00,0x00,0x00,0x00,0x02,0x01,0x26,0xfa,0xfd,0xfe,0xff,0xff,0xff,0xff,0xff,0xff,
    0xff,0xfc,0xff,0x5a,0x00,0x04,0x00,0x00,0x00,0x00,0x00,0x00,0x00,0x00,0x00,0x03,0x00,0xa0,0xff,0xfb,0xff,0xff,0xff,0xff,
    0xff,0xff,0xff,0xfd,0xfe,0xda,0x05,0x02,0x01,0x00,0x00,0x00,0x00,0x00,0x00,0x00,0x00,0x02,0x01,0x26,0xfa,0xfd,0xfe,0xff,
    0xff,0xff,0xff,0xff,0xff,0xff,0xfc,0xff,0x5e,0x00,0x04,0x00,0x00,0x00,0x00,0x00,0x00,0x00,0x00,0x00,0x03,0x00,0xa0,0xff,
    0xfb,0xff,0xff,0xff,0xff,0xff,0xff,0xff,0xfd,0xfe,0xd9,0x05,0x02,0x01,0x00,0x00,0x00,0x00,0x00,0x00,0x00,0x00,0x02,0x01,
    0x26,0xf9,0xfe,0xfe,0xff,0xff,0xff,0xff,0xff,0xff,0xff,0xfc,0xff,0x61,0x00,0x03,0x00,0x00,0x00,0x00,0x00,0x00,0x00,0x00,
    0x00,0x03,0x00,0xa1,0xff,0xfb,0xff,0xff,0xff,0xff,0xff,0xff,0xff,0xfd,0xfe,0xe3,0x0b,0x01,0x01,0x00,0x00,0x00,0x00,0x00,
    0x00,0x00,0x00,0x04,0x01,0x7a,0xff,0xfb,0xff,0xff,0xff,0xff,0xff,0xff,0xff,0xff,0xfc,0xff,0x6f,0x00,0x04,0x00,0x00,0x00,
    0x00,0x00,0x00,0x00,0x00,0x04,0x00,0x80,0xff,0xfb,0xff,0xff,0xff,0xff,0xff,0xff,0xff,0xff,0xfd,0xfe,0xe3,0x09,0x01,0x01,
    0x00,0x00,0x00,0x00,0x00,0x00,0x00,0x04,0x00,0x7f,0xfe,0xfb,0xff,0xff,0xff,0xff,0xff,0xff,0xff,0xff,0xff,0xf9,0xff,0x79,
    0x00,0x04,0x00,0x00,0x00,0x00,0x00,0x00,0x00,0x04,0x00,0x7f,0xff,0xfc,0xfe,0xff,0xff,0xff,0xff,0xff,0xff,0xfd,0xfd,0xff,
    0xff,0xb0,0x02,0x02,0x00,0x00,0x00,0x00,0x00,0x00,0x00,0x04,0x00,0x7f,0xfe,0xfb,0xff,0xfe,0xff,0xff,0xff,0xfd,0xfc,0xff,
    0xff,0xc7,0x53,0x03,0x01,0x00,0x00,0x00,0x00,0x00,0x00,0x00,0x00,0x01,0x00,0x14,0x2a,0x27,0x9b,0xff,0xfc,0xfd,0xfc,0xff,
    0xff,0xc7,0x53,0x00,0x00,0x00,0x00,0x00,0x00,0x00,0x00,0x00,0x00,0x00,0x00,0x00,0x00,0x00,0x00,0x00,0x19,0xf4,0xfb,0xff,
    0xff,0xd3,0x60,0x00,0x00,0x01,0x03,0x00,0x00,0x00,0x00,0x00,0x00,0x00,0x00,0x00,0x00,0x00,0x00,0x01,0x02,0x05,0x00,0x90,
    0xff,0xd1,0x61,0x06,0x00,0x01,0x03,0x00,0x00,0x00,0x00,0x00,0x00,0x00,0x00,0x00,0x00,0x00,0x00,0x00,0x00,0x00,0x00,0x02,
    0x01,0x1e,0x60,0x04,0x00,0x00,0x03,0x00,0x00,0x00,0x00,0x00,0x00,0x00,0x00,0x00,0x00,0x00,0x00,0x00,0x00,0x00,0x00,0x00,
    0x00,0x00,0x00,0x00,0x00,0x00,0x03,0x01,0x00,0x00,0x00,0x00,0x00,0x00,0x00,0x00,0x00,0x00,0x00,0x00,0x00,0x00,0x00,0x00,
    0x00,0x00,0x00,0x00,0x00,0x01,0x04,0x01,0x00,0x00,0x00,0x00,0x00,0x00,0x00,0x00,0x00,0x00,
};
const lv_img_dsc_t img_car_rr_under = {
    .header.cf = LV_IMG_CF_ALPHA_8BIT, .header.always_zero = 0, .header.reserved = 0,
    .header.w = 26, .header.h = 33, .data_size = 858, .data = img_car_rr_under_map,
};

static const uint8_t img_car_rr_map[] = {
    0x00,0x00,0x00,0x00,0x00,0x00,0x00,0x00,0x00,0x00,0x00,0x03,0x02,0x00,0x00,0x00,0x00,0x00,0x00,0x00,0x00,0x00,0x00,0x00,
    0x00,0x00,0x00,0x00,0x00,0x00,0x00,0x00,0x00,0x00,0x00,0x03,0x00,0x00,0x00,0x00,0x00,0x00,0x00,0x00,0x00,0x00,0x00,0x00,
    0x00,0x00,0x00,0x00,0x00,0x00,0x00,0x00,0x00,0x00,0x00,0x03,0x02,0x00,0x00,0x59,0x2d,0x01,0x02,0x00,0x00,0x00,0x00,0x00,
    0x00,0x00,0x00,0x00,0x00,0x00,0x00,0x00,0x00,0x00,0x00,0x02,0x01,0x00,0x00,0x4a,0xc5,0xff,0xb2,0x00,0x03,0x00,0x00,0x00,
    0x00,0x00,0x00,0x00,0x00,0x00,0x00,0x00,0x00,0x00,0x00,0x01,0x01,0x00,0x00,0x46,0xba,0xff,0xff,0xfb,0xfd,0x32,0x01,0x03,
    0x00,0x00,0x00,0x00,0x00,0x00,0x00,0x00,0x00,0x00,0x00,0x00,0x00,0x00,0x00,0x2a,0x6a,0xdc,0xff,0xfc,0xfd,0xfb,0xff,0xb0,
    0x00,0x03,0x00,0x00,0x00,0x00,0x00,0x00,0x00,0x00,0x00,0x00,0x00,0x01,0x00,0x20,0x69,0x9d,0x9b,0x9f,0xf8,0xfe,0xff,0xff,
    0xfd,0xfe,0x33,0x00,0x03,0x00,0x00,0x00,0x00,0x00,0x00,0x00,0x00,0x00,0x02,0x00,0x47,0x9f,0x9d,0x95,0x96,0x8e,0xd1,0xff,
    0xfd,0xff,0xfc,0xff,0xbd,0x00,0x02,0x00,0x00,0x00,0x00,0x00,0x00,0x00,0x00,0x00,0x02,0x00,0x24,0x9a,0x93,0x96,0x97,0x93,
    0xa1,0xfb,0xfe,0xff,0xff,0xfd,0xff,0x40,0x00,0x03,0x00,0x00,0x00,0x00,0x00,0x00,0x00,0x00,0x00,0x02,0x00,0x67,0x9f,0x94,
    0x96,0x98,0x8f,0xce,0xff,0xfd,0xff,0xfc,0xff,0xbf,0x00,0x02,0x00,0x00,0x00,0x00,0x00,0x00,0x00,0x00,0x00,0x02,0x00,0x1e,
    0x9a,0x95,0x96,0x96,0x94,0x9c,0xf8,0xfe,0xff,0xff,0xfd,0xff,0x3f,0x00,0x03,0x00,0x00,0x00,0x00,0x00,0x00,0x00,0x00,0x00,
    0x02,0x00,0x67,0x9f,0x94,0x96,0x98,0x8e,0xcb,0xff,0xfd,0xff,0xfc,0xff,0xc2,0x01,0x02,0x00,0x00,0x00,0x00,0x00,0x00,0x00,
    0x00,0x00,0x02,0x00,0x1e,0x9a,0x95,0x96,0x96,0x94,0x9d,0xf8,0xfe,0xff,0xff,0xfc,0xff,0x4f,0x00,0x03,0x00,0x00,0x00,0x00,
    0x00,0x00,0x00,0x00,0x00,0x02,0x00,0x67,0x9f,0x94,0x96,0x98,0x8e,0xca,0xff,0xfd,0xff,0xfc,0xfe,0xcd,0x01,0x02,0x00,0x00,
    0x00,0x00,0x00,0x00,0x00,0x00,0x00,0x02,0x00,0x1e,0x9a,0x95,0x96,0x96,0x95,0x9a,0xf4,0xfe,0xfe,0xff,0xfc,0xff,0x4f,0x00,
    0x03,0x00,0x00,0x00,0x00,0x00,0x00,0x00,0x00,0x00,0x02,0x00,0x5f,0xa0,0x94,0x96,0x98,0x8e,0xc4,0xff,0xfc,0xff,0xfc,0xfe,
    0xcd,0x00,0x02,0x00,0x00,0x00,0x00,0x00,0x00,0x00,0x00,0x00,0x01,0x00,0x16,0x96,0x96,0x96,0x96,0x95,0x99,0xf4,0xff,0xff,
    0xff,0xfc,0xff,0x5a,0x00,0x04,0x00,0x00,0x00,0x00,0x00,0x00,0x00,0x00,0x00,0x02,0x00,0x5e,0xa0,0x94,0x96,0x98,0x8e,0xc9,
    0x98,0xc6,0xff,0xfa,0xfe,0xda,0x05,0x02,0x01,0x00,0x00,0x00,0x00,0x00,0x00,0x00,0x00,0x01,0x00,0x17,0x96,0x96,0x96,0x96,
    0x93,0xa5,0x8f,0x72,0xff,0xfe,0xfc,0xff,0x5e,0x00,0x04,0x00,0x00,0x00,0x00,0x00,0x00,0x00,0x00,0x00,0x02,0x00,0x5e,0xa0,
    0x94,0x96,0x97,0x92,0xb7,0x62,0xc8,0xff,0xfa,0xfe,0xd9,0x05,0x02,0x01,0x00,0x00,0x00,0x00,0x00,0x00,0x00,0x00,0x01,0x00,
    0x17,0x96,0x96,0x96,0x96,0x93,0xa4,0x95,0x73,0xff,0xfe,0xfc,0xff,0x61,0x00,0x03,0x00,0x00,0x00,0x00,0x00,0x00,0x00,0x00,
    0x00,0x02,0x00,0x5e,0xa0,0x93,0x96,0x97,0x92,0xb5,0x62,0xc9,0xff,0xfb,0xfe,0xe3,0x0b,0x01,0x01,0x00,0x00,0x00,0x00,0x00,
    0x00,0x00,0x00,0x01,0x01,0x17,0x95,0x97,0x96,0x96,0x93,0xa4,0x96,0x69,0xf9,0xfe,0xfb,0xff,0x6f,0x00,0x04,0x00,0x00,0x00,
    0x00,0x00,0x00,0x00,0x00,0x00,0x02,0x00,0x55,0xa1,0x93,0x96,0x97,0x93,0xab,0x9b,0xf1,0xff,0xfc,0xfe,0xe3,0x09,0x01,0x01,
    0x00,0x00,0x00,0x00,0x00,0x00,0x00,0x00,0x01,0x01,0x10,0x91,0x97,0x96,0x96,0x96,0x94,0xf4,0xff,0xfe,0xff,0xf9,0xff,0x79,
    0x00,0x04,0x00,0x00,0x00,0x00,0x00,0x00,0x00,0x00,0x00,0x02,0x00,0x54,0xa1,0x93,0x96,0x98,0x8f,0xb5,0xff,0xfc,0xfc,0xff,
    0xff,0xb0,0x02,0x02,0x00,0x00,0x00,0x00,0x00,0x00,0x00,0x00,0x00,0x01,0x01,0x10,0x91,0x97,0x96,0x96,0x97,0x92,0xe8,0xff,
    0xff,0xcb,0x53,0x04,0x01,0x00,0x00,0x00,0x00,0x00,0x00,0x00,0x00,0x00,0x00,0x00,0x02,0x00,0x54,0xa1,0x93,0x95,0x95,0x94,
    0xc1,0xd4,0x61,0x04,0x00,0x00,0x00,0x00,0x00,0x00,0x00,0x00,0x00,0x00,0x00,0x00,0x00,0x00,0x01,0x01,0x10,0x91,0x96,0x9b,
    0xa0,0x7f,0x3b,0x05,0x00,0x00,0x03,0x00,0x00,0x00,0x00,0x00,0x00,0x00,0x00,0x00,0x00,0x00,0x00,0x00,0x00,0x02,0x00,0x55,
    0xaa,0x7d,0x3b,0x03,0x00,0x00,0x03,0x01,0x00,0x00,0x00,0x00,0x00,0x00,0x00,0x00,0x00,0x00,0x00,0x00,0x00,0x00,0x00,0x01,
    0x01,0x12,0x3b,0x02,0x00,0x00,0x02,0x01,0x00,0x00,0x00,0x00,0x00,0x00,0x00,0x00,0x00,0x00,0x00,0x00,0x00,0x00,0x00,0x00,
    0x00,0x00,0x00,0x00,0x00,0x00,0x02,0x00,0x00,0x00,0x00,0x00,0x00,0x00,0x00,0x00,0x00,0x00,0x00,0x00,0x00,0x00,0x00,0x00,
    0x00,0x00,0x00,0x00,0x00,0x01,0x02,0x00,0x00,0x00,0x00,0x00,0x00,0x00,0x00,0x00,0x00,0x00,
};
const lv_img_dsc_t img_car_rr = {
    .header.cf = LV_IMG_CF_ALPHA_8BIT, .header.always_zero = 0, .header.reserved = 0,
    .header.w = 26, .header.h = 33, .data_size = 858, .data = img_car_rr_map,
};

static const uint8_t img_car_hood_under_map[] = {
    0x00,0x00,0x00,0x00,0x00,0x00,0x00,0x00,0x00,0x00,0x00,0x00,0x00,0x00,0x00,0x00,0x00,0x01,0x03,0x04,0x04,0x04,0x04,0x04,
    0x04,0x04,0x04,0x04,0x04,0x04,0x04,0x04,0x04,0x04,0x04,0x04,0x04,0x04,0x04,0x03,0x01,0x00,0x00,0x00,0x00,0x00,0x00,0x00,
    0x00,0x00,0x00,0x00,0x00,0x00,0x00,0x00,0x00,0x00,0x00,0x00,0x00,0x00,0x00,0x00,0x00,0x00,0x00,0x00,0x00,0x00,0x00,0x00,
    0x00,0x02,0x04,0x00,0x00,0x00,0x00,0x00,0x00,0x00,0x00,0x00,0x00,0x00,0x00,0x00,0x00,0x00,0x00,0x00,0x00,0x00,0x00,0x00,
    0x00,0x00,0x00,0x04,0x02,0x00,0x00,0x00,0x00,0x00,0x00,0x00,0x00,0x00,0x00,0x00,0x00,0x00,0x00,0x00,0x00,0x00,0x00,0x00,
    0x00,0x00,0x00,0x00,0x00,0x00,0x00,0x00,0x00,0x03,0x02,0x00,0x00,0x08,0x43,0x77,0x7f,0x7f,0x7f,0x7f,0x7f,0x7f,0x7f,0x7f,
    0x7f,0x7f,0x7f,0x7f,0x7f,0x7f,0x7f,0x7f,0x7f,0x7f,0x77,0x43,0x08,0x00,0x00,0x02,0x03,0x00,0x00,0x00,0x00,0x00,0x00,0x00,
    0x00,0x00,0x00,0x00,0x00,0x00,0x00,0x00,0x00,0x00,0x00,0x00,0x00,0x00,0x00,0x00,0x00,0x01,0x02,0x00,0x00,0x2d,0x8c,0xdb,
    0xff,0xff,0xff,0xff,0xff,0xff,0xff,0xff,0xff,0xff,0xff,0xff,0xff,0xff,0xff,0xff,0xff,0xff,0xff,0xff,0xff,0xff,0xdb,0x8c,
    0x2d,0x00,0x00,0x02,0x01,0x00,0x00,0x00,0x00,0x00,0x00,0x00,0x00,0x00,0x00,0x00,0x00,0x00,0x00,0x00,0x00,0x00,0x00,0x00,
    0x00,0x00,0x03,0x00,0x00,0x3f,0xac,0xfb,0xff,0xff,0xfd,0xfb,0xfb,0xfb,0xfb,0xfb,0xfb,0xfb,0xfb,0xfb,0xfb,0xfb,0xfb,0xfb,
    0xfb,0xfb,0xfb,0xfb,0xfb,0xfb,0xfb,0xfd,0xff,0xff,0xfb,0xac,0x3f,0x00,0x00,0x03,0x00,0x00,0x00,0x00,0x00,0x00,0x00,0x00,
    0x00,0x00,0x00,0x00,0x00,0x00,0x00,0x00,0x00,0x00,0x01,0x03,0x00,0x1d,0xa4,0xff,0xff,0xff,0xfb,0xfd,0xff,0xff,0xff,0xff,
    0xff,0xff,0xff,0xff,0xff,0xff,0xff,0xff,0xff,0xff,0xff,0xff,0xff,0xff,0xff,0xff,0xff,0xff,0xfd,0xfb,0xff,0xff,0xff,0xa4,
    0x1d,0x00,0x03,0x01,0x00,0x00,0x00,0x00,0x00,0x00,0x00,0x00,0x00,0x00,0x00,0x00,0x00,0x00,0x00,0x01,0x02,0x00,0x63,0xeb,
    0xff,0xfd,0xfc,0xfe,0xff,0xff,0xff,0xff,0xff,0xff,0xff,0xff,0xff,0xff,0xff,0xff,0xff,0xff,0xff,0xff,0xff,0xff,0xff,0xff,
    0xff,0xff,0xff,0xff,0xff,0xff,0xfe,0xfc,0xfd,0xff,0xeb,0x63,0x00,0x02,0x01,0x00,0x00,0x00,0x00,0x00,0x00,0x00,0x00,0x00,
    0x00,0x00,0x00,0x00,0x01,0x01,0x01,0x8d,0xff,0xff,0xfb,0xff,0xff,0xff,0xff,0xff,0xff,0xff,0xff,0xff,0xff,0xff,0xff,0xff,
    0xff,0xff,0xff,0xff,0xff,0xff,0xff,0xff,0xff,0xff,0xff,0xff,0xff,0xff,0xff,0xff,0xff,0xff,0xff,0xfb,0xff,0xff,0x8d,0x01,
    0x01,0x01,0x00,0x00,0x00,0x00,0x00,0x00,0x00,0x00,0x00,0x00,0x00,0x01,0x02,0x04,0xae,0xff,0xfb,0xfe,0xff,0xff,0xff,0xff,
    0xff,0xff,0xff,0xff,0xff,0xff,0xff,0xff,0xff,0xff,0xff,0xff,0xff,0xff,0xff,0xff,0xff,0xff,0xff,0xff,0xff,0xff,0xff,0xff,
    0xff,0xff,0xff,0xff,0xff,0xff,0xfe,0xfb,0xff,0xae,0x04,0x02,0x01,0x00,0x00,0x00,0x00,0x00,0x00,0x00,0x00,0x00,0x01,0x03,
    0x00,0xab,0xff,0xfa,0xff,0xff,0xff,0xff,0xff,0xff,0xff,0xff,0xff,0xff,0xff,0xff,0xff,0xff,0xff,0xff,0xff,0xff,0xff,0xff,
    0xff,0xff,0xff,0xff,0xff,0xff,0xff,0xff,0xff,0xff,0xff,0xff,0xff,0xff,0xff,0xff,0xff,0xff,0xfa,0xff,0xab,0x00,0x03,0x01,
    0x00,0x00,0x00,0x00,0x00,0x00,0x00,0x00,0x03,0x00,0x7e,0xff,0xfa,0xff,0xff,0xff,0xff,0xff,0xff,0xff,0xff,0xff,0xff,0xff,
    0xff,0xff,0xff,0xff,0xff,0xff,0xff,0xff,0xff,0xff,0xff,0xff,0xff,0xff,0xff,0xff,0xff,0xff,0xff,0xff,0xff,0xff,0xff,0xff,
    0xff,0xff,0xff,0xff,0xff,0xfa,0xff,0x7e,0x00,0x03,0x00,0x00,0x00,0x00,0x00,0x00,0x00,0x03,0x00,0x2f,0xfd,0xfb,0xfe,0xff,
    0xff,0xff,0xff,0xff,0xff,0xff,0xff,0xff,0xff,0xff,0xff,0xff,0xff,0xff,0xff,0xff,0xff,0xff,0xff,0xff,0xff,0xff,0xff,0xff,
    0xff,0xff,0xff,0xff,0xff,0xff,0xff,0xff,0xff,0xff,0xff,0xff,0xff,0xff,0xff,0xfe,0xfb,0xfd,0x2f,0x00,0x03,0x00,0x00,0x00,
    0x00,0x00,0x00,0x02,0x00,0xba,0xff,0xfc,0xff,0xff,0xff,0xff,0xff,0xff,0xff,0xff,0xff,0xff,0xff,0xff,0xff,0xff,0xff,0xff,
    0xff,0xff,0xff,0xff,0xff,0xff,0xff,0xff,0xff,0xff,0xff,0xff,0xff,0xff,0xff,0xff,0xff,0xff,0xff,0xff,0xff,0xff,0xff,0xff,
    0xff,0xff,0xfc,0xff,0xba,0x00,0x02,0x00,0x00,0x00,0x00,0x00,0x03,0x00,0x3f,0xff,0xfc,0xff,0xff,0xff,0xff,0xff,0xff,0xff,
    0xff,0xff,0xff,0xff,0xff,0xff,0xff,0xff,0xff,0xff,0xff,0xff,0xff,0xff,0xff,0xff,0xff,0xff,0xff,0xff,0xff,0xff,0xff,0xff,
    0xff,0xff,0xff,0xff,0xff,0xff,0xff,0xff,0xff,0xff,0xff,0xff,0xff,0xfc,0xff,0x3f,0x00,0x03,0x00,0x00,0x00,0x00,0x03,0x00,
    0xa2,0xff,0xfb,0xff,0xff,0xff,0xff,0xff,0xff,0xff,0xff,0xff,0xff,0xff,0xff,0xff,0xff,0xff,0xff,0xff,0xff,0xff,0xff,0xff,
    0xff,0xff,0xff,0xff,0xff,0xff,0xff,0xff,0xff,0xff,0xff,0xff,0xff,0xff,0xff,0xff,0xff,0xff,0xff,0xff,0xff,0xff,0xff,0xfb,
    0xff,0xa2,0x00,0x03,0x00,0x00,0x00,0x01,0x00,0x07,0xdf,0xff,0xfd,0xff,0xff,0xff,0xff,0xff,0xff,0xff,0xff,0xff,0xff,0xff,
    0xff,0xff,0xff,0xff,0xff,0xff,0xff,0xff,0xff,0xff,0xff,0xff,0xff,0xff,0xff,0xff,0xff,0xff,0xff,0xff,0xff,0xff,0xff,0xff,
    0xff,0xff,0xff,0xff,0xff,0xff,0xff,0xff,0xff,0xfd,0xff,0xdf,0x07,0x00,0x01,0x00,0x00,0x02,0x00,0x31,0xfe,0xfe,0xff,0xff,
    0xff,0xff,0xff,0xff,0xff,0xff,0xff,0xff,0xff,0xff,0xff,0xff,0xff,0xff,0xff,0xff,0xff,0xff,0xff,0xff,0xff,0xff,0xff,0xff,
    0xff,0xff,0xff,0xff,0xff,0xff,0xff,0xff,0xff,0xff,0xff,0xff,0xff,0xff,0xff,0xff,0xff,0xff,0xff,0xff,0xfe,0xfe,0x31,0x00,
    0x02,0x00,0x00,0x04,0x00,0x55,0xff,0xfc,0xff,0xff,0xff,0xff,0xff,0xff,0xff,0xff,0xff,0xff,0xff,0xff,0xff,0xff,0xff,0xff,
    0xff,0xff,0xff,0xff,0xff,0xff,0xff,0xff,0xff,0xff,0xff,0xff,0xff,0xff,0xff,0xff,0xff,0xff,0xff,0xff,0xff,0xff,0xff,0xff,
    0xff,0xff,0xff,0xff,0xff,0xff,0xfc,0xff,0x55,0x00,0x04,0x00,0x00,0x04,0x00,0x75,0xff,0xfb,0xff,0xff,0xff,0xff,0xff,0xff,
    0xff,0xff,0xff,0xff,0xff,0xff,0xff,0xff,0xff,0xff,0xff,0xff,0xff,0xff,0xff,0xff,0xff,0xff,0xff,0xff,0xff,0xff,0xff,0xff,
    0xff,0xff,0xff,0xff,0xff,0xff,0xff,0xff,0xff,0xff,0xff,0xff,0xff,0xff,0xff,0xff,0xfb,0xff,0x75,0x00,0x04,0x00,0x00,0x04,
    0x00,0x81,0xff,0xfb,0xff,0xff,0xff,0xff,0xff,0xff,0xff,0xff,0xff,0xff,0xff,0xff,0xff,0xff,0xff,0xff,0xff,0xff,0xff,0xff,
    0xff,0xff,0xff,0xff,0xff,0xff,0xff,0xff,0xff,0xff,0xff,0xff,0xff,0xff,0xff,0xff,0xff,0xff,0xff,0xff,0xff,0xff,0xff,0xff,
    0xff,0xff,0xfb,0xff,0x81,0x00,0x04,0x00,0x00,0x04,0x00,0x7f,0xff,0xfb,0xff,0xff,0xff,0xff,0xff,0xff,0xff,0xff,0xff,0xff,
    0xff,0xff,0xff,0xff,0xff,0xff,0xff,0xff,0xff,0xff,0xff,0xff,0xff,0xff,0xff,0xff,0xff,0xff,0xff,0xff,0xff,0xff,0xff,0xff,
    0xff,0xff,0xff,0xff,0xff,0xff,0xff,0xff,0xff,0xff,0xff,0xff,0xfb,0xff,0x7f,0x00,0x04,0x00,0x00,0x04,0x00,0x98,0xff,0xfb,
    0xff,0xff,0xff,0xff,0xff,0xff,0xff,0xff,0xff,0xff,0xff,0xff,0xff,0xff,0xff,0xff,0xff,0xff,0xff,0xff,0xff,0xff,0xff,0xff,
    0xff,0xff,0xff,0xff,0xff,0xff,0xff,0xff,0xff,0xff,0xff,0xff,0xff,0xff,0xff,0xff,0xff,0xff,0xff,0xff,0xff,0xff,0xfb,0xff,
    0x98,0x00,0x04,0x00,0x00,0x03,0x00,0xa8,0xff,0xfb,0xff,0xff,0xff,0xff,0xff,0xff,0xff,0xff,0xff,0xff,0xff,0xff,0xff,0xff,
    0xff,0xff,0xff,0xff,0xff,0xff,0xff,0xff,0xff,0xff,0xff,0xff,0xff,0xff,0xff,0xff,0xff,0xff,0xff,0xff,0xff,0xff,0xff,0xff,
    0xff,0xff,0xff,0xff,0xff,0xff,0xff,0xff,0xfb,0xff,0xa8,0x00,0x03,0x00,0x00,0x02,0x00,0xbd,0xff,0xfc,0xff,0xff,0xff,0xff,
    0xff,0xff,0xff,0xff,0xff,0xff,0xff,0xff,0xff,0xff,0xff,0xff,0xff,0xff,0xff,0xff,0xff,0xff,0xff,0xff,0xff,0xff,0xff,0xff,
    0xff,0xff,0xff,0xff,0xff,0xff,0xff,0xff,0xff,0xff,0xff,0xff,0xff,0xff,0xff,0xff,0xff,0xff,0xfc,0xff,0xbd,0x00,0x02,0x00,
    0x01,0x01,0x00,0xd0,0xff,0xfd,0xff,0xff,0xff,0xff,0xff,0xff,0xff,0xff,0xff,0xff,0xff,0xff,0xff,0xff,0xff,0xff,0xff,0xff,
    0xff,0xff,0xff,0xff,0xff,0xff,0xff,0xff,0xff,0xff,0xff,0xff,0xff,0xff,0xff,0xff,0xff,0xff,0xff,0xff,0xff,0xff,0xff,0xff,
    0xff,0xff,0xff,0xff,0xfd,0xff,0xd0,0x00,0x01,0x01,0x01,0x00,0x03,0xdd,0xff,0xfd,0xff,0xff,0xff,0xff,0xff,0xff,0xff,0xff,
    0xff,0xff,0xff,0xff,0xff,0xff,0xff,0xff,0xff,0xff,0xff,0xff,0xff,0xff,0xff,0xff,0xff,0xff,0xff,0xff,0xff,0xff,0xff,0xff,
    0xff,0xff,0xff,0xff,0xff,0xff,0xff,0xff,0xff,0xff,0xff,0xff,0xff,0xff,0xfd,0xff,0xdd,0x03,0x00,0x01,0x01,0x00,0x10,0xed,
    0xff,0xfe,0xff,0xff,0xff,0xff,0xff,0xff,0xff,0xff,0xff,0xff,0xff,0xff,0xff,0xff,0xff,0xff,0xff,0xff,0xff,0xff,0xff,0xff,
    0xff,0xff,0xff,0xff,0xff,0xff,0xff,0xff,0xff,0xff,0xff,0xff,0xff,0xff,0xff,0xff,0xff,0xff,0xff,0xff,0xff,0xff,0xff,0xff,
    0xfe,0xff,0xed,0x10,0x00,0x01,0x02,0x00,0x1e,0xf9,0xff,0xfe,0xff,0xff,0xff,0xff,0xff,0xff,0xff,0xff,0xff,0xff,0xff,0xff,
    0xff,0xff,0xff,0xff,0xff,0xff,0xff,0xff,0xff,0xff,0xff,0xff,0xff,0xff,0xff,0xff,0xff,0xff,0xff,0xff,0xff,0xff,0xff,0xff,
    0xff,0xff,0xff,0xff,0xff,0xff,0xff,0xff,0xff,0xff,0xfe,0xff,0xf9,0x1e,0x00,0x02,0x02,0x00,0x2b,0xff,0xff,0xfe,0xff,0xff,
    0xff,0xff,0xff,0xff,0xff,0xff,0xff,0xff,0xff,0xff,0xff,0xff,0xff,0xff,0xff,0xff,0xff,0xff,0xff,0xff,0xff,0xff,0xff,0xff,
    0xff,0xff,0xff,0xff,0xff,0xff,0xff,0xff,0xff,0xff,0xff,0xff,0xff,0xff,0xff,0xff,0xff,0xff,0xff,0xff,0xfe,0xff,0xff,0x2b,
    0x00,0x02,0x03,0x00,0x3e,0xff,0xfd,0xff,0xff,0xff,0xff,0xff,0xff,0xff,0xff,0xff,0xff,0xff,0xff,0xff,0xff,0xff,0xff,0xff,
    0xff,0xff,0xff,0xff,0xff,0xff,0xff,0xff,0xff,0xff,0xff,0xff,0xff,0xff,0xff,0xff,0xff,0xff,0xff,0xff,0xff,0xff,0xff,0xff,
    0xff,0xff,0xff,0xff,0xff,0xff,0xff,0xfd,0xff,0x3e,0x00,0x03,0x04,0x00,0x51,0xff,0xfc,0xff,0xff,0xff,0xff,0xff,0xff,0xff,
    0xff,0xff,0xff,0xff,0xff,0xff,0xff,0xff,0xff,0xff,0xff,0xff,0xff,0xff,0xff,0xff,0xff,0xff,0xff,0xff,0xff,0xff,0xff,0xff,
    0xff,0xff,0xff,0xff,0xff,0xff,0xff,0xff,0xff,0xff,0xff,0xff,0xff,0xff,0xff,0xff,0xff,0xfc,0xff,0x51,0x00,0x04,0x04,0x00,
    0x63,0xff,0xfb,0xff,0xff,0xff,0xff,0xff,0xff,0xff,0xff,0xff,0xff,0xff,0xff,0xff,0xff,0xff,0xff,0xff,0xff,0xff,0xff,0xff,
    0xff,0xff,0xff,0xff,0xff,0xff,0xff,0xff,0xff,0xff,0xff,0xff,0xff,0xff,0xff,0xff,0xff,0xff,0xff,0xff,0xff,0xff,0xff,0xff,
    0xff,0xff,0xff,0xfb,0xff,0x63,0x00,0x04,0x04,0x00,0x78,0xff,0xfb,0xff,0xff,0xff,0xff,0xff,0xff,0xff,0xff,0xff,0xff,0xff,
    0xff,0xff,0xff,0xff,0xff,0xff,0xff,0xff,0xff,0xff,0xff,0xff,0xff,0xff,0xff,0xff,0xff,0xff,0xff,0xff,0xff,0xff,0xff,0xff,
    0xff,0xff,0xff,0xff,0xff,0xff,0xff,0xff,0xff,0xff,0xff,0xff,0xff,0xfb,0xff,0x78,0x00,0x04,0x04,0x00,0x8c,0xff,0xfb,0xff,
    0xff,0xff,0xff,0xff,0xff,0xff,0xff,0xff,0xff,0xff,0xff,0xff,0xff,0xff,0xff,0xff,0xff,0xff,0xff,0xff,0xff,0xff,0xff,0xff,
    0xff,0xff,0xff,0xff,0xff,0xff,0xff,0xff,0xff,0xff,0xff,0xff,0xff,0xff,0xff,0xff,0xff,0xff,0xff,0xff,0xff,0xff,0xff,0xfb,
    0xff,0x8c,0x00,0x04,0x04,0x00,0xa0,0xfe,0xfa,0xfe,0xfe,0xfe,0xfe,0xfe,0xfe,0xfe,0xfe,0xfe,0xfe,0xfe,0xfe,0xfe,0xfe,0xfe,
    0xfe,0xfe,0xfe,0xfe,0xfe,0xfe,0xfe,0xfe,0xfe,0xfe,0xfe,0xfe,0xfe,0xfe,0xfe,0xfe,0xfe,0xfe,0xfe,0xfe,0xfe,0xfe,0xfe,0xfe,
    0xfe,0xfe,0xfe,0xfe,0xfe,0xfe,0xfe,0xfe,0xfe,0xfa,0xfe,0xa0,0x00,0x04,0x03,0x00,0xb4,0xff,0xfc,0xff,0xff,0xff,0xff,0xff,
    0xff,0xff,0xff,0xff,0xff,0xff,0xff,0xff,0xff,0xff,0xff,0xff,0xff,0xff,0xff,0xff,0xff,0xff,0xff,0xff,0xff,0xff,0xff,0xff,
    0xff,0xff,0xff,0xff,0xff,0xff,0xff,0xff,0xff,0xff,0xff,0xff,0xff,0xff,0xff,0xff,0xff,0xff,0xff,0xfc,0xff,0xb4,0x00,0x03,
    0x01,0x00,0xc5,0xff,0xfc,0xff,0xff,0xff,0xff,0xff,0xff,0xff,0xff,0xff,0xff,0xff,0xff,0xff,0xff,0xff,0xff,0xff,0xff,0xff,
    0xff,0xff,0xff,0xff,0xff,0xff,0xff,0xff,0xff,0xff,0xff,0xff,0xff,0xff,0xff,0xff,0xff,0xff,0xff,0xff,0xff,0xff,0xff,0xff,
    0xff,0xff,0xff,0xff,0xff,0xfc,0xff,0xc5,0x00,0x01,0x00,0x00,0x22,0x27,0x27,0x27,0x27,0x27,0x27,0x27,0x27,0x27,0x27,0x27,
    0x27,0x27,0x27,0x27,0x27,0x27,0x27,0x27,0x27,0x27,0x27,0x27,0x27,0x27,0x27,0x27,0x27,0x27,0x27,0x27,0x27,0x27,0x27,0x27,
    0x27,0x27,0x27,0x27,0x27,0x27,0x27,0x27,0x27,0x27,0x27,0x27,0x27,0x27,0x27,0x27,0x27,0x22,0x00,0x00,0x00,0x00,0x00,0x00,
    0x00,0x00,0x00,0x00,0x00,0x00,0x00,0x00,0x00,0x00,0x00,0x00,0x00,0x00,0x00,0x00,0x00,0x00,0x00,0x00,0x00,0x00,0x00,0x00,
    0x00,0x00,0x00,0x00,0x00,0x00,0x00,0x00,0x00,0x00,0x00,0x00,0x00,0x00,0x00,0x00,0x00,0x00,0x00,0x00,0x00,0x00,0x00,0x00,
    0x00,0x00,0x00,0x00,0x00,0x00,0x00,0x00,0x02,0x02,0x02,0x02,0x02,0x02,0x02,0x02,0x02,0x02,0x02,0x02,0x02,0x02,0x02,0x02,
    0x02,0x02,0x02,0x02,0x02,0x02,0x02,0x02,0x02,0x02,0x02,0x02,0x02,0x02,0x02,0x02,0x02,0x02,0x02,0x02,0x02,0x02,0x02,0x02,
    0x02,0x02,0x02,0x02,0x02,0x02,0x02,0x02,0x02,0x02,0x02,0x02,0x02,0x02,0x00,0x00,
};
const lv_img_dsc_t img_car_hood_under = {
    .header.cf = LV_IMG_CF_ALPHA_8BIT, .header.always_zero = 0, .header.reserved = 0,
    .header.w = 58, .header.h = 40, .data_size = 2320, .data = img_car_hood_under_map,
};

static const uint8_t img_car_hood_map[] = {
    0x00,0x00,0x00,0x00,0x00,0x00,0x00,0x00,0x00,0x00,0x00,0x00,0x00,0x00,0x00,0x00,0x00,0x01,0x03,0x04,0x04,0x04,0x04,0x04,
    0x04,0x04,0x04,0x04,0x04,0x04,0x04,0x04,0x04,0x04,0x04,0x04,0x04,0x04,0x04,0x03,0x01,0x00,0x00,0x00,0x00,0x00,0x00,0x00,
    0x00,0x00,0x00,0x00,0x00,0x00,0x00,0x00,0x00,0x00,0x00,0x00,0x00,0x00,0x00,0x00,0x00,0x00,0x00,0x00,0x00,0x00,0x00,0x00,
    0x00,0x02,0x04,0x00,0x00,0x00,0x00,0x00,0x00,0x00,0x00,0x00,0x00,0x00,0x00,0x00,0x00,0x00,0x00,0x00,0x00,0x00,0x00,0x00,
    0x00,0x00,0x00,0x04,0x02,0x00,0x00,0x00,0x00,0x00,0x00,0x00,0x00,0x00,0x00,0x00,0x00,0x00,0x00,0x00,0x00,0x00,0x00,0x00,
    0x00,0x00,0x00,0x00,0x00,0x00,0x00,0x00,0x00,0x02,0x02,0x00,0x00,0x08,0x42,0x76,0x7e,0x7d,0x7e,0x7e,0x7e,0x7e,0x7e,0x7e,
    0x7e,0x7e,0x7e,0x7e,0x7e,0x7e,0x7e,0x7e,0x7d,0x7e,0x76,0x42,0x08,0x00,0x00,0x02,0x02,0x00,0x00,0x00,0x00,0x00,0x00,0x00,
    0x00,0x00,0x00,0x00,0x00,0x00,0x00,0x00,0x00,0x00,0x00,0x00,0x00,0x00,0x00,0x00,0x00,0x01,0x02,0x00,0x00,0x2d,0x8a,0xd8,
    0xff,0xff,0xff,0xff,0xff,0xff,0xff,0xff,0xff,0xff,0xff,0xff,0xff,0xff,0xff,0xff,0xff,0xff,0xff,0xff,0xff,0xff,0xd8,0x8a,
    0x2d,0x00,0x00,0x02,0x01,0x00,0x00,0x00,0x00,0x00,0x00,0x00,0x00,0x00,0x00,0x00,0x00,0x00,0x00,0x00,0x00,0x00,0x00,0x00,
    0x00,0x00,0x03,0x00,0x00,0x3e,0xaa,0xf7,0xff,0xff,0xf6,0xf4,0xf4,0xf4,0xf4,0xf4,0xf4,0xf4,0xf4,0xf4,0xf4,0xf4,0xf4,0xf4,
    0xf4,0xf4,0xf4,0xf4,0xf4,0xf4,0xf4,0xf6,0xff,0xff,0xf7,0xaa,0x3e,0x00,0x00,0x03,0x00,0x00,0x00,0x00,0x00,0x00,0x00,0x00,
    0x00,0x00,0x00,0x00,0x00,0x00,0x00,0x00,0x00,0x00,0x00,0x03,0x00,0x1c,0xa1,0xfd,0xff,0xf7,0xf3,0xf5,0xf6,0xf6,0xf6,0xf6,
    0xf6,0xf6,0xf6,0xf6,0xf6,0xf6,0xf6,0xf6,0xf6,0xf6,0xf6,0xf6,0xf6,0xf6,0xf6,0xf6,0xf6,0xf6,0xf5,0xf3,0xf7,0xff,0xfd,0xa1,
    0x1c,0x00,0x03,0x00,0x00,0x00,0x00,0x00,0x00,0x00,0x00,0x00,0x00,0x00,0x00,0x00,0x00,0x00,0x00,0x01,0x02,0x00,0x5f,0xe7,
    0xff,0xf3,0xf1,0xf4,0xf5,0xf5,0xf5,0xf5,0xf5,0xf5,0xf5,0xf5,0xf5,0xf5,0xf5,0xf5,0xf5,0xf5,0xf5,0xf5,0xf5,0xf5,0xf5,0xf5,
    0xf5,0xf5,0xf5,0xf5,0xf5,0xf5,0xf4,0xf1,0xf3,0xff,0xe7,0x5f,0x00,0x02,0x01,0x00,0x00,0x00,0x00,0x00,0x00,0x00,0x00,0x00,
    0x00,0x00,0x00,0x00,0x01,0x01,0x00,0x88,0xff,0xf7,0xef,0xf3,0xf3,0xf3,0xf3,0xf3,0xf3,0xf3,0xf3,0xf3,0xf3,0xf3,0xf3,0xf3,
    0xf3,0xf3,0xf3,0xf3,0xf3,0xf3,0xf3,0xf3,0xf3,0xf3,0xf3,0xf3,0xf3,0xf3,0xf3,0xf3,0xf3,0xf3,0xf3,0xef,0xf7,0xff,0x88,0x00,
    0x01,0x01,0x00,0x00,0x00,0x00,0x00,0x00,0x00,0x00,0x00,0x00,0x00,0x01,0x02,0x04,0xa6,0xff,0xee,0xef,0xf1,0xf1,0xf1,0xf1,
    0xf1,0xf1,0xf1,0xf1,0xf1,0xf1,0xf1,0xf1,0xf1,0xf1,0xf1,0xf1,0xf1,0xf1,0xf1,0xf1,0xf1,0xf1,0xf1,0xf1,0xf1,0xf1,0xf1,0xf1,
    0xf1,0xf1,0xf1,0xf1,0xf1,0xf1,0xef,0xee,0xff,0xa6,0x04,0x02,0x01,0x00,0x00,0x00,0x00,0x00,0x00,0x00,0x00,0x00,0x00,0x03,
    0x00,0xa0,0xff,0xea,0xef,0xef,0xef,0xef,0xef,0xef,0xef,0xef,0xef,0xef,0xef,0xef,0xef,0xef,0xef,0xef,0xef,0xef,0xef,0xef,
    0xef,0xef,0xef,0xef,0xef,0xef,0xef,0xef,0xef,0xef,0xef,0xef,0xef,0xef,0xef,0xef,0xef,0xef,0xea,0xff,0xa0,0x00,0x03,0x00,
    0x00,0x00,0x00,0x00,0x00,0x00,0x00,0x00,0x03,0x00,0x74,0xff,0xe8,0xed,0xed,0xed,0xed,0xed,0xed,0xed,0xed,0xed,0xed,0xed,
    0xed,0xed,0xed,0xed,0xed,0xed,0xed,0xed,0xed,0xed,0xed,0xed,0xed,0xed,0xed,0xed,0xed,0xed,0xed,0xed,0xed,0xed,0xed,0xed,
    0xed,0xed,0xed,0xed,0xed,0xe8,0xff,0x74,0x00,0x03,0x00,0x00,0x00,0x00,0x00,0x00,0x00,0x02,0x00,0x2c,0xf1,0xeb,0xeb,0xec,
    0xec,0xec,0xec,0xec,0xec,0xec,0xec,0xec,0xec,0xec,0xec,0xec,0xec,0xec,0xec,0xec,0xec,0xec,0xec,0xec,0xec,0xec,0xec,0xec,
    0xec,0xec,0xec,0xec,0xec,0xec,0xec,0xec,0xec,0xec,0xec,0xec,0xec,0xec,0xec,0xeb,0xeb,0xf1,0x2c,0x00,0x02,0x00,0x00,0x00,
    0x00,0x00,0x00,0x02,0x00,0xaa,0xf7,0xe6,0xea,0xea,0xea,0xea,0xea,0xea,0xea,0xea,0xea,0xea,0xea,0xea,0xea,0xea,0xea,0xea,
    0xea,0xea,0xea,0xea,0xea,0xea,0xea,0xea,0xea,0xea,0xea,0xea,0xea,0xea,0xea,0xea,0xea,0xea,0xea,0xea,0xea,0xea,0xea,0xea,
    0xea,0xea,0xe6,0xf7,0xaa,0x00,0x02,0x00,0x00,0x00,0x00,0x00,0x03,0x00,0x39,0xf1,0xe6,0xe8,0xe8,0xe8,0xe8,0xe8,0xe8,0xe8,
    0xe8,0xe8,0xe8,0xe8,0xe8,0xe8,0xe8,0xe8,0xe8,0xe8,0xe8,0xe8,0xe8,0xe8,0xe8,0xe8,0xe8,0xe8,0xe8,0xe8,0xe8,0xe8,0xe8,0xe8,
    0xe8,0xe8,0xe8,0xe8,0xe8,0xe8,0xe8,0xe8,0xe8,0xe8,0xe8,0xe8,0xe8,0xe6,0xf1,0x39,0x00,0x03,0x00,0x00,0x00,0x00,0x03,0x00,
    0x92,0xf6,0xe2,0xe6,0xe6,0xe6,0xe6,0xe6,0xe6,0xe6,0xe6,0xe6,0xe6,0xe6,0xe6,0xe6,0xe6,0xe6,0xe6,0xe6,0xe6,0xe6,0xe6,0xe6,
    0xe6,0xe6,0xe6,0xe6,0xe6,0xe6,0xe6,0xe6,0xe6,0xe6,0xe6,0xe6,0xe6,0xe6,0xe6,0xe6,0xe6,0xe6,0xe6,0xe6,0xe6,0xe6,0xe6,0xe2,
    0xf6,0x92,0x00,0x03,0x00,0x00,0x00,0x00,0x00,0x06,0xc8,0xeb,0xe3,0xe4,0xe4,0xe4,0xe4,0xe4,0xe4,0xe4,0xe4,0xe4,0xe4,0xe4,
    0xe4,0xe4,0xe4,0xe4,0xe4,0xe4,0xe4,0xe4,0xe4,0xe4,0xe4,0xe4,0xe4,0xe4,0xe4,0xe4,0xe4,0xe4,0xe4,0xe4,0xe4,0xe4,0xe4,0xe4,
    0xe4,0xe4,0xe4,0xe4,0xe4,0xe4,0xe4,0xe4,0xe4,0xe3,0xeb,0xc8,0x06,0x00,0x00,0x00,0x00,0x02,0x00,0x2b,0xe7,0xe2,0xe3,0xe3,
    0xe3,0xe3,0xe3,0xe3,0xe3,0xe3,0xe3,0xe3,0xe3,0xe3,0xe3,0xe3,0xe3,0xe3,0xe3,0xe3,0xe3,0xe3,0xe3,0xe3,0xe3,0xe3,0xe3,0xe3,
    0xe3,0xe3,0xe3,0xe3,0xe3,0xe3,0xe3,0xe3,0xe3,0xe3,0xe3,0xe3,0xe3,0xe3,0xe3,0xe3,0xe3,0xe3,0xe3,0xe3,0xe2,0xe7,0x2b,0x00,
    0x02,0x00,0x00,0x03,0x00,0x4b,0xee,0xde,0xe1,0xe1,0xe1,0xe1,0xe1,0xe1,0xe1,0xe1,0xe1,0xe1,0xe1,0xe1,0xe1,0xe1,0xe1,0xe1,
    0xe1,0xe1,0xe1,0xe1,0xe1,0xe1,0xe1,0xe1,0xe1,0xe1,0xe1,0xe1,0xe1,0xe1,0xe1,0xe1,0xe1,0xe1,0xe1,0xe1,0xe1,0xe1,0xe1,0xe1,
    0xe1,0xe1,0xe1,0xe1,0xe1,0xe1,0xde,0xee,0x4b,0x00,0x03,0x00,0x00,0x04,0x00,0x66,0xef,0xdb,0xdf,0xdf,0xdf,0xdf,0xdf,0xdf,
    0xdf,0xdf,0xdf,0xdf,0xdf,0xdf,0xdf,0xdf,0xdf,0xdf,0xdf,0xdf,0xdf,0xdf,0xdf,0xdf,0xdf,0xdf,0xdf,0xdf,0xdf,0xdf,0xdf,0xdf,
    0xdf,0xdf,0xdf,0xdf,0xdf,0xdf,0xdf,0xdf,0xdf,0xdf,0xdf,0xdf,0xdf,0xdf,0xdf,0xdf,0xdb,0xef,0x66,0x00,0x04,0x00,0x00,0x04,
    0x00,0x70,0xed,0xd9,0xdd,0xdd,0xdd,0xdd,0xdd,0xdd,0xdd,0xdd,0xdd,0xdd,0xdd,0xdd,0xdd,0xdd,0xdd,0xdd,0xdd,0xdd,0xdd,0xdd,
    0xdd,0xdd,0xdd,0xdd,0xdd,0xdd,0xdd,0xdd,0xdd,0xdd,0xdd,0xdd,0xdd,0xdd,0xdd,0xdd,0xdd,0xdd,0xdd,0xdd,0xdd,0xdd,0xdd,0xdd,
    0xdd,0xdd,0xd9,0xed,0x70,0x00,0x04,0x00,0x00,0x04,0x00,0x6d,0xeb,0xd7,0xdb,0xdb,0xdb,0xdb,0xdb,0xdb,0xdb,0xdb,0xdb,0xdb,
    0xdb,0xdb,0xdb,0xdb,0xdb,0xdb,0xdb,0xdb,0xdb,0xdb,0xdb,0xdb,0xdb,0xdb,0xdb,0xdb,0xdb,0xdb,0xdb,0xdb,0xdb,0xdb,0xdb,0xdb,
    0xdb,0xdb,0xdb,0xdb,0xdb,0xdb,0xdb,0xdb,0xdb,0xdb,0xdb,0xdb,0xd7,0xeb,0x6d,0x00,0x04,0x00,0x00,0x03,0x00,0x82,0xe9,0xd6,
    0xda,0xda,0xda,0xda,0xda,0xda,0xda,0xda,0xda,0xda,0xda,0xda,0xda,0xda,0xda,0xda,0xda,0xda,0xda,0xda,0xda,0xda,0xda,0xda,
    0xda,0xda,0xda,0xda,0xda,0xda,0xda,0xda,0xda,0xda,0xda,0xda,0xda,0xda,0xda,0xda,0xda,0xda,0xda,0xda,0xda,0xda,0xd6,0xe9,
    0x82,0x00,0x03,0x00,0x00,0x03,0x00,0x8f,0xe6,0xd5,0xd8,0xd8,0xd8,0xd8,0xd8,0xd8,0xd8,0xd8,0xd8,0xd8,0xd8,0xd8,0xd8,0xd8,
    0xd8,0xd8,0xd8,0xd8,0xd8,0xd8,0xd8,0xd8,0xd8,0xd8,0xd8,0xd8,0xd8,0xd8,0xd8,0xd8,0xd8,0xd8,0xd8,0xd8,0xd8,0xd8,0xd8,0xd8,
    0xd8,0xd8,0xd8,0xd8,0xd8,0xd8,0xd8,0xd8,0xd5,0xe6,0x8f,0x00,0x03,0x00,0x00,0x02,0x00,0x9f,0xe1,0xd3,0xd6,0xd6,0xd6,0xd6,
    0xd6,0xd6,0xd6,0xd6,0xd6,0xd6,0xd6,0xd6,0xd6,0xd6,0xd6,0xd6,0xd6,0xd6,0xd6,0xd6,0xd6,0xd6,0xd6,0xd6,0xd6,0xd6,0xd6,0xd6,
    0xd6,0xd6,0xd6,0xd6,0xd6,0xd6,0xd6,0xd6,0xd6,0xd6,0xd6,0xd6,0xd6,0xd6,0xd6,0xd6,0xd6,0xd6,0xd3,0xe1,0x9f,0x00,0x02,0x00,
    0x00,0x01,0x00,0xad,0xdd,0xd2,0xd4,0xd4,0xd4,0xd4,0xd4,0xd4,0xd4,0xd4,0xd4,0xd4,0xd4,0xd4,0xd4,0xd4,0xd4,0xd4,0xd4,0xd4,
    0xd4,0xd4,0xd4,0xd4,0xd4,0xd4,0xd4,0xd4,0xd4,0xd4,0xd4,0xd4,0xd4,0xd4,0xd4,0xd4,0xd4,0xd4,0xd4,0xd4,0xd4,0xd4,0xd4,0xd4,
    0xd4,0xd4,0xd4,0xd4,0xd2,0xdd,0xad,0x00,0x01,0x00,0x00,0x00,0x02,0xb6,0xd9,0xd1,0xd2,0xd2,0xd2,0xd2,0xd2,0xd2,0xd2,0xd2,
    0xd2,0xd2,0xd2,0xd2,0xd2,0xd2,0xd2,0xd2,0xd2,0xd2,0xd2,0xd2,0xd2,0xd2,0xd2,0xd2,0xd2,0xd2,0xd2,0xd2,0xd2,0xd2,0xd2,0xd2,
    0xd2,0xd2,0xd2,0xd2,0xd2,0xd2,0xd2,0xd2,0xd2,0xd2,0xd2,0xd2,0xd2,0xd2,0xd1,0xd9,0xb6,0x02,0x00,0x00,0x01,0x00,0x0d,0xc1,
    0xd5,0xcf,0xd1,0xd1,0xd1,0xd1,0xd1,0xd1,0xd1,0xd1,0xd1,0xd1,0xd1,0xd1,0xd1,0xd1,0xd1,0xd1,0xd1,0xd1,0xd1,0xd1,0xd1,0xd1,
    0xd1,0xd1,0xd1,0xd1,0xd1,0xd1,0xd1,0xd1,0xd1,0xd1,0xd1,0xd1,0xd1,0xd1,0xd1,0xd1,0xd1,0xd1,0xd1,0xd1,0xd1,0xd1,0xd1,0xd1,
    0xcf,0xd5,0xc1,0x0d,0x00,0x01,0x02,0x00,0x19,0xc9,0xd0,0xce,0xcf,0xcf,0xcf,0xcf,0xcf,0xcf,0xcf,0xcf,0xcf,0xcf,0xcf,0xcf,
    0xcf,0xcf,0xcf,0xcf,0xcf,0xcf,0xcf,0xcf,0xcf,0xcf,0xcf,0xcf,0xcf,0xcf,0xcf,0xcf,0xcf,0xcf,0xcf,0xcf,0xcf,0xcf,0xcf,0xcf,
    0xcf,0xcf,0xcf,0xcf,0xcf,0xcf,0xcf,0xcf,0xcf,0xcf,0xce,0xd0,0xc9,0x19,0x00,0x02,0x02,0x00,0x23,0xcf,0xcd,0xcd,0xcd,0xcd,
    0xcd,0xcd,0xcd,0xcd,0xcd,0xcd,0xcd,0xcd,0xcd,0xcd,0xcd,0xcd,0xcd,0xcd,0xcd,0xcd,0xcd,0xcd,0xcd,0xcd,0xcd,0xcd,0xcd,0xcd,
    0xcd,0xcd,0xcd,0xcd,0xcd,0xcd,0xcd,0xcd,0xcd,0xcd,0xcd,0xcd,0xcd,0xcd,0xcd,0xcd,0xcd,0xcd,0xcd,0xcd,0xcd,0xcd,0xcf,0x23,
    0x00,0x02,0x02,0x00,0x31,0xd3,0xc9,0xcb,0xcb,0xcb,0xcb,0xcb,0xcb,0xcb,0xcb,0xcb,0xcb,0xcb,0xcb,0xcb,0xcb,0xcb,0xcb,0xcb,
    0xcb,0xcb,0xcb,0xcb,0xcb,0xcb,0xcb,0xcb,0xcb,0xcb,0xcb,0xcb,0xcb,0xcb,0xcb,0xcb,0xcb,0xcb,0xcb,0xcb,0xcb,0xcb,0xcb,0xcb,
    0xcb,0xcb,0xcb,0xcb,0xcb,0xcb,0xcb,0xc9,0xd3,0x31,0x00,0x02,0x02,0x00,0x40,0xd4,0xc7,0xc9,0xc9,0xc9,0xc9,0xc9,0xc9,0xc9,
    0xc9,0xc9,0xc9,0xc9,0xc9,0xc9,0xc9,0xc9,0xc9,0xc9,0xc9,0xc9,0xc9,0xc9,0xc9,0xc9,0xc9,0xc9,0xc9,0xc9,0xc9,0xc9,0xc9,0xc9,
    0xc9,0xc9,0xc9,0xc9,0xc9,0xc9,0xc9,0xc9,0xc9,0xc9,0xc9,0xc9,0xc9,0xc9,0xc9,0xc9,0xc9,0xc7,0xd4,0x40,0x00,0x02,0x03,0x00,
    0x4d,0xd5,0xc5,0xc8,0xc8,0xc8,0xc8,0xc8,0xc8,0xc8,0xc8,0xc8,0xc8,0xc8,0xc8,0xc8,0xc8,0xc8,0xc8,0xc8,0xc8,0xc8,0xc8,0xc8,
    0xc8,0xc8,0xc8,0xc8,0xc8,0xc8,0xc8,0xc8,0xc8,0xc8,0xc8,0xc8,0xc8,0xc8,0xc8,0xc8,0xc8,0xc8,0xc8,0xc8,0xc8,0xc8,0xc8,0xc8,
    0xc8,0xc8,0xc8,0xc5,0xd5,0x4d,0x00,0x03,0x03,0x00,0x5d,0xd4,0xc3,0xc6,0xc6,0xc6,0xc6,0xc6,0xc6,0xc6,0xc6,0xc6,0xc6,0xc6,
    0xc6,0xc6,0xc6,0xc6,0xc6,0xc6,0xc6,0xc6,0xc6,0xc6,0xc6,0xc6,0xc6,0xc6,0xc6,0xc6,0xc6,0xc6,0xc6,0xc6,0xc6,0xc6,0xc6,0xc6,
    0xc6,0xc6,0xc6,0xc6,0xc6,0xc6,0xc6,0xc6,0xc6,0xc6,0xc6,0xc6,0xc6,0xc3,0xd4,0x5d,0x00,0x03,0x03,0x00,0x6c,0xd1,0xc1,0xc4,
    0xc4,0xc4,0xc4,0xc4,0xc4,0xc4,0xc4,0xc4,0xc4,0xc4,0xc4,0xc4,0xc4,0xc4,0xc4,0xc4,0xc4,0xc4,0xc4,0xc4,0xc4,0xc4,0xc4,0xc4,
    0xc4,0xc4,0xc4,0xc4,0xc4,0xc4,0xc4,0xc4,0xc4,0xc4,0xc4,0xc4,0xc4,0xc4,0xc4,0xc4,0xc4,0xc4,0xc4,0xc4,0xc4,0xc4,0xc4,0xc1,
    0xd1,0x6c,0x00,0x03,0x03,0x00,0x7a,0xcf,0xbf,0xc2,0xc2,0xc2,0xc2,0xc2,0xc2,0xc2,0xc2,0xc2,0xc2,0xc2,0xc2,0xc2,0xc2,0xc2,
    0xc2,0xc2,0xc2,0xc2,0xc2,0xc2,0xc2,0xc2,0xc2,0xc2,0xc2,0xc2,0xc2,0xc2,0xc2,0xc2,0xc2,0xc2,0xc2,0xc2,0xc2,0xc2,0xc2,0xc2,
    0xc2,0xc2,0xc2,0xc2,0xc2,0xc2,0xc2,0xc2,0xc2,0xbf,0xcf,0x7a,0x00,0x03,0x02,0x00,0x88,0xcc,0xbe,0xc1,0xc1,0xc1,0xc1,0xc1,
    0xc1,0xc1,0xc1,0xc1,0xc1,0xc1,0xc1,0xc1,0xc1,0xc1,0xc1,0xc1,0xc1,0xc1,0xc1,0xc1,0xc1,0xc1,0xc1,0xc1,0xc1,0xc1,0xc1,0xc1,
    0xc1,0xc1,0xc1,0xc1,0xc1,0xc1,0xc1,0xc1,0xc1,0xc1,0xc1,0xc1,0xc1,0xc1,0xc1,0xc1,0xc1,0xc1,0xc1,0xbe,0xcc,0x88,0x00,0x02,
    0x01,0x00,0x93,0xc7,0xbc,0xbe,0xbe,0xbe,0xbe,0xbe,0xbe,0xbe,0xbe,0xbe,0xbe,0xbe,0xbe,0xbe,0xbe,0xbe,0xbe,0xbe,0xbe,0xbe,
    0xbe,0xbe,0xbe,0xbe,0xbe,0xbe,0xbe,0xbe,0xbe,0xbe,0xbe,0xbe,0xbe,0xbe,0xbe,0xbe,0xbe,0xbe,0xbe,0xbe,0xbe,0xbe,0xbe,0xbe,
    0xbe,0xbe,0xbe,0xbe,0xbe,0xbc,0xc7,0x93,0x00,0x01,0x00,0x00,0x19,0x1e,0x1d,0x1d,0x1d,0x1d,0x1d,0x1d,0x1d,0x1d,0x1d,0x1d,
    0x1d,0x1d,0x1d,0x1d,0x1d,0x1d,0x1d,0x1d,0x1d,0x1d,0x1d,0x1d,0x1d,0x1d,0x1d,0x1d,0x1d,0x1d,0x1d,0x1d,0x1d,0x1d,0x1d,0x1d,
    0x1d,0x1d,0x1d,0x1d,0x1d,0x1d,0x1d,0x1d,0x1d,0x1d,0x1d,0x1d,0x1d,0x1d,0x1d,0x1d,0x1e,0x19,0x00,0x00,0x00,0x00,0x00,0x00,
    0x00,0x00,0x00,0x00,0x00,0x00,0x00,0x00,0x00,0x00,0x00,0x00,0x00,0x00,0x00,0x00,0x00,0x00,0x00,0x00,0x00,0x00,0x00,0x00,
    0x00,0x00,0x00,0x00,0x00,0x00,0x00,0x00,0x00,0x00,0x00,0x00,0x00,0x00,0x00,0x00,0x00,0x00,0x00,0x00,0x00,0x00,0x00,0x00,
    0x00,0x00,0x00,0x00,0x00,0x00,0x00,0x00,0x01,0x02,0x02,0x02,0x02,0x02,0x02,0x02,0x02,0x02,0x02,0x02,0x02,0x02,0x02,0x02,
    0x02,0x02,0x02,0x02,0x02,0x02,0x02,0x02,0x02,0x02,0x02,0x02,0x02,0x02,0x02,0x02,0x02,0x02,0x02,0x02,0x02,0x02,0x02,0x02,
    0x02,0x02,0x02,0x02,0x02,0x02,0x02,0x02,0x02,0x02,0x02,0x02,0x02,0x01,0x00,0x00,
};
const lv_img_dsc_t img_car_hood = {
    .header.cf = LV_IMG_CF_ALPHA_8BIT, .header.always_zero = 0, .header.reserved = 0,
    .header.w = 58, .header.h = 40, .data_size = 2320, .data = img_car_hood_map,
};

static const uint8_t img_car_trunk_under_map[] = {
    0x00,0x00,0x01,0x01,0x01,0x01,0x01,0x01,0x01,0x01,0x01,0x01,0x01,0x01,0x01,0x01,0x01,0x01,0x01,0x01,0x01,0x01,0x01,0x01,
    0x01,0x01,0x01,0x01,0x01,0x01,0x01,0x01,0x01,0x01,0x01,0x01,0x01,0x01,0x01,0x01,0x01,0x01,0x01,0x01,0x01,0x01,0x01,0x01,
    0x01,0x01,0x01,0x01,0x01,0x01,0x01,0x01,0x01,0x01,0x00,0x00,0x00,0x00,0x00,0x00,0x00,0x00,0x00,0x00,0x00,0x00,0x00,0x00,
    0x00,0x00,0x00,0x00,0x00,0x00,0x00,0x00,0x00,0x00,0x00,0x00,0x00,0x00,0x00,0x00,0x00,0x00,0x00,0x00,0x00,0x00,0x00,0x00,
    0x00,0x00,0x00,0x00,0x00,0x00,0x00,0x00,0x00,0x00,0x00,0x00,0x00,0x00,0x00,0x00,0x00,0x00,0x00,0x00,0x00,0x00,0x00,0x00,
    0x00,0x00,0x09,0x11,0x11,0x11,0x11,0x11,0x11,0x11,0x11,0x11,0x11,0x11,0x11,0x11,0x11,0x11,0x11,0x11,0x11,0x11,0x11,0x11,
    0x11,0x11,0x11,0x11,0x11,0x11,0x11,0x11,0x11,0x11,0x11,0x11,0x11,0x11,0x11,0x11,0x11,0x11,0x11,0x11,0x11,0x11,0x11,0x11,
    0x11,0x11,0x11,0x11,0x11,0x11,0x11,0x11,0x11,0x0b,0x00,0x00,0x04,0x00,0x76,0xee,0xea,0xee,0xee,0xee,0xee,0xee,0xee,0xee,
    0xee,0xee,0xee,0xee,0xee,0xee,0xee,0xee,0xee,0xee,0xee,0xee,0xee,0xee,0xee,0xee,0xee,0xee,0xee,0xee,0xee,0xee,0xee,0xee,
    0xee,0xee,0xee,0xee,0xee,0xee,0xee,0xee,0xee,0xee,0xee,0xee,0xee,0xee,0xee,0xee,0xee,0xee,0xee,0xea,0xee,0x94,0x00,0x04,
    0x04,0x00,0x81,0xff,0xff,0xff,0xff,0xff,0xff,0xff,0xff,0xff,0xff,0xff,0xff,0xff,0xff,0xff,0xff,0xff,0xff,0xff,0xff,0xff,
    0xff,0xff,0xff,0xff,0xff,0xff,0xff,0xff,0xff,0xff,0xff,0xff,0xff,0xff,0xff,0xff,0xff,0xff,0xff,0xff,0xff,0xff,0xff,0xff,
    0xff,0xff,0xff,0xff,0xff,0xff,0xff,0xff,0xff,0xa2,0x00,0x04,0x04,0x00,0x7e,0xfe,0xfa,0xfe,0xfe,0xfe,0xfe,0xfe,0xfe,0xfe,
    0xfe,0xfe,0xfe,0xfe,0xfe,0xfe,0xfe,0xfe,0xfe,0xfe,0xfe,0xfe,0xfe,0xfe,0xfe,0xfe,0xfe,0xfe,0xfe,0xfe,0xfe,0xfe,0xfe,0xfe,
    0xfe,0xfe,0xfe,0xfe,0xfe,0xfe,0xfe,0xfe,0xfe,0xfe,0xfe,0xfe,0xfe,0xfe,0xfe,0xfe,0xfe,0xfe,0xfe,0xfa,0xfe,0x9e,0x00,0x04,
    0x04,0x00,0x7f,0xff,0xfb,0xff,0xff,0xff,0xff,0xff,0xff,0xff,0xff,0xff,0xff,0xff,0xff,0xff,0xff,0xff,0xff,0xff,0xff,0xff,
    0xff,0xff,0xff,0xff,0xff,0xff,0xff,0xff,0xff,0xff,0xff,0xff,0xff,0xff,0xff,0xff,0xff,0xff,0xff,0xff,0xff,0xff,0xff,0xff,
    0xff,0xff,0xff,0xff,0xff,0xff,0xff,0xfb,0xff,0x9f,0x00,0x04,0x04,0x00,0x7f,0xff,0xfb,0xff,0xff,0xff,0xff,0xff,0xff,0xff,
    0xff,0xff,0xff,0xff,0xff,0xff,0xff,0xff,0xff,0xff,0xff,0xff,0xff,0xff,0xff,0xff,0xff,0xff,0xff,0xff,0xff,0xff,0xff,0xff,
    0xff,0xff,0xff,0xff,0xff,0xff,0xff,0xff,0xff,0xff,0xff,0xff,0xff,0xff,0xff,0xff,0xff,0xff,0xff,0xfb,0xff,0x9f,0x00,0x04,
    0x04,0x00,0x7f,0xff,0xfb,0xff,0xff,0xff,0xff,0xff,0xff,0xff,0xff,0xff,0xff,0xff,0xff,0xff,0xff,0xff,0xff,0xff,0xff,0xff,
    0xff,0xff,0xff,0xff,0xff,0xff,0xff,0xff,0xff,0xff,0xff,0xff,0xff,0xff,0xff,0xff,0xff,0xff,0xff,0xff,0xff,0xff,0xff,0xff,
    0xff,0xff,0xff,0xff,0xff,0xff,0xff,0xfb,0xff,0x9f,0x00,0x04,0x04,0x00,0x7f,0xff,0xfb,0xff,0xff,0xff,0xff,0xff,0xff,0xff,
    0xff,0xff,0xff,0xff,0xff,0xff,0xff,0xff,0xff,0xff,0xff,0xff,0xff,0xff,0xff,0xff,0xff,0xff,0xff,0xff,0xff,0xff,0xff,0xff,
    0xff,0xff,0xff,0xff,0xff,0xff,0xff,0xff,0xff,0xff,0xff,0xff,0xff,0xff,0xff,0xff,0xff,0xff,0xff,0xfb,0xff,0x9f,0x00,0x04,
    0x04,0x00,0x7f,0xff,0xfb,0xff,0xff,0xff,0xff,0xff,0xff,0xff,0xff,0xff,0xff,0xff,0xff,0xff,0xff,0xff,0xff,0xff,0xff,0xff,
    0xff,0xff,0xff,0xff,0xff,0xff,0xff,0xff,0xff,0xff,0xff,0xff,0xff,0xff,0xff,0xff,0xff,0xff,0xff,0xff,0xff,0xff,0xff,0xff,
    0xff,0xff,0xff,0xff,0xff,0xff,0xff,0xfb,0xff,0x9f,0x00,0x04,0x04,0x00,0x7f,0xff,0xfb,0xff,0xff,0xff,0xff,0xff,0xff,0xff,
    0xff,0xff,0xff,0xff,0xff,0xff,0xff,0xff,0xff,0xff,0xff,0xff,0xff,0xff,0xff,0xff,0xff,0xff,0xff,0xff,0xff,0xff,0xff,0xff,
    0xff,0xff,0xff,0xff,0xff,0xff,0xff,0xff,0xff,0xff,0xff,0xff,0xff,0xff,0xff,0xff,0xff,0xff,0xff,0xfb,0xff,0x9f,0x00,0x04,
    0x04,0x00,0x7f,0xff,0xfb,0xff,0xff,0xff,0xff,0xff,0xff,0xff,0xff,0xff,0xff,0xff,0xff,0xff,0xff,0xff,0xff,0xff,0xff,0xff,
    0xff,0xff,0xff,0xff,0xff,0xff,0xff,0xff,0xff,0xff,0xff,0xff,0xff,0xff,0xff,0xff,0xff,0xff,0xff,0xff,0xff,0xff,0xff,0xff,
    0xff,0xff,0xff,0xff,0xff,0xff,0xff,0xfb,0xff,0x9f,0x00,0x04,0x04,0x00,0x7f,0xff,0xfb,0xff,0xff,0xff,0xff,0xff,0xff,0xff,
    0xff,0xff,0xff,0xff,0xff,0xff,0xff,0xff,0xff,0xff,0xff,0xff,0xff,0xff,0xff,0xff,0xff,0xff,0xff,0xff,0xff,0xff,0xff,0xff,
    0xff,0xff,0xff,0xff,0xff,0xff,0xff,0xff,0xff,0xff,0xff,0xff,0xff,0xff,0xff,0xff,0xff,0xff,0xff,0xfb,0xff,0x9f,0x00,0x04,
    0x04,0x00,0x7f,0xff,0xfb,0xff,0xff,0xff,0xff,0xff,0xff,0xff,0xff,0xff,0xff,0xff,0xff,0xff,0xff,0xff,0xff,0xff,0xff,0xff,
    0xff,0xff,0xff,0xff,0xff,0xff,0xff,0xff,0xff,0xff,0xff,0xff,0xff,0xff,0xff,0xff,0xff,0xff,0xff,0xff,0xff,0xff,0xff,0xff,
    0xff,0xff,0xff,0xff,0xff,0xff,0xff,0xfb,0xff,0x9f,0x00,0x04,0x04,0x00,0x7f,0xff,0xfb,0xff,0xff,0xff,0xff,0xff,0xff,0xff,
    0xff,0xff,0xff,0xff,0xff,0xff,0xff,0xff,0xff,0xff,0xff,0xff,0xff,0xff,0xff,0xff,0xff,0xff,0xff,0xff,0xff,0xff,0xff,0xff,
    0xff,0xff,0xff,0xff,0xff,0xff,0xff,0xff,0xff,0xff,0xff,0xff,0xff,0xff,0xff,0xff,0xff,0xff,0xff,0xfb,0xff,0x9f,0x00,0x04,
    0x04,0x00,0x7f,0xff,0xfb,0xff,0xff,0xff,0xff,0xff,0xff,0xff,0xff,0xff,0xff,0xff,0xff,0xff,0xff,0xff,0xff,0xff,0xff,0xff,
    0xff,0xff,0xff,0xff,0xff,0xff,0xff,0xff,0xff,0xff,0xff,0xff,0xff,0xff,0xff,0xff,0xff,0xff,0xff,0xff,0xff,0xff,0xff,0xff,
    0xff,0xff,0xff,0xff,0xff,0xff,0xff,0xfb,0xff,0x9f,0x00,0x04,0x04,0x00,0x7f,0xff,0xfb,0xff,0xff,0xff,0xff,0xff,0xff,0xff,
    0xff,0xff,0xff,0xff,0xff,0xff,0xff,0xff,0xff,0xff,0xff,0xff,0xff,0xff,0xff,0xff,0xff,0xff,0xff,0xff,0xff,0xff,0xff,0xff,
    0xff,0xff,0xff,0xff,0xff,0xff,0xff,0xff,0xff,0xff,0xff,0xff,0xff,0xff,0xff,0xff,0xff,0xff,0xff,0xfb,0xff,0x9f,0x00,0x04,
    0x04,0x00,0x7f,0xff,0xfb,0xff,0xff,0xff,0xff,0xff,0xff,0xff,0xff,0xff,0xff,0xff,0xff,0xff,0xff,0xff,0xff,0xff,0xff,0xff,
    0xff,0xff,0xff,0xff,0xff,0xff,0xff,0xff,0xff,0xff,0xff,0xff,0xff,0xff,0xff,0xff,0xff,0xff,0xff,0xff,0xff,0xff,0xff,0xff,
    0xff,0xff,0xff,0xff,0xff,0xff,0xff,0xfb,0xff,0x9f,0x00,0x04,0x04,0x00,0x7f,0xff,0xfb,0xff,0xff,0xff,0xff,0xff,0xff,0xff,
    0xff,0xff,0xff,0xff,0xff,0xff,0xff,0xff,0xff,0xff,0xff,0xff,0xff,0xff,0xff,0xff,0xff,0xff,0xff,0xff,0xff,0xff,0xff,0xff,
    0xff,0xff,0xff,0xff,0xff,0xff,0xff,0xff,0xff,0xff,0xff,0xff,0xff,0xff,0xff,0xff,0xff,0xff,0xff,0xfb,0xff,0x9f,0x00,0x04,
    0x04,0x00,0x7f,0xff,0xfb,0xff,0xff,0xff,0xff,0xff,0xff,0xff,0xff,0xff,0xff,0xff,0xff,0xff,0xff,0xff,0xff,0xff,0xff,0xff,
    0xff,0xff,0xff,0xff,0xff,0xff,0xff,0xff,0xff,0xff,0xff,0xff,0xff,0xff,0xff,0xff,0xff,0xff,0xff,0xff,0xff,0xff,0xff,0xff,
    0xff,0xff,0xff,0xff,0xff,0xff,0xff,0xfb,0xff,0x9f,0x00,0x04,0x04,0x00,0x7f,0xff,0xfb,0xff,0xff,0xff,0xff,0xff,0xff,0xff,
    0xff,0xff,0xff,0xff,0xff,0xff,0xff,0xff,0xff,0xff,0xff,0xff,0xff,0xff,0xff,0xff,0xff,0xff,0xff,0xff,0xff,0xff,0xff,0xff,
    0xff,0xff,0xff,0xff,0xff,0xff,0xff,0xff,0xff,0xff,0xff,0xff,0xff,0xff,0xff,0xff,0xff,0xff,0xff,0xfb,0xff,0x9f,0x00,0x04,
    0x04,0x00,0x7f,0xff,0xfb,0xff,0xff,0xff,0xff,0xff,0xff,0xff,0xff,0xff,0xff,0xff,0xff,0xff,0xff,0xff,0xff,0xff,0xff,0xff,
    0xff,0xff,0xff,0xff,0xff,0xff,0xff,0xff,0xff,0xff,0xff,0xff,0xff,0xff,0xff,0xff,0xff,0xff,0xff,0xff,0xff,0xff,0xff,0xff,
    0xff,0xff,0xff,0xff,0xff,0xff,0xff,0xfb,0xff,0x9f,0x00,0x04,0x04,0x00,0x7f,0xff,0xfb,0xff,0xff,0xff,0xff,0xff,0xff,0xff,
    0xff,0xff,0xff,0xff,0xff,0xff,0xff,0xff,0xff,0xff,0xff,0xff,0xff,0xff,0xff,0xff,0xff,0xff,0xff,0xff,0xff,0xff,0xff,0xff,
    0xff,0xff,0xff,0xff,0xff,0xff,0xff,0xff,0xff,0xff,0xff,0xff,0xff,0xff,0xff,0xff,0xff,0xff,0xff,0xfb,0xff,0x9f,0x00,0x04,
    0x04,0x00,0x7f,0xff,0xfb,0xff,0xff,0xff,0xff,0xff,0xff,0xff,0xff,0xff,0xff,0xff,0xff,0xff,0xff,0xff,0xff,0xff,0xff,0xff,
    0xff,0xff,0xff,0xff,0xff,0xff,0xff,0xff,0xff,0xff,0xff,0xff,0xff,0xff,0xff,0xff,0xff,0xff,0xff,0xff,0xff,0xff,0xff,0xff,
    0xff,0xff,0xff,0xff,0xff,0xff,0xff,0xfb,0xff,0xa0,0x00,0x04,0x04,0x00,0x7f,0xff,0xfb,0xff,0xff,0xff,0xff,0xff,0xff,0xff,
    0xff,0xff,0xff,0xff,0xff,0xff,0xff,0xff,0xff,0xff,0xff,0xff,0xff,0xff,0xff,0xff,0xff,0xff,0xff,0xff,0xff,0xff,0xff,0xff,
    0xff,0xff,0xff,0xff,0xff,0xff,0xff,0xff,0xff,0xff,0xff,0xff,0xff,0xff,0xff,0xff,0xff,0xff,0xff,0xfb,0xff,0x9d,0x00,0x04,
    0x04,0x00,0x80,0xff,0xfb,0xff,0xff,0xff,0xff,0xff,0xff,0xff,0xff,0xff,0xff,0xff,0xff,0xff,0xff,0xff,0xff,0xff,0xff,0xff,
    0xff,0xff,0xff,0xff,0xff,0xff,0xff,0xff,0xff,0xff,0xff,0xff,0xff,0xff,0xff,0xff,0xff,0xff,0xff,0xff,0xff,0xff,0xff,0xff,
    0xff,0xff,0xff,0xff,0xff,0xff,0xff,0xfb,0xff,0x82,0x00,0x04,0x04,0x00,0x7b,0xfe,0xfb,0xff,0xff,0xff,0xff,0xff,0xff,0xff,
    0xff,0xff,0xff,0xff,0xff,0xff,0xff,0xff,0xff,0xff,0xff,0xff,0xff,0xff,0xff,0xff,0xff,0xff,0xff,0xff,0xff,0xff,0xff,0xff,
    0xff,0xff,0xff,0xff,0xff,0xff,0xff,0xff,0xff,0xff,0xff,0xff,0xff,0xff,0xff,0xff,0xff,0xff,0xff,0xfb,0xfe,0x7b,0x00,0x04,
    0x03,0x00,0x41,0xff,0xfc,0xff,0xff,0xff,0xff,0xff,0xff,0xff,0xff,0xff,0xff,0xff,0xff,0xff,0xff,0xff,0xff,0xff,0xff,0xff,
    0xff,0xff,0xff,0xff,0xff,0xff,0xff,0xff,0xff,0xff,0xff,0xff,0xff,0xff,0xff,0xff,0xff,0xff,0xff,0xff,0xff,0xff,0xff,0xff,
    0xff,0xff,0xff,0xff,0xff,0xff,0xff,0xfc,0xff,0x41,0x00,0x03,0x01,0x02,0x07,0xd1,0xff,0xfb,0xff,0xff,0xff,0xff,0xff,0xff,
    0xff,0xff,0xff,0xff,0xff,0xff,0xff,0xff,0xff,0xff,0xff,0xff,0xff,0xff,0xff,0xff,0xff,0xff,0xff,0xff,0xff,0xff,0xff,0xff,
    0xff,0xff,0xff,0xff,0xff,0xff,0xff,0xff,0xff,0xff,0xff,0xff,0xff,0xff,0xff,0xff,0xff,0xff,0xfb,0xff,0xd1,0x07,0x02,0x01,
    0x00,0x02,0x00,0x31,0xf4,0xff,0xfa,0xfe,0xff,0xff,0xff,0xff,0xff,0xff,0xff,0xff,0xff,0xff,0xff,0xff,0xff,0xff,0xff,0xff,
    0xff,0xff,0xff,0xff,0xff,0xff,0xff,0xff,0xff,0xff,0xff,0xff,0xff,0xff,0xff,0xff,0xff,0xff,0xff,0xff,0xff,0xff,0xff,0xff,
    0xff,0xff,0xff,0xff,0xfe,0xfa,0xff,0xf4,0x31,0x00,0x02,0x00,0x00,0x00,0x02,0x00,0x34,0xdb,0xff,0xff,0xfb,0xfe,0xff,0xff,
    0xff,0xff,0xff,0xff,0xff,0xff,0xff,0xff,0xff,0xff,0xff,0xff,0xff,0xff,0xff,0xff,0xff,0xff,0xff,0xff,0xff,0xff,0xff,0xff,
    0xff,0xff,0xff,0xff,0xff,0xff,0xff,0xff,0xff,0xff,0xff,0xff,0xff,0xff,0xfe,0xfb,0xff,0xff,0xdb,0x34,0x00,0x02,0x00,0x00,
    0x00,0x00,0x00,0x03,0x00,0x0f,0x8c,0xf6,0xff,0xff,0xfc,0xfb,0xfd,0xfe,0xfe,0xfe,0xfe,0xfe,0xfe,0xfe,0xfe,0xfe,0xfe,0xfe,
    0xfe,0xfe,0xfe,0xfe,0xfe,0xfe,0xfe,0xfe,0xfe,0xfe,0xfe,0xfe,0xfe,0xfe,0xfe,0xfe,0xfe,0xfe,0xfe,0xfe,0xfe,0xfe,0xfe,0xfd,
    0xfb,0xfc,0xff,0xff,0xf6,0x8c,0x0f,0x00,0x03,0x00,0x00,0x00,0x00,0x00,0x00,0x00,0x02,0x00,0x00,0x25,0x8d,0xe2,0xff,0xff,
    0xff,0xff,0xff,0xff,0xff,0xff,0xff,0xff,0xff,0xff,0xff,0xff,0xff,0xff,0xff,0xff,0xff,0xff,0xff,0xff,0xff,0xff,0xff,0xff,
    0xff,0xff,0xff,0xff,0xff,0xff,0xff,0xff,0xff,0xff,0xff,0xff,0xff,0xff,0xe2,0x8d,0x25,0x00,0x00,0x02,0x00,0x00,0x00,0x00,
    0x00,0x00,0x00,0x00,0x00,0x01,0x03,0x00,0x00,0x0e,0x56,0x9b,0xde,0xfb,0xfe,0xfe,0xff,0xff,0xff,0xff,0xff,0xff,0xff,0xff,
    0xff,0xff,0xff,0xff,0xff,0xff,0xff,0xff,0xff,0xff,0xff,0xff,0xff,0xff,0xff,0xff,0xff,0xff,0xff,0xff,0xfe,0xfe,0xfb,0xde,
    0x9b,0x56,0x0e,0x00,0x00,0x03,0x01,0x00,0x00,0x00,0x00,0x00,0x00,0x00,0x00,0x00,0x00,0x00,0x00,0x02,0x03,0x00,0x00,0x00,
    0x07,0x24,0x27,0x27,0x27,0x27,0x27,0x27,0x27,0x27,0x27,0x27,0x27,0x27,0x27,0x27,0x27,0x27,0x27,0x27,0x27,0x27,0x27,0x27,
    0x27,0x27,0x27,0x27,0x27,0x27,0x27,0x27,0x27,0x27,0x24,0x07,0x00,0x00,0x00,0x03,0x02,0x00,0x00,0x00,0x00,0x00,0x00,0x00,
    0x00,0x00,0x00,0x00,0x00,0x00,0x00,0x00,0x00,0x01,0x03,0x04,0x00,0x00,0x00,0x00,0x00,0x00,0x00,0x00,0x00,0x00,0x00,0x00,
    0x00,0x00,0x00,0x00,0x00,0x00,0x00,0x00,0x00,0x00,0x00,0x00,0x00,0x00,0x00,0x00,0x00,0x00,0x00,0x00,0x00,0x00,0x00,0x00,
    0x04,0x03,0x01,0x00,0x00,0x00,0x00,0x00,0x00,0x00,0x00,0x00,0x00,0x00,0x00,0x00,0x00,0x00,0x00,0x00,0x00,0x00,0x00,0x00,
    0x01,0x02,0x02,0x02,0x02,0x02,0x02,0x02,0x02,0x02,0x02,0x02,0x02,0x02,0x02,0x02,0x02,0x02,0x02,0x02,0x02,0x02,0x02,0x02,
    0x02,0x02,0x02,0x02,0x02,0x02,0x02,0x02,0x02,0x02,0x02,0x01,0x00,0x00,0x00,0x00,0x00,0x00,0x00,0x00,0x00,0x00,0x00,0x00,
};
const lv_img_dsc_t img_car_trunk_under = {
    .header.cf = LV_IMG_CF_ALPHA_8BIT, .header.always_zero = 0, .header.reserved = 0,
    .header.w = 60, .header.h = 38, .data_size = 2280, .data = img_car_trunk_under_map,
};

static const uint8_t img_car_trunk_map[] = {
    0x00,0x00,0x00,0x01,0x01,0x01,0x01,0x01,0x01,0x01,0x01,0x01,0x01,0x01,0x01,0x01,0x01,0x01,0x01,0x01,0x01,0x01,0x01,0x01,
    0x01,0x01,0x01,0x01,0x01,0x01,0x01,0x01,0x01,0x01,0x01,0x01,0x01,0x01,0x01,0x01,0x01,0x01,0x01,0x01,0x01,0x01,0x01,0x01,
    0x01,0x01,0x01,0x01,0x01,0x01,0x01,0x01,0x01,0x01,0x00,0x00,0x00,0x00,0x00,0x00,0x00,0x00,0x00,0x00,0x00,0x00,0x00,0x00,
    0x00,0x00,0x00,0x00,0x00,0x00,0x00,0x00,0x00,0x00,0x00,0x00,0x00,0x00,0x00,0x00,0x00,0x00,0x00,0x00,0x00,0x00,0x00,0x00,
    0x00,0x00,0x00,0x00,0x00,0x00,0x00,0x00,0x00,0x00,0x00,0x00,0x00,0x00,0x00,0x00,0x00,0x00,0x00,0x00,0x00,0x00,0x00,0x00,
    0x00,0x00,0x07,0x0f,0x0e,0x0e,0x0e,0x0e,0x0e,0x0e,0x0e,0x0e,0x0e,0x0e,0x0e,0x0e,0x0e,0x0e,0x0e,0x0e,0x0e,0x0e,0x0e,0x0e,
    0x0e,0x0e,0x0e,0x0e,0x0e,0x0e,0x0e,0x0e,0x0e,0x0e,0x0e,0x0e,0x0e,0x0e,0x0e,0x0e,0x0e,0x0e,0x0e,0x0e,0x0e,0x0e,0x0e,0x0e,
    0x0e,0x0e,0x0e,0x0e,0x0e,0x0e,0x0e,0x0e,0x0f,0x09,0x00,0x00,0x03,0x00,0x5f,0xcd,0xbd,0xbf,0xbf,0xbf,0xbf,0xbf,0xbf,0xbf,
    0xbf,0xbf,0xbf,0xbf,0xbf,0xbf,0xbf,0xbf,0xbf,0xbf,0xbf,0xbf,0xbf,0xbf,0xbf,0xbf,0xbf,0xbf,0xbf,0xbf,0xbf,0xbf,0xbf,0xbf,
    0xbf,0xbf,0xbf,0xbf,0xbf,0xbf,0xbf,0xbf,0xbf,0xbf,0xbf,0xbf,0xbf,0xbf,0xbf,0xbf,0xbf,0xbf,0xbf,0xbd,0xcc,0x78,0x00,0x03,
    0x03,0x00,0x69,0xe1,0xcf,0xd2,0xd2,0xd2,0xd2,0xd2,0xd2,0xd2,0xd2,0xd2,0xd2,0xd2,0xd2,0xd2,0xd2,0xd2,0xd2,0xd2,0xd2,0xd2,
    0xd2,0xd2,0xd2,0xd2,0xd2,0xd2,0xd2,0xd2,0xd2,0xd2,0xd2,0xd2,0xd2,0xd2,0xd2,0xd2,0xd2,0xd2,0xd2,0xd2,0xd2,0xd2,0xd2,0xd2,
    0xd2,0xd2,0xd2,0xd2,0xd2,0xd2,0xd2,0xcf,0xe0,0x83,0x00,0x03,0x03,0x00,0x67,0xde,0xcc,0xcf,0xcf,0xcf,0xcf,0xcf,0xcf,0xcf,
    0xcf,0xcf,0xcf,0xcf,0xcf,0xcf,0xcf,0xcf,0xcf,0xcf,0xcf,0xcf,0xcf,0xcf,0xcf,0xcf,0xcf,0xcf,0xcf,0xcf,0xcf,0xcf,0xcf,0xcf,
    0xcf,0xcf,0xcf,0xcf,0xcf,0xcf,0xcf,0xcf,0xcf,0xcf,0xcf,0xcf,0xcf,0xcf,0xcf,0xcf,0xcf,0xcf,0xcf,0xcc,0xdd,0x82,0x00,0x03,
    0x03,0x00,0x69,0xe1,0xce,0xd2,0xd2,0xd2,0xd2,0xd2,0xd2,0xd2,0xd2,0xd2,0xd2,0xd2,0xd2,0xd2,0xd2,0xd2,0xd2,0xd2,0xd2,0xd2,
    0xd2,0xd2,0xd2,0xd2,0xd2,0xd2,0xd2,0xd2,0xd2,0xd2,0xd2,0xd2,0xd2,0xd2,0xd2,0xd2,0xd2,0xd2,0xd2,0xd2,0xd2,0xd2,0xd2,0xd2,
    0xd2,0xd2,0xd2,0xd2,0xd2,0xd2,0xd2,0xcf,0xe0,0x83,0x00,0x03,0x04,0x00,0x69,0xe3,0xcf,0xd3,0xd3,0xd3,0xd3,0xd3,0xd3,0xd3,
    0xd3,0xd3,0xd3,0xd3,0xd3,0xd3,0xd3,0xd3,0xd3,0xd3,0xd3,0xd3,0xd3,0xd3,0xd3,0xd3,0xd3,0xd3,0xd3,0xd3,0xd3,0xd3,0xd3,0xd3,
    0xd3,0xd3,0xd3,0xd3,0xd3,0xd3,0xd3,0xd3,0xd3,0xd3,0xd3,0xd3,0xd3,0xd3,0xd3,0xd3,0xd3,0xd3,0xd3,0xd0,0xe1,0x84,0x00,0x03,
    0x04,0x00,0x6a,0xe5,0xd1,0xd4,0xd4,0xd4,0xd4,0xd4,0xd4,0xd4,0xd4,0xd4,0xd4,0xd4,0xd4,0xd4,0xd4,0xd4,0xd4,0xd4,0xd4,0xd4,
    0xd4,0xd4,0xd4,0xd4,0xd4,0xd4,0xd4,0xd4,0xd4,0xd4,0xd4,0xd4,0xd4,0xd4,0xd4,0xd4,0xd4,0xd4,0xd4,0xd4,0xd4,0xd4,0xd4,0xd4,
    0xd4,0xd4,0xd4,0xd4,0xd4,0xd4,0xd4,0xd1,0xe2,0x85,0x00,0x03,0x04,0x00,0x6b,0xe6,0xd2,0xd6,0xd6,0xd6,0xd6,0xd6,0xd6,0xd6,
    0xd6,0xd6,0xd6,0xd6,0xd6,0xd6,0xd6,0xd6,0xd6,0xd6,0xd6,0xd6,0xd6,0xd6,0xd6,0xd6,0xd6,0xd6,0xd6,0xd6,0xd6,0xd6,0xd6,0xd6,
    0xd6,0xd6,0xd6,0xd6,0xd6,0xd6,0xd6,0xd6,0xd6,0xd6,0xd6,0xd6,0xd6,0xd6,0xd6,0xd6,0xd6,0xd6,0xd6,0xd3,0xe4,0x86,0x00,0x03,
    0x04,0x00,0x6b,0xe7,0xd3,0xd7,0xd7,0xd7,0xd7,0xd7,0xd7,0xd7,0xd7,0xd7,0xd7,0xd7,0xd7,0xd7,0xd7,0xd7,0xd7,0xd7,0xd7,0xd7,
    0xd7,0xd7,0xd7,0xd7,0xd7,0xd7,0xd7,0xd7,0xd7,0xd7,0xd7,0xd7,0xd7,0xd7,0xd7,0xd7,0xd7,0xd7,0xd7,0xd7,0xd7,0xd7,0xd7,0xd7,
    0xd7,0xd7,0xd7,0xd7,0xd7,0xd7,0xd7,0xd4,0xe6,0x86,0x00,0x03,0x04,0x00,0x6c,0xe9,0xd5,0xd9,0xd9,0xd9,0xd9,0xd9,0xd9,0xd9,
    0xd9,0xd9,0xd9,0xd9,0xd9,0xd9,0xd9,0xd9,0xd9,0xd9,0xd9,0xd9,0xd9,0xd9,0xd9,0xd9,0xd9,0xd9,0xd9,0xd9,0xd9,0xd9,0xd9,0xd9,
    0xd9,0xd9,0xd9,0xd9,0xd9,0xd9,0xd9,0xd9,0xd9,0xd9,0xd9,0xd9,0xd9,0xd9,0xd9,0xd9,0xd9,0xd9,0xd9,0xd6,0xe8,0x88,0x00,0x03,
    0x04,0x00,0x6d,0xea,0xd6,0xda,0xda,0xd9,0xd9,0xd9,0xd9,0xd9,0xd9,0xd9,0xd9,0xd9,0xd9,0xd9,0xd9,0xd9,0xd9,0xd9,0xd9,0xd9,
    0xd9,0xd9,0xd9,0xd9,0xd9,0xd9,0xd9,0xd9,0xd9,0xd9,0xd9,0xd9,0xd9,0xd9,0xd9,0xd9,0xd9,0xd9,0xd9,0xd9,0xd9,0xd9,0xd9,0xd9,
    0xd9,0xd9,0xd9,0xd9,0xd9,0xda,0xda,0xd7,0xe9,0x88,0x00,0x03,0x04,0x00,0x6e,0xec,0xd8,0xdc,0xdc,0xe3,0xe4,0xe3,0xe3,0xe3,
    0xe3,0xe3,0xe3,0xe3,0xe3,0xe3,0xe3,0xe3,0xe3,0xe3,0xe3,0xe3,0xe3,0xe3,0xe3,0xe3,0xe3,0xe3,0xe3,0xe3,0xe3,0xe3,0xe3,0xe3,
    0xe3,0xe3,0xe3,0xe3,0xe3,0xe3,0xe3,0xe3,0xe3,0xe3,0xe3,0xe3,0xe3,0xe3,0xe3,0xe3,0xe3,0xdd,0xdc,0xd9,0xeb,0x89,0x00,0x03,
    0x04,0x00,0x6e,0xed,0xd9,0xde,0xdb,0xb7,0xb4,0xb4,0xb4,0xb4,0xb4,0xb4,0xb4,0xb4,0xb4,0xb4,0xb4,0xb4,0xb4,0xb4,0xb4,0xb4,
    0xb4,0xb4,0xb4,0xb4,0xb4,0xb4,0xb4,0xb4,0xb4,0xb4,0xb4,0xb4,0xb4,0xb4,0xb4,0xb4,0xb4,0xb4,0xb4,0xb4,0xb4,0xb4,0xb4,0xb4,
    0xb4,0xb4,0xb4,0xb4,0xb4,0xd7,0xdf,0xda,0xec,0x8a,0x00,0x03,0x04,0x00,0x6f,0xef,0xdb,0xe0,0xdb,0xa3,0x9e,0x9f,0x9f,0x9f,
    0x9f,0x9f,0x9f,0x9f,0x9f,0x9f,0x9f,0x9f,0x9f,0x9f,0x9f,0x9f,0x9f,0x9f,0x9f,0x9f,0x9f,0x9f,0x9f,0x9f,0x9f,0x9f,0x9f,0x9f,
    0x9f,0x9f,0x9f,0x9f,0x9f,0x9f,0x9f,0x9f,0x9f,0x9f,0x9f,0x9f,0x9f,0x9f,0x9f,0x9f,0x9f,0xd5,0xe1,0xdb,0xee,0x8b,0x00,0x03,
    0x04,0x00,0x70,0xf1,0xdc,0xe0,0xe1,0xe7,0xe8,0xe8,0xe8,0xe8,0xe8,0xe8,0xe8,0xe8,0xe8,0xe8,0xe8,0xe8,0xe8,0xe8,0xe8,0xe8,
    0xe8,0xe8,0xe8,0xe8,0xe8,0xe8,0xe8,0xe8,0xe8,0xe8,0xe8,0xe8,0xe8,0xe8,0xe8,0xe8,0xe8,0xe8,0xe8,0xe8,0xe8,0xe8,0xe8,0xe8,
    0xe8,0xe8,0xe8,0xe8,0xe8,0xe1,0xe0,0xdd,0xef,0x8c,0x00,0x03,0x04,0x00,0x71,0xf3,0xde,0xe2,0xe2,0xe0,0xe0,0xe0,0xe0,0xe0,
    0xe0,0xe0,0xe0,0xe0,0xe0,0xe0,0xe0,0xe0,0xe0,0xe0,0xe0,0xe0,0xe0,0xe0,0xe0,0xe0,0xe0,0xe0,0xe0,0xe0,0xe0,0xe0,0xe0,0xe0,
    0xe0,0xe0,0xe0,0xe0,0xe0,0xe0,0xe0,0xe0,0xe0,0xe0,0xe0,0xe0,0xe0,0xe0,0xe0,0xe0,0xe0,0xe2,0xe2,0xdf,0xf1,0x8d,0x00,0x03,
    0x04,0x00,0x71,0xf4,0xdf,0xe3,0xe3,0xe3,0xe3,0xe3,0xe3,0xe3,0xe3,0xe3,0xe3,0xe3,0xe3,0xe3,0xe3,0xe3,0xe3,0xe3,0xe3,0xe3,
    0xe3,0xe3,0xe3,0xe3,0xe3,0xe3,0xe3,0xe3,0xe3,0xe3,0xe3,0xe3,0xe3,0xe3,0xe3,0xe3,0xe3,0xe3,0xe3,0xe3,0xe3,0xe3,0xe3,0xe3,
    0xe3,0xe3,0xe3,0xe3,0xe3,0xe3,0xe3,0xe0,0xf2,0x8e,0x00,0x03,0x04,0x00,0x72,0xf6,0xe1,0xe5,0xe5,0xe5,0xe5,0xe5,0xe5,0xe5,
    0xe5,0xe5,0xe5,0xe5,0xe5,0xe5,0xe5,0xe5,0xe5,0xe5,0xe5,0xe5,0xe5,0xe5,0xe5,0xe5,0xe5,0xe5,0xe5,0xe5,0xe5,0xe5,0xe5,0xe5,
    0xe5,0xe5,0xe5,0xe5,0xe5,0xe5,0xe5,0xe5,0xe5,0xe5,0xe5,0xe5,0xe5,0xe5,0xe5,0xe5,0xe5,0xe5,0xe5,0xe2,0xf4,0x8f,0x00,0x03,
    0x04,0x00,0x73,0xf7,0xe2,0xe6,0xe6,0xe6,0xe6,0xe6,0xe6,0xe6,0xe6,0xe6,0xe6,0xe6,0xe6,0xe6,0xe6,0xe6,0xe6,0xe6,0xe6,0xe6,
    0xe6,0xe6,0xe6,0xe6,0xe6,0xe6,0xe6,0xe6,0xe6,0xe6,0xe6,0xe6,0xe6,0xe6,0xe6,0xe6,0xe6,0xe6,0xe6,0xe6,0xe6,0xe6,0xe6,0xe6,
    0xe6,0xe6,0xe6,0xe6,0xe6,0xe6,0xe6,0xe2,0xf6,0x90,0x00,0x03,0x04,0x00,0x74,0xf9,0xe4,0xe8,0xe8,0xe8,0xe8,0xe8,0xe8,0xe8,
    0xe8,0xe8,0xe8,0xe8,0xe8,0xe8,0xe8,0xe8,0xe8,0xe8,0xe8,0xe8,0xe8,0xe8,0xe8,0xe8,0xe8,0xe8,0xe8,0xe8,0xe8,0xe8,0xe8,0xe8,
    0xe8,0xe8,0xe8,0xe8,0xe8,0xe8,0xe8,0xe8,0xe8,0xe8,0xe8,0xe8,0xe8,0xe8,0xe8,0xe8,0xe8,0xe8,0xe8,0xe4,0xf8,0x91,0x00,0x03,
    0x04,0x00,0x74,0xfa,0xe5,0xe9,0xe9,0xe9,0xe9,0xe9,0xe9,0xe9,0xe9,0xe9,0xe9,0xe9,0xe9,0xe9,0xe9,0xe9,0xe9,0xe9,0xe9,0xe9,
    0xe9,0xe9,0xe9,0xe9,0xe9,0xe9,0xe9,0xe9,0xe9,0xe9,0xe9,0xe9,0xe9,0xe9,0xe9,0xe9,0xe9,0xe9,0xe9,0xe9,0xe9,0xe9,0xe9,0xe9,
    0xe9,0xe9,0xe9,0xe9,0xe9,0xe9,0xe9,0xe5,0xf9,0x92,0x00,0x03,0x04,0x00,0x75,0xfc,0xe7,0xeb,0xeb,0xeb,0xeb,0xeb,0xeb,0xeb,
    0xeb,0xeb,0xeb,0xeb,0xeb,0xeb,0xeb,0xeb,0xeb,0xeb,0xeb,0xeb,0xeb,0xeb,0xeb,0xeb,0xeb,0xeb,0xeb,0xeb,0xeb,0xeb,0xeb,0xeb,
    0xeb,0xeb,0xeb,0xeb,0xeb,0xeb,0xeb,0xeb,0xeb,0xeb,0xeb,0xeb,0xeb,0xeb,0xeb,0xeb,0xeb,0xeb,0xeb,0xe7,0xfb,0x92,0x00,0x03,
    0x04,0x00,0x76,0xfd,0xe8,0xec,0xec,0xec,0xec,0xec,0xec,0xec,0xec,0xec,0xec,0xec,0xec,0xec,0xec,0xec,0xec,0xec,0xec,0xec,
    0xec,0xec,0xec,0xec,0xec,0xec,0xec,0xec,0xec,0xec,0xec,0xec,0xec,0xec,0xec,0xec,0xec,0xec,0xec,0xec,0xec,0xec,0xec,0xec,
    0xec,0xec,0xec,0xec,0xec,0xec,0xec,0xe8,0xfc,0x94,0x00,0x04,0x04,0x00,0x76,0xff,0xea,0xed,0xed,0xed,0xed,0xed,0xed,0xed,
    0xed,0xed,0xed,0xed,0xed,0xed,0xed,0xed,0xed,0xed,0xed,0xed,0xed,0xed,0xed,0xed,0xed,0xed,0xed,0xed,0xed,0xed,0xed,0xed,
    0xed,0xed,0xed,0xed,0xed,0xed,0xed,0xed,0xed,0xed,0xed,0xed,0xed,0xed,0xed,0xed,0xed,0xed,0xed,0xea,0xfe,0x92,0x00,0x04,
    0x04,0x00,0x78,0xff,0xeb,0xef,0xef,0xef,0xef,0xef,0xef,0xef,0xef,0xef,0xef,0xef,0xef,0xef,0xef,0xef,0xef,0xef,0xef,0xef,
    0xef,0xef,0xef,0xef,0xef,0xef,0xef,0xef,0xef,0xef,0xef,0xef,0xef,0xef,0xef,0xef,0xef,0xef,0xef,0xef,0xef,0xef,0xef,0xef,
    0xef,0xef,0xef,0xef,0xef,0xef,0xef,0xeb,0xff,0x7a,0x00,0x04,0x04,0x00,0x75,0xfe,0xec,0xf0,0xf0,0xf0,0xf0,0xf0,0xf0,0xf0,
    0xf0,0xf0,0xf0,0xf0,0xf0,0xf0,0xf0,0xf0,0xf0,0xf0,0xf0,0xf0,0xf0,0xf0,0xf0,0xf0,0xf0,0xf0,0xf0,0xf0,0xf0,0xf0,0xf0,0xf0,
    0xf0,0xf0,0xf0,0xf0,0xf0,0xf0,0xf0,0xf0,0xf0,0xf0,0xf0,0xf0,0xf0,0xf0,0xf0,0xf0,0xf0,0xf0,0xf0,0xec,0xfe,0x74,0x00,0x04,
    0x03,0x00,0x3d,0xfe,0xef,0xf2,0xf2,0xf2,0xf2,0xf2,0xf2,0xf2,0xf2,0xf2,0xf2,0xf2,0xf2,0xf2,0xf2,0xf2,0xf2,0xf2,0xf2,0xf2,
    0xf2,0xf2,0xf2,0xf2,0xf2,0xf2,0xf2,0xf2,0xf2,0xf2,0xf2,0xf2,0xf2,0xf2,0xf2,0xf2,0xf2,0xf2,0xf2,0xf2,0xf2,0xf2,0xf2,0xf2,
    0xf2,0xf2,0xf2,0xf2,0xf2,0xf2,0xf2,0xef,0xfe,0x3d,0x00,0x03,0x00,0x02,0x07,0xc7,0xfe,0xee,0xf4,0xf3,0xf3,0xf3,0xf3,0xf3,
    0xf3,0xf3,0xf3,0xf3,0xf3,0xf3,0xf3,0xf3,0xf3,0xf3,0xf3,0xf3,0xf3,0xf3,0xf3,0xf3,0xf3,0xf3,0xf3,0xf3,0xf3,0xf3,0xf3,0xf3,
    0xf3,0xf3,0xf3,0xf3,0xf3,0xf3,0xf3,0xf3,0xf3,0xf3,0xf3,0xf3,0xf3,0xf3,0xf3,0xf3,0xf3,0xf4,0xee,0xfe,0xc7,0x07,0x02,0x00,
    0x00,0x02,0x00,0x2f,0xf0,0xfe,0xf0,0xf4,0xf5,0xf5,0xf5,0xf5,0xf5,0xf5,0xf5,0xf5,0xf5,0xf5,0xf5,0xf5,0xf5,0xf5,0xf5,0xf5,
    0xf5,0xf5,0xf5,0xf5,0xf5,0xf5,0xf5,0xf5,0xf5,0xf5,0xf5,0xf5,0xf5,0xf5,0xf5,0xf5,0xf5,0xf5,0xf5,0xf5,0xf5,0xf5,0xf5,0xf5,
    0xf5,0xf5,0xf5,0xf5,0xf4,0xf0,0xfe,0xf0,0x2f,0x00,0x02,0x00,0x00,0x00,0x02,0x00,0x32,0xd8,0xff,0xf7,0xf2,0xf5,0xf6,0xf6,
    0xf6,0xf6,0xf6,0xf6,0xf6,0xf6,0xf6,0xf6,0xf6,0xf6,0xf6,0xf6,0xf6,0xf6,0xf6,0xf6,0xf6,0xf6,0xf6,0xf6,0xf6,0xf6,0xf6,0xf6,
    0xf6,0xf6,0xf6,0xf6,0xf6,0xf6,0xf6,0xf6,0xf6,0xf6,0xf6,0xf6,0xf6,0xf6,0xf5,0xf2,0xf7,0xff,0xd8,0x32,0x00,0x02,0x00,0x00,
    0x00,0x00,0x00,0x02,0x00,0x0e,0x8a,0xf2,0xff,0xfe,0xf5,0xf4,0xf6,0xf7,0xf7,0xf7,0xf7,0xf7,0xf7,0xf7,0xf7,0xf7,0xf7,0xf7,
    0xf7,0xf7,0xf7,0xf7,0xf7,0xf7,0xf7,0xf7,0xf7,0xf7,0xf7,0xf7,0xf7,0xf7,0xf7,0xf7,0xf7,0xf7,0xf7,0xf7,0xf7,0xf7,0xf7,0xf6,
    0xf4,0xf5,0xfe,0xff,0xf2,0x8a,0x0e,0x00,0x02,0x00,0x00,0x00,0x00,0x00,0x00,0x00,0x02,0x00,0x00,0x24,0x8b,0xe0,0xff,0xff,
    0xff,0xfa,0xfa,0xfa,0xfa,0xfa,0xfa,0xfa,0xfa,0xfa,0xfa,0xfa,0xfa,0xfa,0xfa,0xfa,0xfa,0xfa,0xfa,0xfa,0xfa,0xfa,0xfa,0xfa,
    0xfa,0xfa,0xfa,0xfa,0xfa,0xfa,0xfa,0xfa,0xfa,0xfa,0xfa,0xff,0xff,0xff,0xe0,0x8b,0x24,0x00,0x00,0x02,0x00,0x00,0x00,0x00,
    0x00,0x00,0x00,0x00,0x00,0x01,0x03,0x00,0x00,0x0e,0x55,0x99,0xdb,0xf8,0xfa,0xfa,0xfa,0xfa,0xfa,0xfa,0xfa,0xfa,0xfa,0xfa,
    0xfa,0xfa,0xfa,0xfa,0xfa,0xfa,0xfa,0xfa,0xfa,0xfa,0xfa,0xfa,0xfa,0xfa,0xfa,0xfa,0xfa,0xfa,0xfa,0xfa,0xfa,0xfa,0xf8,0xdb,
    0x99,0x55,0x0e,0x00,0x00,0x03,0x01,0x00,0x00,0x00,0x00,0x00,0x00,0x00,0x00,0x00,0x00,0x00,0x00,0x02,0x03,0x00,0x00,0x00,
    0x07,0x24,0x27,0x27,0x27,0x27,0x27,0x27,0x27,0x27,0x27,0x27,0x27,0x27,0x27,0x27,0x27,0x27,0x27,0x27,0x27,0x27,0x27,0x27,
    0x27,0x27,0x27,0x27,0x27,0x27,0x27,0x27,0x27,0x27,0x24,0x07,0x00,0x00,0x00,0x03,0x02,0x00,0x00,0x00,0x00,0x00,0x00,0x00,
    0x00,0x00,0x00,0x00,0x00,0x00,0x00,0x00,0x00,0x01,0x03,0x04,0x00,0x00,0x00,0x00,0x00,0x00,0x00,0x00,0x00,0x00,0x00,0x00,
    0x00,0x00,0x00,0x00,0x00,0x00,0x00,0x00,0x00,0x00,0x00,0x00,0x00,0x00,0x00,0x00,0x00,0x00,0x00,0x00,0x00,0x00,0x00,0x00,
    0x04,0x03,0x01,0x00,0x00,0x00,0x00,0x00,0x00,0x00,0x00,0x00,0x00,0x00,0x00,0x00,0x00,0x00,0x00,0x00,0x00,0x00,0x00,0x00,
    0x01,0x02,0x02,0x02,0x02,0x02,0x02,0x02,0x02,0x02,0x02,0x02,0x02,0x02,0x02,0x02,0x02,0x02,0x02,0x02,0x02,0x02,0x02,0x02,
    0x02,0x02,0x02,0x02,0x02,0x02,0x02,0x02,0x02,0x02,0x02,0x01,0x00,0x00,0x00,0x00,0x00,0x00,0x00,0x00,0x00,0x00,0x00,0x00,
};
const lv_img_dsc_t img_car_trunk = {
    .header.cf = LV_IMG_CF_ALPHA_8BIT, .header.always_zero = 0, .header.reserved = 0,
    .header.w = 60, .header.h = 38, .data_size = 2280, .data = img_car_trunk_map,
};

static const uint8_t img_assist_own_map[] = {
    0x00,0x00,0x00,0x00,0x00,0x00,0x00,0x00,0x00,0x00,0x00,0x03,0x04,0x04,0x04,0x04,0x04,0x04,0x04,0x04,0x04,0x04,0x04,0x04,
    0x03,0x00,0x00,0x00,0x00,0x00,0x00,0x00,0x00,0x00,0x00,0x00,0x00,0x00,0x00,0x00,0x00,0x00,0x00,0x00,0x00,0x00,0x00,0x00,
    0x00,0x00,0x00,0x00,0x00,0x00,0x00,0x00,0x00,0x00,0x00,0x00,0x00,0x00,0x00,0x00,0x00,0x00,0x00,0x00,0x00,0x00,0x00,0x00,
    0x00,0x00,0x00,0x00,0x00,0x00,0x00,0x00,0x00,0x01,0x00,0x4e,0x7d,0x7a,0x7c,0x7c,0x7c,0x7c,0x7c,0x7c,0x7c,0x7c,0x7a,0x7d,
    0x4e,0x00,0x01,0x00,0x00,0x00,0x00,0x00,0x00,0x00,0x00,0x00,0x00,0x00,0x00,0x00,0x00,0x00,0x00,0x00,0x03,0x00,0x39,0xff,
    0xff,0xff,0xff,0xff,0xff,0xff,0xff,0xff,0xff,0xff,0xff,0xff,0xff,0x39,0x00,0x03,0x00,0x00,0x00,0x00,0x00,0x00,0x00,0x00,
    0x00,0x00,0x00,0x00,0x00,0x00,0x00,0x00,0x04,0x00,0x8d,0xfd,0x9c,0x5c,0x5e,0x5c,0x5c,0x5c,0x5c,0x5c,0x5c,0x5e,0x5c,0x9c,
    0xfd,0x8d,0x00,0x04,0x00,0x00,0x00,0x00,0x00,0x00,0x00,0x00,0x00,0x00,0x00,0x00,0x00,0x00,0x00,0x01,0x01,0x02,0xd6,0xfe,
    0x21,0x00,0x00,0x00,0x00,0x00,0x00,0x00,0x00,0x00,0x00,0x21,0xfe,0xd6,0x02,0x01,0x01,0x00,0x00,0x00,0x00,0x00,0x00,0x00,
    0x00,0x00,0x00,0x00,0x00,0x00,0x00,0x03,0x00,0x31,0xff,0xd3,0x03,0x05,0x04,0x04,0x04,0x04,0x04,0x04,0x04,0x04,0x05,0x03,
    0xd3,0xff,0x31,0x00,0x03,0x00,0x00,0x00,0x00,0x00,0x00,0x00,0x00,0x00,0x00,0x00,0x00,0x00,0x00,0x04,0x00,0x80,0xfe,0x81,
    0x00,0x04,0x00,0x00,0x00,0x00,0x00,0x00,0x00,0x00,0x04,0x00,0x81,0xfe,0x80,0x00,0x04,0x00,0x00,0x00,0x00,0x00,0x00,0x00,
    0x00,0x00,0x01,0x04,0x04,0x04,0x04,0x05,0x05,0xd4,0xff,0x35,0x04,0x06,0x04,0x04,0x04,0x04,0x04,0x04,0x04,0x04,0x06,0x04,
    0x35,0xff,0xd4,0x05,0x05,0x04,0x04,0x04,0x04,0x01,0x00,0x00,0x00,0x00,0x00,0x00,0x00,0x00,0x00,0x00,0x23,0xff,0xcb,0x00,
    0x00,0x00,0x00,0x00,0x00,0x00,0x00,0x00,0x00,0x00,0x00,0x00,0x00,0xcb,0xff,0x23,0x00,0x00,0x00,0x00,0x00,0x00,0x00,0x00,
    0x01,0x00,0x0e,0x5c,0x5c,0x5d,0x62,0x60,0xa1,0xff,0xbb,0x60,0x62,0x60,0x60,0x60,0x60,0x60,0x60,0x60,0x60,0x60,0x60,0x62,
    0x60,0xbb,0xff,0xa1,0x60,0x62,0x5d,0x5c,0x5c,0x0e,0x00,0x01,0x02,0x00,0x2c,0xff,0xff,0xff,0xff,0xff,0xff,0xfc,0xff,0xff,
    0xff,0xff,0xff,0xff,0xff,0xff,0xff,0xff,0xff,0xff,0xff,0xff,0xff,0xff,0xfc,0xff,0xff,0xff,0xff,0xff,0xff,0x2c,0x00,0x02,
    0x01,0x00,0x13,0x7d,0x7c,0xa3,0xfb,0xff,0xff,0xff,0xff,0xff,0xff,0xff,0xff,0xff,0xff,0xff,0xff,0xff,0xff,0xff,0xff,0xff,
    0xff,0xff,0xff,0xff,0xff,0xfc,0xb2,0x7c,0x7e,0x13,0x00,0x01,0x00,0x00,0x00,0x00,0x00,0x9c,0xff,0xc3,0xb9,0xb9,0xb9,0xb9,
    0xba,0xbd,0xbd,0xbd,0xbd,0xbd,0xbd,0xbd,0xbd,0xbd,0xbd,0xba,0xb9,0xb9,0xb9,0xb9,0xbd,0xfe,0xbc,0x00,0x00,0x00,0x00,0x00,
    0x00,0x00,0x01,0x06,0x04,0xc4,0xff,0x2b,0x06,0x08,0x06,0x06,0x00,0x00,0x00,0x00,0x00,0x00,0x00,0x00,0x00,0x00,0x00,0x00,
    0x06,0x06,0x07,0x06,0x15,0xf7,0xe2,0x04,0x04,0x02,0x00,0x00,0x00,0x00,0x00,0x02,0x00,0xbc,0xff,0xec,0xec,0xec,0xe9,0xec,
    0x94,0x02,0x06,0x02,0x02,0x02,0x02,0x02,0x02,0x06,0x02,0x94,0xec,0xe9,0xeb,0xec,0xd7,0xf7,0xdb,0x00,0x00,0x01,0x00,0x00,
    0x00,0x00,0x00,0x02,0x00,0xbd,0xff,0xff,0xff,0xff,0xff,0xff,0xac,0x00,0x08,0x04,0x04,0x04,0x04,0x04,0x04,0x08,0x00,0xac,
    0xff,0xff,0xff,0xff,0xf9,0xf7,0xdc,0x00,0x00,0x01,0x00,0x00,0x00,0x00,0x00,0x02,0x00,0xbe,0xff,0x75,0x60,0x61,0x5e,0x60,
    0x3c,0x01,0x00,0x00,0x00,0x00,0x00,0x00,0x00,0x00,0x01,0x3c,0x60,0x5e,0x60,0x60,0x60,0xf7,0xdc,0x00,0x00,0x01,0x00,0x00,
    0x00,0x00,0x00,0x02,0x00,0xbd,0xff,0x11,0x00,0x00,0x00,0x00,0x00,0x00,0x86,0x9f,0x9e,0x9f,0x9f,0x9e,0x9f,0x86,0x00,0x00,
    0x00,0x00,0x00,0x00,0x00,0xf7,0xdb,0x00,0x00,0x01,0x00,0x00,0x00,0x00,0x00,0x02,0x00,0xc3,0xff,0x38,0x15,0x17,0x15,0x14,
    0x12,0x0f,0xe7,0xff,0xff,0xff,0xff,0xff,0xff,0xe7,0x0f,0x12,0x14,0x14,0x16,0x15,0x24,0xf8,0xe1,0x00,0x00,0x01,0x00,0x00,
    0x00,0x00,0x00,0x03,0x00,0x90,0xff,0xef,0xee,0xee,0xef,0xf7,0xf7,0xf7,0xff,0xff,0xff,0xff,0xff,0xff,0xff,0xff,0xf7,0xf7,
    0xf7,0xf0,0xee,0xee,0xed,0xff,0xaa,0x00,0x02,0x00,0x00,0x00,0x00,0x00,0x00,0x02,0x00,0x26,0xfd,0xff,0xff,0xff,0xfd,0xdc,
    0xdc,0xdc,0xd8,0xd8,0xd8,0xd8,0xd8,0xd8,0xd8,0xd8,0xdc,0xdd,0xdc,0xf9,0xff,0xff,0xff,0xff,0x41,0x00,0x03,0x00,0x00,0x00,
    0x00,0x00,0x00,0x02,0x00,0x27,0xff,0xfe,0xfb,0xfe,0xd7,0x00,0x00,0x00,0x00,0x00,0x00,0x00,0x00,0x00,0x00,0x00,0x00,0x01,
    0x00,0xbc,0xfe,0xfb,0xfc,0xff,0x42,0x00,0x03,0x00,0x00,0x00,0x00,0x00,0x00,0x02,0x00,0x27,0xfe,0xfe,0xfb,0xfe,0xd6,0x00,
    0x00,0x00,0x00,0x00,0x00,0x00,0x00,0x00,0x00,0x00,0x00,0x01,0x00,0xbc,0xfe,0xfb,0xfd,0xfe,0x41,0x00,0x03,0x00,0x00,0x00,
    0x00,0x00,0x00,0x02,0x00,0x2a,0xff,0xff,0xfe,0xff,0xdf,0x01,0x00,0x02,0x01,0x01,0x01,0x01,0x01,0x01,0x01,0x01,0x01,0x02,
    0x01,0xc4,0xff,0xfe,0xff,0xff,0x46,0x00,0x03,0x00,0x00,0x00,0x00,0x00,0x00,0x01,0x00,0x1a,0xe8,0xfa,0xf6,0xfa,0xb6,0x00,
    0x01,0x00,0x00,0x00,0x00,0x00,0x00,0x00,0x00,0x00,0x00,0x03,0x00,0xa0,0xfa,0xf6,0xf9,0xef,0x2b,0x00,0x02,0x00,0x00,0x00,
    0x00,0x00,0x00,0x00,0x01,0x00,0x1a,0x2a,0x29,0x2a,0x0c,0x00,0x01,0x00,0x00,0x00,0x00,0x00,0x00,0x00,0x00,0x00,0x00,0x01,
    0x00,0x0a,0x2a,0x29,0x2a,0x1e,0x00,0x00,0x00,0x00,0x00,0x00,
};
const lv_img_dsc_t img_assist_own = {
    .header.cf = LV_IMG_CF_ALPHA_8BIT, .header.always_zero = 0, .header.reserved = 0,
    .header.w = 36, .header.h = 27, .data_size = 972, .data = img_assist_own_map,
};

static const uint8_t img_assist_front_map[] = {
    0x00,0x00,0x00,0x00,0x00,0x00,0x00,0x00,0x01,0x00,0x53,0x7d,0x7c,0x7e,0x7e,0x7e,0x7e,0x7e,0x7e,0x7c,0x7d,0x53,0x00,0x01,
    0x00,0x00,0x00,0x00,0x00,0x00,0x00,0x00,0x00,0x00,0x00,0x00,0x00,0x00,0x00,0x03,0x01,0x4c,0xff,0xff,0xff,0xff,0xff,0xff,
    0xff,0xff,0xff,0xff,0xff,0xff,0x4c,0x01,0x03,0x00,0x00,0x00,0x00,0x00,0x00,0x00,0x00,0x00,0x00,0x00,0x00,0x00,0x00,0x02,
    0x00,0xc0,0xfa,0x39,0x23,0x24,0x23,0x23,0x23,0x23,0x24,0x23,0x39,0xfa,0xc0,0x00,0x02,0x00,0x00,0x00,0x00,0x00,0x00,0x00,
    0x00,0x00,0x00,0x04,0x04,0x04,0x06,0x03,0x2b,0xff,0xb0,0x00,0x00,0x00,0x00,0x00,0x00,0x00,0x00,0x00,0x00,0xb0,0xff,0x2b,
    0x03,0x06,0x04,0x04,0x04,0x00,0x00,0x00,0x00,0x00,0x00,0x00,0x00,0x00,0x00,0x00,0x99,0xfc,0x29,0x00,0x00,0x00,0x00,0x00,
    0x00,0x00,0x00,0x00,0x00,0x29,0xfc,0x99,0x00,0x00,0x00,0x00,0x00,0x00,0x00,0x00,0x01,0x00,0x0b,0x99,0xa4,0xa2,0x9f,0xa1,
    0xf7,0xf9,0xa0,0x9f,0x9f,0x9f,0x9f,0x9f,0x9f,0x9f,0x9f,0x9f,0x9f,0xa0,0xf9,0xf7,0xa1,0x9f,0xa1,0xa4,0x99,0x0b,0x00,0x01,
    0x01,0x00,0x11,0xee,0xff,0xff,0xff,0xff,0xff,0xff,0xff,0xff,0xff,0xff,0xff,0xff,0xff,0xff,0xff,0xff,0xff,0xff,0xff,0xff,
    0xff,0xff,0xff,0xff,0xef,0x11,0x00,0x01,0x00,0x00,0x01,0x0f,0x0d,0xaa,0xfb,0xf8,0xfe,0xff,0xfb,0xfb,0xfb,0xfb,0xfb,0xfb,
    0xfb,0xfb,0xfb,0xfb,0xfb,0xfb,0xff,0xfe,0xf9,0xfb,0xc5,0x0d,0x0e,0x01,0x00,0x00,0x00,0x00,0x00,0x00,0x00,0xbf,0xff,0xfa,
    0xfd,0xfa,0xfd,0x92,0x28,0x2f,0x2b,0x2b,0x2b,0x2b,0x2f,0x28,0x92,0xfd,0xfa,0xfd,0xfb,0xff,0xda,0x00,0x00,0x01,0x00,0x00,
    0x00,0x00,0x00,0x03,0x01,0xbc,0xff,0xff,0xff,0xff,0xff,0x82,0x00,0x00,0x00,0x00,0x00,0x00,0x00,0x00,0x82,0xff,0xff,0xff,
    0xff,0xff,0xd7,0x01,0x01,0x01,0x00,0x00,0x00,0x00,0x00,0x02,0x00,0xc5,0xeb,0x36,0x37,0x36,0x37,0x15,0x19,0x81,0x7e,0x7f,
    0x7f,0x7e,0x81,0x19,0x15,0x37,0x35,0x39,0x37,0xd2,0xe3,0x00,0x00,0x01,0x00,0x00,0x00,0x00,0x00,0x02,0x00,0xbd,0xf7,0xad,
    0xb0,0xb1,0xba,0xbf,0xdc,0xff,0xff,0xff,0xff,0xff,0xff,0xdc,0xbf,0xba,0xb2,0xb0,0xae,0xed,0xd9,0x00,0x00,0x01,0x00,0x00,
    0x00,0x00,0x00,0x04,0x00,0x70,0xff,0xff,0xff,0xff,0xe8,0xe7,0xe1,0xd4,0xd4,0xd4,0xd4,0xd4,0xd4,0xe1,0xe7,0xe8,0xff,0xff,
    0xff,0xff,0x8b,0x00,0x04,0x00,0x00,0x00,0x00,0x00,0x00,0x04,0x00,0x5c,0xfb,0xf2,0xf8,0xd3,0x00,0x00,0x00,0x00,0x00,0x00,
    0x00,0x00,0x00,0x00,0x00,0x00,0xb8,0xf8,0xf1,0xfa,0x7c,0x00,0x04,0x00,0x00,0x00,0x00,0x00,0x00,0x04,0x00,0x65,0xff,0xff,
    0xff,0xe2,0x00,0x00,0x00,0x00,0x00,0x00,0x00,0x00,0x00,0x00,0x02,0x00,0xc7,0xff,0xff,0xff,0x84,0x00,0x04,0x00,0x00,0x00,
    0x00,0x00,0x00,0x01,0x00,0x1c,0x98,0x9d,0x9f,0x5d,0x01,0x02,0x01,0x01,0x01,0x01,0x01,0x01,0x01,0x01,0x03,0x01,0x51,0x9f,
    0x9c,0x9a,0x27,0x00,0x02,0x00,0x00,0x00,0x00,0x00,0x00,0x00,0x00,0x00,0x00,0x00,0x00,0x00,0x00,0x00,0x00,0x00,0x00,0x00,
    0x00,0x00,0x00,0x00,0x00,0x00,0x00,0x00,0x00,0x00,0x00,0x00,0x00,0x00,0x00,0x00,0x00,0x00,0x00,0x00,0x00,0x01,0x04,0x04,
    0x04,0x03,0x00,0x00,0x00,0x00,0x00,0x00,0x00,0x00,0x00,0x00,0x00,0x00,0x03,0x04,0x04,0x04,0x02,0x00,0x00,0x00,0x00,0x00,
};
const lv_img_dsc_t img_assist_front = {
    .header.cf = LV_IMG_CF_ALPHA_8BIT, .header.always_zero = 0, .header.reserved = 0,
    .header.w = 32, .header.h = 18, .data_size = 576, .data = img_assist_front_map,
};

static const uint8_t img_assist_arcs_map[] = {
    0x00,0x00,0x00,0x00,0x00,0x00,0x00,0x00,0x00,0x00,0x01,0x02,0x03,0x04,0x04,0x04,0x04,0x04,0x04,0x03,0x02,0x01,0x00,0x00,
    0x00,0x00,0x00,0x00,0x00,0x00,0x00,0x00,0x00,0x00,0x00,0x00,0x00,0x00,0x00,0x02,0x04,0x03,0x00,0x00,0x00,0x00,0x00,0x00,
    0x00,0x00,0x00,0x00,0x00,0x00,0x03,0x04,0x02,0x00,0x00,0x00,0x00,0x00,0x00,0x00,0x00,0x00,0x00,0x00,0x00,0x03,0x03,0x00,
    0x00,0x00,0x04,0x1e,0x3e,0x59,0x73,0x7c,0x7c,0x77,0x5b,0x42,0x23,0x07,0x00,0x00,0x00,0x02,0x03,0x01,0x00,0x00,0x00,0x00,
    0x00,0x00,0x00,0x03,0x01,0x00,0x00,0x1d,0x5d,0xa3,0xdf,0xff,0xff,0xff,0xff,0xff,0xff,0xff,0xff,0xff,0xff,0xe5,0xac,0x66,
    0x24,0x00,0x00,0x00,0x03,0x00,0x00,0x00,0x00,0x00,0x00,0x00,0x00,0x43,0xa7,0xfa,0xff,0xff,0xfc,0xd1,0xa3,0x81,0x68,0x5b,
    0x5b,0x64,0x7e,0x9e,0xcb,0xf6,0xff,0xff,0xff,0xb3,0x4e,0x04,0x00,0x00,0x00,0x00,0x00,0x01,0x06,0x44,0xc4,0xff,0xff,0xe7,
    0x97,0x42,0x08,0x00,0x00,0x00,0x00,0x00,0x00,0x00,0x00,0x00,0x00,0x03,0x39,0x8c,0xdf,0xff,0xff,0xd1,0x52,0x0a,0x01,0x00,
    0x03,0x00,0x4e,0xff,0xff,0xc5,0x51,0x00,0x00,0x08,0x40,0x72,0xa0,0xbf,0xd8,0xe0,0xe0,0xdb,0xc2,0xa5,0x79,0x47,0x0e,0x00,
    0x00,0x43,0xb7,0xff,0xff,0x5f,0x00,0x03,0x01,0x00,0x0a,0xa8,0x57,0x00,0x0c,0x6a,0xbe,0xfb,0xff,0xff,0xff,0xff,0xff,0xf9,
    0xf9,0xfe,0xff,0xff,0xff,0xff,0xff,0xc7,0x75,0x16,0x00,0x46,0xa3,0x0f,0x00,0x01,0x00,0x00,0x00,0x00,0x00,0x50,0xfe,0xff,
    0xff,0xe3,0xa7,0x6f,0x40,0x22,0x10,0x06,0x06,0x0c,0x20,0x3b,0x68,0xa0,0xdc,0xff,0xff,0xff,0x64,0x00,0x00,0x00,0x00,0x00,
    0x00,0x00,0x00,0x04,0x03,0x23,0xda,0x8d,0x37,0x00,0x00,0x00,0x00,0x05,0x19,0x20,0x20,0x1b,0x06,0x00,0x00,0x00,0x00,0x2e,
    0x81,0xd5,0x2f,0x03,0x05,0x01,0x00,0x00,0x00,0x00,0x00,0x00,0x00,0x00,0x04,0x00,0x06,0x44,0x86,0xb6,0xde,0xf7,0xff,0xff,
    0xff,0xff,0xf9,0xe2,0xbd,0x8d,0x4d,0x0c,0x00,0x02,0x00,0x00,0x00,0x00,0x00,0x00,0x00,0x00,0x00,0x00,0x00,0x00,0x02,0x04,
    0x64,0xff,0xff,0xff,0xf8,0xde,0xc9,0xbe,0xbe,0xc5,0xdc,0xf4,0xff,0xff,0xff,0x75,0x04,0x03,0x00,0x00,0x00,0x00,0x00,0x00,
    0x00,0x00,0x00,0x00,0x00,0x00,0x02,0x00,0x1f,0xa1,0x63,0x31,0x12,0x01,0x00,0x00,0x00,0x00,0x00,0x0f,0x2d,0x5c,0x9c,0x29,
    0x00,0x03,0x00,0x00,0x00,0x00,0x00,0x00,0x00,0x00,0x00,0x00,0x00,0x00,0x00,0x00,0x00,0x00,0x00,0x00,0x00,0x00,0x01,0x02,
    0x02,0x02,0x00,0x00,0x00,0x00,0x00,0x00,0x00,0x00,0x00,0x00,0x00,0x00,0x00,0x00,0x00,0x00,0x00,0x00,0x00,0x00,0x00,0x00,
    0x01,0x03,0x04,0x03,0x01,0x01,0x00,0x00,0x00,0x00,0x01,0x01,0x02,0x04,0x04,0x01,0x00,0x00,0x00,0x00,0x00,0x00,0x00,0x00,
};
const lv_img_dsc_t img_assist_arcs = {
    .header.cf = LV_IMG_CF_ALPHA_8BIT, .header.always_zero = 0, .header.reserved = 0,
    .header.w = 32, .header.h = 15, .data_size = 480, .data = img_assist_arcs_map,
};

static const uint8_t img_assist_line_l_map[] = {
    0x00,0x00,0x00,0x00,0x00,0x00,0x00,0x00,0x00,0x00,0x00,0x00,0x00,0x00,0x01,0x01,0x01,0x00,0x00,0x00,0x00,0x00,0x00,0x00,
    0x00,0x00,0x00,0x00,0x00,0x00,0x00,0x00,0x00,0x00,0x00,0x00,0x00,0x00,0x00,0x00,0x00,0x00,0x00,0x00,0x00,0x00,0x00,0x00,
    0x00,0x00,0x00,0x00,0x00,0x01,0x04,0x11,0x12,0x07,0x00,0x00,0x00,0x00,0x00,0x00,0x00,0x00,0x00,0x00,0x00,0x00,0x00,0x00,
    0x02,0x00,0xa0,0xee,0xe6,0x20,0x00,0x02,0x00,0x00,0x00,0x00,0x00,0x00,0x00,0x00,0x00,0x00,0x00,0x02,0x00,0x1a,0xf7,0xff,
    0xc6,0x00,0x02,0x00,0x00,0x00,0x00,0x00,0x00,0x00,0x00,0x00,0x00,0x00,0x00,0x04,0x00,0x72,0xff,0xff,0x6f,0x00,0x04,0x00,
    0x00,0x00,0x00,0x00,0x00,0x00,0x00,0x00,0x00,0x00,0x01,0x01,0x03,0xd4,0xff,0xf8,0x22,0x00,0x02,0x00,0x00,0x00,0x00,0x00,
    0x00,0x00,0x00,0x00,0x00,0x00,0x03,0x01,0x40,0xff,0xff,0xc9,0x00,0x01,0x00,0x00,0x00,0x00,0x00,0x00,0x00,0x00,0x00,0x00,
    0x00,0x00,0x03,0x00,0xa0,0xff,0xff,0x7b,0x00,0x04,0x00,0x00,0x00,0x00,0x00,0x00,0x00,0x00,0x00,0x00,0x00,0x01,0x00,0x15,
    0xf0,0xff,0xfc,0x2a,0x00,0x02,0x00,0x00,0x01,0x00,0x00,0x00,0x00,0x00,0x00,0x00,0x00,0x04,0x00,0x6b,0xff,0xff,0xcc,0x00,
    0x01,0x00,0x00,0x00,0x00,0x01,0x01,0x00,0x00,0x00,0x00,0x00,0x00,0x02,0x00,0xc9,0xfe,0xff,0x7a,0x00,0x04,0x00,0x00,0x00,
    0x15,0x00,0x00,0x04,0x00,0x00,0x00,0x00,0x03,0x00,0x35,0xff,0xfe,0xfc,0x2a,0x00,0x02,0x00,0x00,0x00,0x8d,0xa9,0x12,0x00,
    0x03,0x01,0x00,0x00,0x03,0x00,0x99,0xff,0xff,0xcc,0x00,0x01,0x00,0x00,0x00,0x00,0x88,0xff,0xdd,0x57,0x00,0x00,0x01,0x01,
    0x00,0x0e,0xec,0xfe,0xff,0x7a,0x00,0x04,0x00,0x00,0x00,0x00,0x89,0xfc,0xff,0xff,0xb1,0x22,0x01,0x05,0x00,0x5f,0xff,0xfc,
    0xfd,0x2b,0x00,0x02,0x00,0x00,0x00,0x00,0x89,0xfc,0xfe,0xff,0xc9,0x2b,0x01,0x04,0x00,0xc4,0xff,0xff,0xd4,0x02,0x01,0x00,
    0x00,0x00,0x00,0x00,0x88,0xff,0xe7,0x65,0x00,0x00,0x03,0x00,0x2c,0xfd,0xfb,0xff,0x85,0x00,0x04,0x00,0x00,0x00,0x00,0x00,
    0x8c,0xac,0x18,0x00,0x02,0x01,0x04,0x00,0x8c,0xff,0xfa,0xff,0x33,0x00,0x03,0x00,0x00,0x00,0x00,0x00,0x15,0x00,0x00,0x04,
    0x00,0x01,0x00,0x0b,0xe7,0xfe,0xff,0xd5,0x02,0x01,0x01,0x00,0x00,0x00,0x00,0x00,0x00,0x01,0x01,0x00,0x00,0x04,0x01,0x57,
    0xff,0xf8,0xff,0x85,0x00,0x04,0x00,0x00,0x00,0x00,0x00,0x00,0x01,0x00,0x00,0x00,0x00,0x02,0x00,0xb8,0xff,0xfb,0xff,0x33,
    0x00,0x03,0x00,0x00,0x00,0x00,0x00,0x00,0x00,0x00,0x00,0x00,0x02,0x00,0x26,0xfa,0xfc,0xff,0xd5,0x02,0x01,0x01,0x00,0x00,
    0x00,0x00,0x00,0x00,0x00,0x00,0x00,0x00,0x04,0x00,0x83,0xff,0xf6,0xff,0x84,0x00,0x04,0x00,0x00,0x00,0x00,0x00,0x00,0x00,
    0x00,0x00,0x00,0x01,0x01,0x06,0xdd,0xff,0xfc,0xff,0x39,0x00,0x03,0x00,0x00,0x00,0x00,0x00,0x00,0x00,0x00,0x00,0x00,0x04,
    0x01,0x4d,0xff,0xfb,0xff,0xdd,0x06,0x00,0x01,0x00,0x00,0x00,0x00,0x00,0x00,0x00,0x00,0x00,0x00,0x03,0x00,0xaf,0xfc,0xf4,
    0xfd,0x90,0x00,0x04,0x00,0x00,0x00,0x00,0x00,0x00,0x00,0x00,0x00,0x00,0x02,0x00,0x26,0xff,0xff,0xff,0xff,0x3c,0x00,0x03,
    0x00,0x00,0x00,0x00,0x00,0x00,0x00,0x00,0x00,0x00,0x03,0x00,0x47,0xac,0xa7,0xab,0x9b,0x06,0x00,0x01,0x00,0x00,0x00,0x00,
    0x00,0x00,0x00,0x00,
};
const lv_img_dsc_t img_assist_line_l = {
    .header.cf = LV_IMG_CF_ALPHA_8BIT, .header.always_zero = 0, .header.reserved = 0,
    .header.w = 20, .header.h = 29, .data_size = 580, .data = img_assist_line_l_map,
};

static const uint8_t img_assist_line_r_map[] = {
    0x00,0x00,0x00,0x01,0x01,0x01,0x00,0x00,0x00,0x00,0x00,0x00,0x00,0x00,0x00,0x00,0x00,0x00,0x00,0x00,0x00,0x00,0x00,0x00,
    0x00,0x00,0x00,0x00,0x00,0x00,0x00,0x00,0x00,0x00,0x00,0x00,0x00,0x00,0x00,0x00,0x00,0x00,0x07,0x12,0x11,0x04,0x01,0x00,
    0x00,0x00,0x00,0x00,0x00,0x00,0x00,0x00,0x00,0x00,0x00,0x00,0x02,0x00,0x20,0xe6,0xee,0xa0,0x00,0x02,0x00,0x00,0x00,0x00,
    0x00,0x00,0x00,0x00,0x00,0x00,0x00,0x00,0x00,0x02,0x00,0xc6,0xff,0xf7,0x1a,0x00,0x02,0x00,0x00,0x00,0x00,0x00,0x00,0x00,
    0x00,0x00,0x00,0x00,0x00,0x04,0x00,0x6f,0xff,0xff,0x72,0x00,0x04,0x00,0x00,0x00,0x00,0x00,0x00,0x00,0x00,0x00,0x00,0x00,
    0x00,0x02,0x00,0x22,0xf8,0xff,0xd4,0x03,0x01,0x01,0x00,0x00,0x00,0x00,0x00,0x00,0x00,0x00,0x00,0x00,0x00,0x00,0x01,0x00,
    0xc9,0xff,0xff,0x40,0x01,0x03,0x00,0x00,0x00,0x00,0x00,0x00,0x00,0x00,0x00,0x00,0x00,0x00,0x04,0x00,0x7b,0xff,0xff,0xa0,
    0x00,0x03,0x00,0x00,0x00,0x00,0x00,0x00,0x00,0x00,0x00,0x00,0x00,0x00,0x02,0x00,0x2a,0xfc,0xff,0xf0,0x15,0x00,0x01,0x00,
    0x00,0x00,0x00,0x00,0x00,0x00,0x00,0x00,0x00,0x00,0x00,0x01,0x00,0xcc,0xff,0xff,0x6b,0x00,0x04,0x00,0x00,0x00,0x00,0x00,
    0x00,0x00,0x00,0x01,0x00,0x00,0x00,0x04,0x00,0x7a,0xff,0xfe,0xc9,0x00,0x02,0x00,0x00,0x00,0x00,0x00,0x00,0x01,0x01,0x00,
    0x00,0x00,0x00,0x02,0x00,0x2a,0xfc,0xfe,0xff,0x35,0x00,0x03,0x00,0x00,0x00,0x00,0x04,0x00,0x00,0x15,0x00,0x00,0x00,0x00,
    0x01,0x00,0xcc,0xff,0xff,0x99,0x00,0x03,0x00,0x00,0x01,0x03,0x00,0x12,0xa9,0x8d,0x00,0x00,0x00,0x00,0x04,0x00,0x7a,0xff,
    0xfe,0xec,0x0e,0x00,0x01,0x01,0x00,0x00,0x57,0xdd,0xff,0x88,0x00,0x00,0x00,0x00,0x02,0x00,0x2b,0xfd,0xfc,0xff,0x5f,0x00,
    0x05,0x01,0x22,0xb1,0xff,0xff,0xfc,0x89,0x00,0x00,0x00,0x00,0x00,0x01,0x02,0xd4,0xff,0xff,0xc4,0x00,0x04,0x01,0x2b,0xc9,
    0xff,0xfe,0xfc,0x89,0x00,0x00,0x00,0x00,0x00,0x04,0x00,0x85,0xff,0xfb,0xfd,0x2c,0x00,0x03,0x00,0x00,0x65,0xe7,0xff,0x88,
    0x00,0x00,0x00,0x00,0x00,0x03,0x00,0x33,0xff,0xfa,0xff,0x8c,0x00,0x04,0x01,0x02,0x00,0x18,0xac,0x8c,0x00,0x00,0x00,0x00,
    0x00,0x01,0x01,0x02,0xd5,0xff,0xfe,0xe7,0x0b,0x00,0x01,0x00,0x04,0x00,0x00,0x15,0x00,0x00,0x00,0x00,0x00,0x00,0x04,0x00,
    0x85,0xff,0xf8,0xff,0x57,0x01,0x04,0x00,0x00,0x01,0x01,0x00,0x00,0x00,0x00,0x00,0x00,0x00,0x03,0x00,0x33,0xff,0xfb,0xff,
    0xb8,0x00,0x02,0x00,0x00,0x00,0x00,0x01,0x00,0x00,0x00,0x00,0x00,0x00,0x01,0x01,0x02,0xd5,0xff,0xfc,0xfa,0x26,0x00,0x02,
    0x00,0x00,0x00,0x00,0x00,0x00,0x00,0x00,0x00,0x00,0x00,0x04,0x00,0x84,0xff,0xf6,0xff,0x83,0x00,0x04,0x00,0x00,0x00,0x00,
    0x00,0x00,0x00,0x00,0x00,0x00,0x00,0x03,0x00,0x39,0xff,0xfc,0xff,0xdd,0x06,0x01,0x01,0x00,0x00,0x00,0x00,0x00,0x00,0x00,
    0x00,0x00,0x00,0x01,0x00,0x06,0xdd,0xff,0xfb,0xff,0x4d,0x01,0x04,0x00,0x00,0x00,0x00,0x00,0x00,0x00,0x00,0x00,0x00,0x00,
    0x04,0x00,0x90,0xfd,0xf4,0xfc,0xaf,0x00,0x03,0x00,0x00,0x00,0x00,0x00,0x00,0x00,0x00,0x00,0x00,0x00,0x03,0x00,0x3c,0xff,
    0xff,0xff,0xff,0x26,0x00,0x02,0x00,0x00,0x00,0x00,0x00,0x00,0x00,0x00,0x00,0x00,0x01,0x00,0x06,0x9b,0xab,0xa7,0xac,0x47,
    0x00,0x03,0x00,0x00,
};
const lv_img_dsc_t img_assist_line_r = {
    .header.cf = LV_IMG_CF_ALPHA_8BIT, .header.always_zero = 0, .header.reserved = 0,
    .header.w = 20, .header.h = 29, .data_size = 580, .data = img_assist_line_r_map,
};

static const uint8_t img_acc_set_map[] = {
    0x00,0x00,0x02,0x01,0x62,0xc3,0xce,0xde,0xe6,0xe6,0xe3,0xd5,0xcd,0xaf,0x3f,0x00,0x02,0x00,0x00,0x00,0x00,0x00,0x00,0x00,
    0x00,0x00,0x00,0x00,0x00,0x00,0x03,0x00,0x7f,0xf7,0x85,0x73,0x5d,0x4f,0x4c,0x4e,0x66,0x72,0xa9,0xfb,0x30,0x01,0x03,0x00,
    0x00,0x00,0x00,0x00,0x00,0x00,0x00,0x00,0x00,0x00,0x05,0x02,0x1b,0xff,0x4d,0x00,0x00,0x00,0x00,0x00,0x00,0x00,0x00,0x00,
    0xaa,0xc5,0x00,0x04,0x02,0x00,0x00,0x00,0x00,0x00,0x00,0x00,0x00,0x00,0x00,0x00,0x00,0x87,0xd3,0x00,0x09,0x08,0x07,0x07,
    0x07,0x07,0x07,0x0a,0x06,0x24,0xfe,0x2e,0x00,0x00,0x00,0x00,0x00,0x00,0x00,0x00,0x00,0x01,0x03,0x01,0xa0,0xbe,0xf7,0x51,
    0x00,0x00,0x00,0x00,0x00,0x00,0x00,0x00,0x00,0x00,0x00,0xab,0xe1,0xc3,0x62,0x00,0x02,0x00,0x00,0x00,0x00,0x00,0x00,0x00,
    0x00,0xe9,0xfb,0xfe,0x8b,0x74,0x78,0x76,0x76,0x76,0x76,0x76,0x76,0x76,0x79,0x75,0xb4,0xff,0xf9,0xa0,0x00,0x03,0x00,0x01,
    0x00,0x02,0x01,0xaa,0x69,0x03,0x07,0x63,0xfe,0xff,0xff,0xff,0xff,0xff,0xff,0xff,0xff,0xff,0xff,0xff,0xff,0xff,0xed,0x23,
    0x04,0x01,0x00,0x00,0x00,0x07,0x00,0x5b,0xff,0xff,0xa8,0x00,0x6e,0xff,0xf9,0xfc,0xfc,0xfc,0xfc,0xfc,0xfc,0xfc,0xfc,0xfc,
    0xfc,0xfa,0xfd,0xf8,0x25,0x00,0x02,0x00,0x00,0x0b,0x00,0x0b,0xdf,0xfd,0xfe,0x5d,0x01,0x76,0xff,0xfc,0xff,0xff,0xff,0xff,
    0xff,0xff,0xff,0xff,0xfe,0xfc,0xfb,0xfb,0xf8,0x30,0x01,0x02,0x03,0x00,0x78,0x6c,0x87,0xff,0xff,0xb3,0x00,0x00,0x60,0xfe,
    0xfc,0xff,0xfd,0xfd,0xfd,0xfd,0xfd,0xfd,0xfc,0xff,0xff,0xff,0xff,0xff,0x17,0x00,0x01,0x03,0x00,0x4e,0xff,0xff,0xfd,0xef,
    0x21,0x01,0x00,0x42,0xff,0xfd,0xff,0xff,0xff,0xff,0xff,0xff,0xff,0xff,0xf5,0xc5,0x90,0x73,0x69,0x04,0x02,0x04,0x03,0x00,
    0x13,0xec,0xfa,0xfb,0xd7,0x25,0x02,0x01,0x0b,0xd8,0xff,0xfa,0xda,0xd6,0xd6,0xd5,0xd4,0xc7,0x6a,0x10,0x00,0x00,0x00,0x00,
    0x00,0x00,0x00,0x00,0x03,0x01,0xc4,0xff,0xff,0xf9,0xbb,0x1a,0x04,0x00,0x77,0xfc,0xe9,0x13,0x00,0x00,0x00,0x02,0x00,0x00,
    0x39,0x8e,0xbb,0xc1,0xcf,0xbc,0xb4,0x89,0x3a,0x00,0x00,0x75,0xa9,0x5c,0x21,0x01,0x00,0x04,0x00,0x7e,0xff,0xf9,0x14,0x00,
    0x02,0x01,0x00,0x40,0xc9,0xc6,0x81,0x42,0x32,0xc8,0x26,0x48,0x84,0xca,0xc0,0x31,0x00,0x00,0x00,0x00,0x00,0x00,0x03,0x00,
    0x55,0xaf,0xa0,0x0e,0x01,0x02,0x00,0x95,0xfa,0x50,0x00,0x00,0x00,0x11,0xc0,0x03,0x00,0x00,0x01,0x5d,0xfe,0x81,0x00,0x06,
    0x03,0x00,0x00,0x00,0x00,0x00,0x00,0x00,0x00,0x03,0x01,0xba,0xac,0xc1,0x62,0x00,0x08,0x02,0x08,0x39,0x04,0x03,0x07,0x00,
    0x6b,0xa2,0xb3,0xaa,0x00,0x04,0x00,0x00,0x00,0x00,0x02,0x03,0x03,0x03,0x00,0x9b,0xb8,0x00,0x2e,0xf2,0x22,0x01,0x02,0x00,
    0x00,0x00,0x01,0x00,0x10,0xba,0x10,0x00,0xca,0x89,0x00,0x03,0x00,0x00,0x00,0x00,0x00,0x03,0x00,0x50,0xcf,0x05,0x05,0x00,
    0x7a,0xc3,0x00,0x04,0x01,0x02,0x00,0x00,0x00,0x01,0x00,0x00,0x02,0x10,0xd5,0x3e,0x00,0x03,0x00,0x00,0x00,0x00,0x01,0x04,
    0xd8,0x48,0x00,0x04,0x04,0x00,0xca,0x79,0x00,0x03,0x00,0x00,0x00,0x00,0x00,0x00,0x01,0x02,0x00,0x5c,0xcc,0x00,0x02,0x00,
    0x00,0x00,0x03,0x00,0x4d,0xe4,0xba,0x72,0x03,0x04,0x01,0x23,0xef,0x2a,0x00,0x03,0x00,0x00,0x00,0x00,0x01,0x01,0x08,0x81,
    0xbf,0xe6,0x3c,0x00,0x00,0x00,0x00,0x03,0x00,0xaa,0x57,0x23,0x78,0x05,0x00,0x04,0x00,0x74,0xcf,0x01,0x00,0x02,0x00,0x00,
    0x00,0x01,0x00,0x0d,0x7e,0x1c,0x6e,0x99,0x00,0x00,0x00,0x01,0x00,0x08,0xc6,0x1e,0x00,0x00,0x00,0x00,0x00,0x04,0x00,0xc2,
    0x7f,0x0a,0x00,0x00,0x00,0x00,0x00,0x00,0x00,0x00,0x00,0x2f,0xbe,0x02,0x00,0x00,0x01,0x00,0x1a,0xbc,0x04,0x03,0x04,0x00,
    0x00,0x00,0x02,0x00,0x24,0xf6,0xe7,0x98,0x05,0x02,0x00,0x00,0x00,0x00,0x05,0x03,0x12,0xbe,0x0d,0x00,0x00,0x02,0x00,0x29,
    0xbc,0x00,0x00,0x00,0x00,0x00,0x00,0x03,0x00,0x49,0xfc,0xfe,0xff,0x40,0x00,0x03,0x00,0x00,0x00,0x00,0x00,0x00,0xbf,0x1d,
    0x00,0x00,0x02,0x00,0x25,0xcd,0x31,0x35,0x12,0x00,0x01,0x00,0x03,0x00,0x3d,0xff,0xff,0xfa,0x31,0x00,0x02,0x00,0x01,0x00,
    0x18,0x32,0x36,0xca,0x18,0x00,0x00,0x01,0x00,0x0d,0xae,0xbd,0xc3,0x46,0x00,0x03,0x00,0x00,0x01,0x00,0x70,0xc2,0x63,0x00,
    0x01,0x00,0x00,0x03,0x00,0x5b,0xc1,0xbb,0xa1,0x03,
};
const lv_img_dsc_t img_acc_set = {
    .header.cf = LV_IMG_CF_ALPHA_8BIT, .header.always_zero = 0, .header.reserved = 0,
    .header.w = 29, .header.h = 26, .data_size = 754, .data = img_acc_set_map,
};

static const uint8_t img_traffic_jam_map[] = {
    0x00,0x00,0x00,0x00,0x00,0x00,0x00,0x00,0x00,0x00,0x00,0x00,0x00,0x00,0x00,0x00,0x00,0x00,0x00,0x00,0x00,0x00,0x00,0x00,
    0x00,0x00,0x00,0x00,0x00,0x00,0x00,0x00,0x00,0x00,0x00,0x00,0x00,0x00,0x00,0x00,0x00,0x00,0x00,0x03,0x01,0x3a,0xd0,0xe3,
    0xe5,0xe5,0xe5,0xe5,0xe6,0xe8,0xe7,0xd2,0x39,0x04,0x06,0x04,0x04,0x04,0x04,0x01,0x00,0x00,0x00,0x00,0x00,0x00,0x00,0x00,
    0x00,0x00,0x00,0x00,0x00,0x00,0x00,0x00,0x00,0x00,0x00,0x02,0x00,0xc0,0xff,0xa6,0xa9,0xa9,0xa9,0xa9,0xa8,0x99,0x95,0xf7,
    0xc1,0x00,0x00,0x00,0x00,0x00,0x00,0x00,0x00,0x00,0x00,0x00,0x00,0x00,0x00,0x00,0x00,0x00,0x00,0x00,0x00,0x00,0x00,0x00,
    0x00,0x00,0x02,0x00,0x1c,0xfd,0x98,0x00,0x00,0x00,0x00,0x00,0x00,0x47,0x4d,0xb6,0xdf,0x68,0x60,0x61,0x60,0x60,0x58,0x07,
    0x01,0x01,0x01,0x01,0x01,0x01,0x00,0x00,0x00,0x00,0x00,0x00,0x00,0x00,0x00,0x00,0x02,0x02,0x06,0x01,0x76,0xff,0x38,0x06,
    0x09,0x06,0x0a,0x04,0x85,0xff,0xff,0xff,0xfd,0xff,0xff,0xff,0xff,0xff,0xff,0x85,0x00,0x03,0x00,0x00,0x00,0x00,0x00,0x02,
    0x00,0x00,0x00,0x00,0x00,0x00,0x00,0x00,0x00,0x00,0x00,0x00,0xdd,0xd5,0x00,0x00,0x00,0x00,0x00,0x00,0xe9,0xcb,0x23,0x28,
    0x28,0x24,0x23,0x24,0x1e,0x20,0xba,0xd4,0x03,0x00,0x00,0x00,0x00,0x00,0x00,0x00,0x00,0x00,0x00,0x00,0x00,0x00,0x00,0x00,
    0xcb,0xc9,0xbd,0xc2,0xff,0xe2,0xbc,0xbe,0xbd,0xbe,0xbd,0xc5,0xff,0x6a,0x00,0x00,0x00,0x00,0x00,0x00,0x32,0xcb,0xed,0xfc,
    0xec,0xe9,0xe9,0xe9,0xe9,0xe7,0xd4,0x3b,0x01,0x03,0x00,0x00,0x00,0x00,0x00,0x00,0xcb,0xd3,0xff,0xff,0xff,0xff,0xff,0xff,
    0xff,0xff,0xff,0xff,0xeb,0x08,0x00,0x00,0x00,0x00,0x00,0x00,0xc1,0xff,0xa4,0xa3,0xa8,0xa8,0xa8,0xa8,0xa9,0xa6,0xfe,0xc0,
    0x00,0x02,0x00,0x00,0x00,0x00,0x00,0x00,0x00,0x48,0xfb,0xcf,0xcd,0xcc,0xd7,0xfa,0xfb,0xfc,0xf9,0xfc,0xc5,0x40,0x44,0x42,
    0x42,0x43,0x42,0x50,0xfe,0x99,0x00,0x00,0x00,0x00,0x00,0x00,0x00,0x00,0x98,0xfd,0x1c,0x00,0x02,0x00,0x00,0x00,0x00,0x00,
    0x02,0x62,0xff,0xe7,0xe7,0xe7,0xef,0xff,0xff,0xff,0xff,0xff,0xff,0xff,0xff,0xff,0xff,0xff,0xff,0xff,0xff,0x3b,0x06,0x09,
    0x06,0x06,0x06,0x06,0x09,0x06,0x38,0xff,0x76,0x01,0x06,0x02,0x02,0x01,0x00,0x00,0x00,0x5d,0xff,0xf5,0xf8,0xf8,0xf7,0x57,
    0x6c,0xfd,0xf7,0xf7,0xf7,0xf6,0xff,0xfa,0xfa,0xfd,0xfa,0xfd,0xcb,0x00,0x00,0x00,0x00,0x00,0x00,0x00,0x00,0x00,0x00,0xd5,
    0xdd,0x00,0x00,0x00,0x00,0x00,0x00,0x00,0x00,0x60,0xff,0x22,0x00,0x01,0x01,0x00,0x56,0xff,0xc3,0xbd,0xbe,0xb5,0x89,0xff,
    0xff,0xff,0xfc,0xfd,0xe1,0xbb,0xbc,0xba,0xba,0xba,0xba,0xba,0xba,0xbb,0xbc,0xe3,0xff,0xc3,0xbd,0xc6,0xcb,0x34,0x00,0x02,
    0x00,0x58,0xff,0xa7,0x9b,0x9d,0xa5,0x94,0x6d,0xff,0xff,0xff,0xff,0xff,0x56,0xb7,0xc5,0xfd,0xff,0xff,0xff,0xff,0xff,0xff,
    0xff,0xff,0xff,0xff,0xff,0xff,0xff,0xff,0xff,0xff,0xff,0xd8,0xcb,0x35,0x00,0x02,0x00,0x19,0xf3,0xff,0xff,0xff,0xea,0xca,
    0x6f,0xff,0x88,0x75,0x77,0x76,0x0e,0x10,0x52,0xfe,0xd2,0xcd,0xcd,0xca,0xbd,0xba,0xba,0xba,0xba,0xba,0xba,0xbd,0xdd,0xe1,
    0xe2,0xde,0xfc,0x69,0x00,0x00,0x00,0x00,0x00,0x0f,0xeb,0xf8,0xf7,0xb8,0x00,0x00,0x64,0xff,0x34,0x15,0x16,0x10,0x29,0xba,
    0x7c,0xff,0xe8,0xe7,0xe8,0xe7,0x1a,0x00,0x00,0x00,0x00,0x00,0x00,0x07,0xeb,0xfd,0xfc,0xf9,0xff,0x83,0x02,0x05,0x00,0x00,
    0x00,0x11,0xfd,0xff,0xff,0xc5,0x00,0x00,0x3a,0xfb,0xff,0xff,0xff,0xff,0xff,0xec,0x71,0xff,0xf7,0xf7,0xf8,0xf8,0x2b,0x00,
    0x00,0x00,0x00,0x00,0x00,0x14,0xd0,0xde,0xde,0xdd,0xff,0x7f,0x00,0x04,0x00,0x00,0x01,0x03,0x76,0x9f,0x9f,0x4b,0x01,0x00,
    0x0c,0xec,0xff,0xff,0xd5,0x60,0x64,0x52,0x68,0xff,0x23,0x00,0x01,0x00,0x00,0x82,0x9d,0x9c,0x9c,0x9d,0x82,0x00,0x00,0x00,
    0x00,0x00,0xff,0x86,0x00,0x04,0x00,0x00,0x00,0x00,0x00,0x00,0x00,0x00,0x01,0x00,0x13,0xf3,0xff,0xff,0xbe,0x00,0x00,0x00,
    0x58,0xff,0xa7,0x9b,0x9e,0xa4,0xa8,0xff,0xff,0xff,0xff,0xff,0xff,0xa8,0xa8,0xa3,0x9f,0xa1,0xff,0x7a,0x00,0x04,0x00,0x00,
    0x00,0x00,0x03,0x04,0x04,0x03,0x01,0x01,0x0b,0xd8,0xff,0xfe,0x9e,0x04,0x08,0x03,0x1a,0xf2,0xff,0xff,0xff,0xea,0xea,0xd7,
    0xd4,0xd4,0xd4,0xd4,0xd7,0xea,0xea,0xff,0xff,0xff,0xff,0x31,0x00,0x02,0x00,0x00,0x00,0x00,0x00,0x00,0x00,0x00,0x00,0x01,
    0x00,0x13,0x27,0x27,0x06,0x00,0x02,0x00,0x0f,0xeb,0xf9,0xf8,0xb8,0x00,0x00,0x00,0x00,0x00,0x00,0x00,0x00,0x00,0x00,0x9a,
    0xf8,0xf6,0xfd,0x25,0x00,0x02,0x00,0x00,0x00,0x00,0x00,0x00,0x00,0x00,0x00,0x00,0x00,0x00,0x00,0x00,0x00,0x00,0x01,0x00,
    0x11,0xf8,0xff,0xff,0xc2,0x00,0x02,0x00,0x00,0x00,0x00,0x00,0x00,0x04,0x00,0xa4,0xff,0xff,0xff,0x26,0x00,0x02,0x00,0x00,
    0x00,0x00,0x00,0x00,0x00,0x00,0x00,0x00,0x00,0x01,0x02,0x02,0x01,0x00,0x00,0x01,0x03,0x7d,0xab,0xaa,0x50,0x01,0x03,0x01,
    0x01,0x01,0x01,0x01,0x01,0x03,0x01,0x43,0xaa,0xab,0x88,0x06,0x01,0x00,0x00,0x00,
};
const lv_img_dsc_t img_traffic_jam = {
    .header.cf = LV_IMG_CF_ALPHA_8BIT, .header.always_zero = 0, .header.reserved = 0,
    .header.w = 40, .header.h = 22, .data_size = 880, .data = img_traffic_jam_map,
};

static const uint8_t img_limiter_map[] = {
    0xe3,0xfb,0xeb,0x15,0x00,0x01,0x00,0x00,0x01,0x00,0x19,0xee,0xfb,0xce,0x01,0x00,0x36,0xfb,0xfb,0x7d,0x00,0x03,0x00,0x00,
    0x00,0x00,0x03,0x00,0xbb,0xfc,0xe7,0xe8,0xff,0xf1,0x15,0x00,0x01,0x00,0x00,0x01,0x00,0x1a,0xf4,0xff,0xd3,0x01,0x00,0x37,
    0xff,0xfe,0xf0,0x1d,0x01,0x02,0x00,0x00,0x03,0x00,0x50,0xff,0xff,0xf0,0xe7,0xff,0xf0,0x15,0x00,0x01,0x00,0x00,0x01,0x00,
    0x1a,0xf3,0xff,0xd2,0x01,0x00,0x37,0xff,0xfa,0xff,0xa6,0x00,0x03,0x00,0x01,0x02,0x08,0xdc,0xff,0xff,0xef,0xe7,0xff,0xf0,
    0x15,0x00,0x01,0x00,0x00,0x01,0x00,0x1a,0xf3,0xff,0xd2,0x01,0x00,0x37,0xff,0xfe,0xfb,0xff,0x3d,0x00,0x03,0x04,0x00,0x77,
    0xff,0xfa,0xff,0xf0,0xe7,0xff,0xf0,0x15,0x00,0x01,0x00,0x00,0x01,0x00,0x1a,0xf3,0xff,0xd2,0x01,0x00,0x37,0xff,0xfe,0xff,
    0xff,0xcc,0x02,0x03,0x01,0x1a,0xf0,0xff,0xff,0xff,0xf0,0xe7,0xff,0xf0,0x15,0x00,0x01,0x00,0x00,0x01,0x00,0x1a,0xf3,0xff,
    0xd2,0x01,0x00,0x37,0xff,0xfe,0xe5,0xfb,0xff,0x65,0x00,0x00,0x9c,0xff,0xe8,0xdf,0xff,0xf0,0xe7,0xff,0xf0,0x15,0x00,0x01,
    0x00,0x00,0x01,0x00,0x1a,0xf3,0xff,0xd2,0x01,0x00,0x37,0xff,0xff,0x83,0xb7,0xfd,0xe9,0x06,0x2e,0xfb,0xff,0x6e,0xb2,0xff,
    0xef,0xe7,0xff,0xf0,0x15,0x00,0x01,0x00,0x00,0x01,0x00,0x1a,0xf3,0xff,0xd2,0x01,0x00,0x37,0xff,0xff,0x78,0x2b,0xff,0xff,
    0x8c,0xb0,0xff,0xd9,0x05,0xc3,0xff,0xef,0xe7,0xff,0xf0,0x19,0x04,0x05,0x04,0x04,0x05,0x01,0x1a,0xf3,0xff,0xd2,0x01,0x00,
    0x37,0xff,0xff,0x8a,0x00,0xa8,0xff,0xff,0xff,0xff,0x51,0x00,0xc9,0xff,0xf0,0xe7,0xff,0xef,0x04,0x00,0x00,0x00,0x00,0x00,
    0x00,0x1b,0xf3,0xff,0xd2,0x01,0x00,0x37,0xff,0xff,0x88,0x01,0x1f,0xf1,0xf8,0xfe,0xbb,0x00,0x01,0xc4,0xff,0xf0,0xe8,0xff,
    0xf6,0x7d,0x71,0x72,0x71,0x70,0x72,0x21,0x13,0xf4,0xff,0xd2,0x01,0x00,0x37,0xff,0xff,0x86,0x00,0x00,0x75,0xff,0xff,0x2e,
    0x01,0x00,0xc4,0xff,0xf1,0xe9,0xff,0xff,0xff,0xff,0xff,0xff,0xff,0xff,0x50,0x09,0xf6,0xff,0xd2,0x01,0x00,0x37,0xff,0xff,
    0x86,0x00,0x04,0x05,0x97,0x6f,0x00,0x03,0x00,0xc3,0xff,0xf1,0xe9,0xff,0xfe,0xfb,0xfb,0xfb,0xfb,0xf8,0xfb,0x4a,0x0a,0xf6,
    0xff,0xd2,0x01,0x00,0x37,0xff,0xff,0x86,0x00,0x04,0x00,0x00,0x00,0x01,0x02,0x00,0xc3,0xff,0xf1,
};
const lv_img_dsc_t img_limiter = {
    .header.cf = LV_IMG_CF_ALPHA_8BIT, .header.always_zero = 0, .header.reserved = 0,
    .header.w = 31, .header.h = 13, .data_size = 403, .data = img_limiter_map,
};

static const uint8_t img_presense_tri_map[] = {
    0x00,0x00,0x00,0x00,0x00,0x00,0x00,0x00,0x00,0x00,0x00,0x00,0x00,0x00,0x00,0x00,0x00,0x00,0x00,0x00,0x00,0x00,0x00,0x00,
    0x00,0x00,0x00,0x00,0x00,0x00,0x00,0x00,0x00,0x00,0x00,0x00,0x00,0x00,0x00,0x00,0x00,0x00,0x00,0x00,0x00,0x00,0x00,0x00,
    0x00,0x00,0x00,0x00,0x00,0x00,0x00,0x00,0x00,0x00,0x00,0x00,0x00,0x00,0x00,0x00,0x00,0x00,0x00,0x00,0x00,0x00,0x00,0x00,
    0x00,0x00,0x00,0x00,0x00,0x00,0x00,0x00,0x00,0x00,0x00,0x00,0x00,0x00,0x00,0x00,0x00,0x00,0x00,0x00,0x00,0x00,0x00,0x00,
    0x00,0x00,0x00,0x00,0x00,0x00,0x00,0x00,0x00,0x00,0x00,0x00,0x00,0x00,0x00,0x00,0x00,0x00,0x00,0x00,0x00,0x00,0x00,0x00,
    0x00,0x00,0x00,0x00,0x00,0x00,0x00,0x00,0x00,0x00,0x00,0x00,0x00,0x00,0x00,0x00,0x00,0x00,0x00,0x00,0x00,0x00,0x00,0x00,
    0x00,0x00,0x00,0x00,0x00,0x00,0x00,0x00,0x00,0x00,0x00,0x00,0x00,0x00,0x00,0x00,0x00,0x00,0x00,0x00,0x00,0x00,0x00,0x00,
    0x00,0x00,0x00,0x00,0x00,0x00,0x00,0x00,0x00,0x00,0x00,0x00,0x00,0x00,0x00,0x00,0x00,0x00,0x00,0x00,0x00,0x00,0x00,0x00,
    0x00,0x00,0x00,0x00,0x00,0x00,0x00,0x00,0x00,0x00,0x00,0x00,0x00,0x00,0x00,0x00,0x00,0x00,0x00,0x00,0x00,0x00,0x00,0x00,
    0x00,0x00,0x00,0x00,0x00,0x00,0x00,0x00,0x00,0x00,0x00,0x00,0x00,0x00,0x00,0x00,0x00,0x00,0x00,0x00,0x00,0x00,0x00,0x00,
    0x00,0x00,0x00,0x00,0x00,0x00,0x00,0x00,0x00,0x00,0x00,0x00,0x00,0x00,0x00,0x00,0x00,0x00,0x00,0x00,0x00,0x00,0x00,0x00,
    0x00,0x00,0x00,0x00,0x00,0x00,0x00,0x00,0x00,0x00,0x00,0x00,0x00,0x00,0x00,0x00,0x00,0x00,0x00,0x00,0x00,0x00,0x00,0x00,
    0x00,0x00,0x00,0x00,0x00,0x00,0x00,0x00,0x00,0x00,0x00,0x00,0x00,0x00,0x00,0x00,0x00,0x00,0x00,0x00,0x00,0x00,0x00,0x00,
    0x00,0x00,0x00,0x00,0x00,0x00,0x00,0x00,0x00,0x01,0x01,0x00,0x00,0x00,0x00,0x00,0x00,0x00,0x00,0x00,0x00,0x00,0x00,0x00,
    0x00,0x00,0x00,0x00,0x00,0x00,0x00,0x00,0x00,0x00,0x00,0x00,0x00,0x00,0x00,0x00,0x00,0x00,0x00,0x00,0x00,0x00,0x00,0x00,
    0x00,0x00,0x00,0x00,0x00,0x00,0x00,0x00,0x00,0x00,0x00,0x00,0x00,0x00,0x00,0x00,0x00,0x00,0x00,0x00,0x00,0x00,0x00,0x00,
    0x00,0x00,0x00,0x00,0x00,0x00,0x00,0x00,0x00,0x00,0x00,0x00,0x00,0x00,0x00,0x00,0x00,0x00,0x00,0x00,0x00,0x00,0x00,0x00,
    0x00,0x00,0x00,0x03,0x02,0x00,0x00,0x02,0x03,0x00,0x00,0x00,0x00,0x00,0x00,0x00,0x00,0x00,0x00,0x00,0x00,0x00,0x00,0x00,
    0x00,0x00,0x00,0x00,0x00,0x00,0x00,0x00,0x00,0x00,0x00,0x00,0x00,0x00,0x00,0x00,0x00,0x00,0x00,0x00,0x00,0x00,0x00,0x00,
    0x00,0x00,0x00,0x00,0x00,0x00,0x00,0x00,0x00,0x00,0x00,0x00,0x00,0x00,0x00,0x00,0x00,0x00,0x00,0x00,0x00,0x00,0x00,0x00,
    0x00,0x00,0x00,0x00,0x00,0x00,0x00,0x00,0x00,0x00,0x00,0x00,0x00,0x00,0x00,0x00,0x00,0x00,0x00,0x00,0x00,0x00,0x02,0x00,
    0x00,0x0e,0x10,0x00,0x00,0x01,0x00,0x00,0x00,0x00,0x00,0x00,0x00,0x00,0x00,0x00,0x00,0x00,0x00,0x00,0x00,0x00,0x00,0x00,
    0x00,0x00,0x00,0x00,0x00,0x00,0x00,0x00,0x00,0x00,0x00,0x00,0x00,0x00,0x00,0x00,0x00,0x00,0x00,0x00,0x00,0x00,0x00,0x00,
    0x00,0x00,0x00,0x00,0x00,0x00,0x00,0x00,0x00,0x00,0x00,0x00,0x00,0x00,0x00,0x00,0x00,0x00,0x00,0x00,0x00,0x00,0x00,0x00,
    0x00,0x00,0x00,0x00,0x00,0x00,0x00,0x00,0x00,0x00,0x00,0x00,0x00,0x00,0x00,0x00,0x00,0x03,0x00,0x4d,0xb7,0xe7,0xea,0xbf,
    0x5d,0x00,0x02,0x00,0x00,0x00,0x00,0x00,0x00,0x00,0x00,0x00,0x00,0x00,0x00,0x00,0x00,0x00,0x00,0x00,0x00,0x00,0x00,0x00,
    0x00,0x00,0x00,0x00,0x00,0x00,0x00,0x00,0x00,0x00,0x00,0x00,0x00,0x00,0x00,0x00,0x00,0x00,0x00,0x00,0x00,0x00,0x00,0x00,
    0x00,0x00,0x00,0x00,0x00,0x00,0x00,0x00,0x00,0x00,0x00,0x00,0x00,0x00,0x00,0x00,0x00,0x00,0x00,0x00,0x00,0x00,0x00,0x00,
    0x00,0x00,0x00,0x00,0x00,0x00,0x00,0x00,0x00,0x00,0x00,0x00,0x03,0x00,0x81,0xff,0xff,0xff,0xff,0xff,0xff,0x9b,0x00,0x03,
    0x00,0x00,0x00,0x00,0x00,0x00,0x00,0x00,0x00,0x00,0x00,0x00,0x00,0x00,0x00,0x00,0x00,0x00,0x00,0x00,0x00,0x00,0x00,0x00,
    0x00,0x00,0x00,0x00,0x00,0x00,0x00,0x00,0x00,0x00,0x00,0x00,0x00,0x00,0x00,0x00,0x00,0x00,0x00,0x00,0x00,0x00,0x00,0x00,
    0x00,0x00,0x00,0x00,0x00,0x00,0x00,0x00,0x00,0x00,0x00,0x00,0x00,0x00,0x00,0x00,0x00,0x00,0x00,0x00,0x00,0x00,0x00,0x00,
    0x00,0x00,0x00,0x00,0x00,0x00,0x00,0x03,0x00,0x48,0xff,0xfb,0xfb,0xfe,0xfe,0xfc,0xfa,0xff,0x66,0x00,0x03,0x00,0x00,0x00,
    0x00,0x00,0x00,0x00,0x00,0x00,0x00,0x00,0x00,0x00,0x00,0x00,0x00,0x00,0x00,0x00,0x00,0x00,0x00,0x00,0x00,0x00,0x00,0x00,
    0x00,0x00,0x00,0x00,0x00,0x00,0x00,0x00,0x00,0x00,0x00,0x00,0x00,0x00,0x00,0x00,0x00,0x00,0x00,0x00,0x00,0x00,0x00,0x00,
    0x00,0x00,0x00,0x00,0x00,0x00,0x00,0x00,0x00,0x00,0x00,0x00,0x00,0x00,0x00,0x00,0x00,0x00,0x00,0x00,0x00,0x00,0x00,0x00,
    0x00,0x00,0x01,0x03,0x0a,0xdd,0xfd,0xfc,0xff,0xff,0xff,0xff,0xfd,0xfc,0xef,0x18,0x02,0x02,0x00,0x00,0x00,0x00,0x00,0x00,
    0x00,0x00,0x00,0x00,0x00,0x00,0x00,0x00,0x00,0x00,0x00,0x00,0x00,0x00,0x00,0x00,0x00,0x00,0x00,0x00,0x00,0x00,0x00,0x00,
    0x00,0x00,0x00,0x00,0x00,0x00,0x00,0x00,0x00,0x00,0x00,0x00,0x00,0x00,0x00,0x00,0x00,0x00,0x00,0x00,0x00,0x00,0x00,0x00,
    0x00,0x00,0x00,0x00,0x00,0x00,0x00,0x00,0x00,0x00,0x00,0x00,0x00,0x00,0x00,0x00,0x00,0x00,0x00,0x00,0x00,0x00,0x04,0x00,
    0x88,0xff,0xfb,0xff,0xff,0xff,0xff,0xff,0xff,0xfc,0xff,0xa8,0x00,0x03,0x00,0x00,0x00,0x00,0x00,0x00,0x00,0x00,0x00,0x00,
    0x00,0x00,0x00,0x00,0x00,0x00,0x00,0x00,0x00,0x00,0x00,0x00,0x00,0x00,0x00,0x00,0x00,0x00,0x00,0x00,0x00,0x00,0x00,0x00,
    0x00,0x00,0x00,0x00,0x00,0x00,0x00,0x00,0x00,0x00,0x00,0x00,0x00,0x00,0x00,0x00,0x00,0x00,0x00,0x00,0x00,0x00,0x00,0x00,
    0x00,0x00,0x00,0x00,0x00,0x00,0x00,0x00,0x00,0x00,0x00,0x00,0x00,0x00,0x00,0x00,0x00,0x03,0x00,0x2e,0xfa,0xfc,0xfe,0xff,
    0xff,0xff,0xff,0xff,0xff,0xff,0xfc,0xff,0x48,0x00,0x03,0x00,0x00,0x00,0x00,0x00,0x00,0x00,0x00,0x00,0x00,0x00,0x00,0x00,
    0x00,0x00,0x00,0x00,0x00,0x00,0x00,0x00,0x00,0x00,0x00,0x00,0x00,0x00,0x00,0x00,0x00,0x00,0x00,0x00,0x00,0x00,0x00,0x00,
    0x00,0x00,0x00,0x00,0x00,0x00,0x00,0x00,0x00,0x00,0x00,0x00,0x00,0x00,0x00,0x00,0x00,0x00,0x00,0x00,0x00,0x00,0x00,0x00,
    0x00,0x00,0x00,0x00,0x00,0x00,0x00,0x00,0x00,0x00,0x00,0x00,0x01,0x03,0x00,0xc4,0xff,0xfc,0xff,0xff,0xff,0xff,0xff,0xff,
    0xff,0xff,0xfd,0xfe,0xdd,0x0a,0x03,0x01,0x00,0x00,0x00,0x00,0x00,0x00,0x00,0x00,0x00,0x00,0x00,0x00,0x00,0x00,0x00,0x00,
    0x00,0x00,0x00,0x00,0x00,0x00,0x00,0x00,0x00,0x00,0x00,0x00,0x00,0x00,0x00,0x00,0x00,0x00,0x00,0x00,0x00,0x00,0x00,0x00,
    0x00,0x00,0x00,0x00,0x00,0x00,0x00,0x00,0x00,0x00,0x00,0x00,0x00,0x00,0x00,0x00,0x00,0x00,0x00,0x00,0x00,0x00,0x00,0x00,
    0x00,0x00,0x00,0x00,0x00,0x00,0x00,0x00,0x03,0x00,0x67,0xff,0xfb,0xff,0xff,0xff,0xff,0xff,0xff,0xff,0xff,0xff,0xff,0xfb,
    0xff,0x88,0x00,0x04,0x00,0x00,0x00,0x00,0x00,0x00,0x00,0x00,0x00,0x00,0x00,0x00,0x00,0x00,0x00,0x00,0x00,0x00,0x00,0x00,
    0x00,0x00,0x00,0x00,0x00,0x00,0x00,0x00,0x00,0x00,0x00,0x00,0x00,0x00,0x00,0x00,0x00,0x00,0x00,0x00,0x00,0x00,0x00,0x00,
    0x00,0x00,0x00,0x00,0x00,0x00,0x00,0x00,0x00,0x00,0x00,0x00,0x00,0x00,0x00,0x00,0x00,0x00,0x00,0x00,0x00,0x00,0x00,0x00,
    0x00,0x00,0x00,0x02,0x02,0x19,0xef,0xfd,0xfd,0xff,0xff,0xff,0xff,0xff,0xff,0xff,0xff,0xff,0xff,0xfe,0xfc,0xfa,0x2e,0x00,
    0x03,0x00,0x00,0x00,0x00,0x00,0x00,0x00,0x00,0x00,0x00,0x00,0x00,0x00,0x00,0x00,0x00,0x00,0x00,0x00,0x00,0x00,0x00,0x00,
    0x00,0x00,0x00,0x00,0x00,0x00,0x00,0x00,0x00,0x00,0x00,0x00,0x00,0x00,0x00,0x00,0x00,0x00,0x00,0x00,0x00,0x00,0x00,0x00,
    0x00,0x00,0x00,0x00,0x00,0x00,0x00,0x00,0x00,0x00,0x00,0x00,0x00,0x00,0x00,0x00,0x00,0x00,0x00,0x00,0x00,0x00,0x00,0x03,
    0x00,0xa8,0xff,0xfc,0xff,0xff,0xff,0xff,0xff,0xff,0xff,0xff,0xff,0xff,0xff,0xff,0xfc,0xff,0xc4,0x00,0x03,0x01,0x00,0x00,
    0x00,0x00,0x00,0x00,0x00,0x00,0x00,0x00,0x00,0x00,0x00,0x00,0x00,0x00,0x00,0x00,0x00,0x00,0x00,0x00,0x00,0x00,0x00,0x00,
    0x00,0x00,0x00,0x00,0x00,0x00,0x00,0x00,0x00,0x00,0x00,0x00,0x00,0x00,0x00,0x00,0x00,0x00,0x00,0x00,0x00,0x00,0x00,0x00,
    0x00,0x00,0x00,0x00,0x00,0x00,0x00,0x00,0x00,0x00,0x00,0x00,0x00,0x00,0x00,0x00,0x00,0x00,0x03,0x00,0x48,0xff,0xfc,0xff,
    0xff,0xff,0xff,0xff,0xff,0xff,0xff,0xff,0xff,0xff,0xff,0xff,0xff,0xfb,0xff,0x67,0x00,0x03,0x00,0x00,0x00,0x00,0x00,0x00,
    0x00,0x00,0x00,0x00,0x00,0x00,0x00,0x00,0x00,0x00,0x00,0x00,0x00,0x00,0x00,0x00,0x00,0x00,0x00,0x00,0x00,0x00,0x00,0x00,
    0x00,0x00,0x00,0x00,0x00,0x00,0x00,0x00,0x00,0x00,0x00,0x00,0x00,0x00,0x00,0x00,0x00,0x00,0x00,0x00,0x00,0x00,0x00,0x00,
    0x00,0x00,0x00,0x00,0x00,0x00,0x00,0x00,0x00,0x00,0x00,0x00,0x00,0x01,0x03,0x0a,0xdd,0xfe,0xfd,0xff,0xff,0xff,0xff,0xff,
    0xff,0xff,0xff,0xff,0xff,0xff,0xff,0xff,0xff,0xfd,0xfd,0xef,0x19,0x02,0x02,0x00,0x00,0x00,0x00,0x00,0x00,0x00,0x00,0x00,
    0x00,0x00,0x00,0x00,0x00,0x00,0x00,0x00,0x00,0x00,0x00,0x00,0x00,0x00,0x00,0x00,0x00,0x00,0x00,0x00,0x00,0x00,0x00,0x00,
    0x00,0x00,0x00,0x00,0x00,0x00,0x00,0x00,0x00,0x00,0x00,0x00,0x00,0x00,0x00,0x00,0x00,0x00,0x00,0x00,0x00,0x00,0x00,0x00,
    0x00,0x00,0x00,0x00,0x00,0x00,0x00,0x00,0x00,0x04,0x00,0x88,0xff,0xfb,0xff,0xff,0xff,0xff,0xff,0xff,0xff,0xff,0xff,0xff,
    0xff,0xff,0xff,0xff,0xff,0xff,0xfc,0xff,0xa8,0x00,0x03,0x00,0x00,0x00,0x00,0x00,0x00,0x00,0x00,0x00,0x00,0x00,0x00,0x00,
    0x00,0x00,0x00,0x00,0x00,0x00,0x00,0x00,0x00,0x00,0x00,0x00,0x00,0x00,0x00,0x00,0x00,0x00,0x00,0x00,0x00,0x00,0x00,0x00,
    0x00,0x00,0x00,0x00,0x00,0x00,0x00,0x00,0x00,0x00,0x00,0x00,0x00,0x00,0x00,0x00,0x00,0x00,0x00,0x00,0x00,0x00,0x00,0x00,
    0x00,0x00,0x00,0x00,0x03,0x00,0x2e,0xfa,0xfc,0xfe,0xff,0xff,0xff,0xff,0xff,0xff,0xff,0xff,0xff,0xff,0xff,0xff,0xff,0xff,
    0xff,0xff,0xff,0xfc,0xff,0x48,0x00,0x03,0x00,0x00,0x00,0x00,0x00,0x00,0x00,0x00,0x00,0x00,0x00,0x00,0x00,0x00,0x00,0x00,
    0x00,0x00,0x00,0x00,0x00,0x00,0x00,0x00,0x00,0x00,0x00,0x00,0x00,0x00,0x00,0x00,0x00,0x00,0x00,0x00,0x00,0x00,0x00,0x00,
    0x00,0x00,0x00,0x00,0x00,0x00,0x00,0x00,0x00,0x00,0x00,0x00,0x00,0x00,0x00,0x00,0x00,0x00,0x00,0x00,0x00,0x00,0x00,0x01,
    0x03,0x00,0xc4,0xff,0xfc,0xff,0xff,0xff,0xff,0xff,0xff,0xff,0xff,0xff,0xff,0xff,0xff,0xff,0xff,0xff,0xff,0xff,0xff,0xfd,
    0xfe,0xdd,0x0a,0x03,0x01,0x00,0x00,0x00,0x00,0x00,0x00,0x00,0x00,0x00,0x00,0x00,0x00,0x00,0x00,0x00,0x00,0x00,0x00,0x00,
    0x00,0x00,0x00,0x00,0x00,0x00,0x00,0x00,0x00,0x00,0x00,0x00,0x00,0x00,0x00,0x00,0x00,0x00,0x00,0x00,0x00,0x00,0x00,0x00,
    0x00,0x00,0x00,0x00,0x00,0x00,0x00,0x00,0x00,0x00,0x00,0x00,0x00,0x00,0x00,0x00,0x00,0x00,0x00,0x03,0x00,0x67,0xff,0xfb,
    0xff,0xff,0xff,0xff,0xff,0xfe,0xfe,0xfe,0xfe,0xfe,0xfe,0xfe,0xfe,0xfe,0xfe,0xff,0xff,0xff,0xff,0xff,0xfb,0xff,0x88,0x00,
    0x04,0x00,0x00,0x00,0x00,0x00,0x00,0x00,0x00,0x00,0x00,0x00,0x00,0x00,0x00,0x00,0x00,0x00,0x00,0x00,0x00,0x00,0x00,0x00,
    0x00,0x00,0x00,0x00,0x00,0x00,0x00,0x00,0x00,0x00,0x00,0x00,0x00,0x00,0x00,0x00,0x00,0x00,0x00,0x00,0x00,0x00,0x00,0x00,
    0x00,0x00,0x00,0x00,0x00,0x00,0x00,0x00,0x00,0x00,0x00,0x00,0x00,0x00,0x02,0x02,0x19,0xef,0xfd,0xfd,0xff,0xff,0xff,0xff,
    0xff,0xff,0xff,0xff,0xff,0xff,0xff,0xff,0xff,0xff,0xff,0xff,0xff,0xff,0xff,0xff,0xfe,0xfc,0xfa,0x2e,0x00,0x03,0x00,0x00,
    0x00,0x00,0x00,0x00,0x00,0x00,0x00,0x00,0x00,0x00,0x00,0x00,0x00,0x00,0x00,0x00,0x00,0x00,0x00,0x00,0x00,0x00,0x00,0x00,
    0x00,0x00,0x00,0x00,0x00,0x00,0x00,0x00,0x00,0x00,0x00,0x00,0x00,0x00,0x00,0x00,0x00,0x00,0x00,0x00,0x00,0x00,0x00,0x00,
    0x00,0x00,0x00,0x00,0x00,0x00,0x00,0x00,0x00,0x00,0x03,0x00,0xa8,0xff,0xfc,0xff,0xff,0xff,0xff,0xff,0xfa,0xee,0xee,0xee,
    0xee,0xee,0xee,0xee,0xee,0xee,0xee,0xfa,0xff,0xff,0xff,0xff,0xff,0xfc,0xff,0xc4,0x00,0x03,0x01,0x00,0x00,0x00,0x00,0x00,
    0x00,0x00,0x00,0x00,0x00,0x00,0x00,0x00,0x00,0x00,0x00,0x00,0x00,0x00,0x00,0x00,0x00,0x00,0x00,0x00,0x00,0x00,0x00,0x00,
    0x00,0x00,0x00,0x00,0x00,0x00,0x00,0x00,0x00,0x00,0x00,0x00,0x00,0x00,0x00,0x00,0x00,0x00,0x00,0x00,0x00,0x00,0x00,0x00,
    0x00,0x00,0x00,0x00,0x00,0x03,0x00,0x45,0xff,0xfc,0xff,0xff,0xff,0xff,0xfc,0xff,0xc2,0x11,0x13,0x11,0x11,0x11,0x11,0x11,
    0x11,0x13,0x11,0xc2,0xff,0xfc,0xff,0xff,0xff,0xff,0xfb,0xff,0x63,0x00,0x03,0x00,0x00,0x00,0x00,0x00,0x00,0x00,0x00,0x00,
    0x00,0x00,0x00,0x00,0x00,0x00,0x00,0x00,0x00,0x00,0x00,0x00,0x00,0x00,0x00,0x00,0x00,0x00,0x00,0x00,0x00,0x00,0x00,0x00,
    0x00,0x00,0x00,0x00,0x00,0x00,0x00,0x00,0x00,0x00,0x00,0x00,0x00,0x00,0x00,0x00,0x00,0x00,0x00,0x00,0x00,0x00,0x00,0x00,
    0x01,0x02,0x08,0xda,0xfe,0xfd,0xff,0xff,0xff,0xff,0xfd,0xff,0xd3,0x00,0x00,0x00,0x00,0x00,0x00,0x00,0x00,0x00,0x00,0xd3,
    0xff,0xfd,0xff,0xff,0xff,0xff,0xfd,0xfd,0xed,0x16,0x02,0x02,0x00,0x00,0x00,0x00,0x00,0x00,0x00,0x00,0x00,0x00,0x00,0x00,
    0x00,0x00,0x00,0x00,0x00,0x00,0x00,0x00,0x00,0x00,0x00,0x00,0x00,0x00,0x00,0x00,0x00,0x00,0x00,0x00,0x00,0x00,0x00,0x00,
    0x00,0x00,0x00,0x00,0x00,0x00,0x00,0x00,0x00,0x00,0x00,0x00,0x00,0x00,0x00,0x00,0x00,0x00,0x00,0x00,0x04,0x00,0x83,0xff,
    0xfb,0xff,0xff,0xff,0xff,0xff,0xfd,0xff,0xd8,0x00,0x01,0x02,0x01,0x01,0x01,0x01,0x02,0x01,0x00,0xd8,0xff,0xfd,0xff,0xff,
    0xff,0xff,0xff,0xfc,0xff,0xa4,0x00,0x04,0x00,0x00,0x00,0x00,0x00,0x00,0x00,0x00,0x00,0x00,0x00,0x00,0x00,0x00,0x00,0x00,
    0x00,0x00,0x00,0x00,0x00,0x00,0x00,0x00,0x00,0x00,0x00,0x00,0x00,0x00,0x00,0x00,0x00,0x00,0x00,0x00,0x00,0x00,0x00,0x00,
    0x00,0x00,0x00,0x00,0x00,0x00,0x00,0x00,0x00,0x00,0x00,0x00,0x00,0x00,0x00,0x02,0x00,0x2b,0xfa,0xfc,0xfe,0xff,0xff,0xff,
    0xff,0xff,0xfe,0xff,0xe8,0x0d,0x00,0x01,0x00,0x00,0x00,0x00,0x01,0x00,0x0d,0xe8,0xff,0xfe,0xff,0xff,0xff,0xff,0xff,0xff,
    0xfc,0xff,0x45,0x00,0x03,0x00,0x00,0x00,0x00,0x00,0x00,0x00,0x00,0x00,0x00,0x00,0x00,0x00,0x00,0x00,0x00,0x00,0x00,0x00,
    0x00,0x00,0x00,0x00,0x00,0x00,0x00,0x00,0x00,0x00,0x00,0x00,0x00,0x00,0x00,0x00,0x00,0x00,0x00,0x00,0x00,0x00,0x00,0x00,
    0x00,0x00,0x00,0x00,0x00,0x00,0x00,0x00,0x00,0x00,0x00,0x03,0x00,0xc1,0xff,0xfc,0xff,0xff,0xff,0xff,0xff,0xff,0xfe,0xff,
    0xee,0x10,0x00,0x01,0x00,0x00,0x00,0x00,0x01,0x00,0x10,0xee,0xff,0xfe,0xff,0xff,0xff,0xff,0xff,0xff,0xfd,0xfe,0xda,0x08,
    0x02,0x01,0x00,0x00,0x00,0x00,0x00,0x00,0x00,0x00,0x00,0x00,0x00,0x00,0x00,0x00,0x00,0x00,0x00,0x00,0x00,0x00,0x00,0x00,
    0x00,0x00,0x00,0x00,0x00,0x00,0x00,0x00,0x00,0x00,0x00,0x00,0x00,0x00,0x00,0x00,0x00,0x00,0x00,0x00,0x00,0x00,0x00,0x00,
    0x00,0x00,0x00,0x00,0x00,0x00,0x03,0x00,0x63,0xff,0xfb,0xff,0xff,0xff,0xff,0xff,0xff,0xff,0xfe,0xff,0xf8,0x1f,0x00,0x02,
    0x00,0x00,0x00,0x00,0x02,0x00,0x1f,0xf8,0xff,0xfe,0xff,0xff,0xff,0xff,0xff,0xff,0xff,0xfb,0xff,0x83,0x00,0x04,0x00,0x00,
    0x00,0x00,0x00,0x00,0x00,0x00,0x00,0x00,0x00,0x00,0x00,0x00,0x00,0x00,0x00,0x00,0x00,0x00,0x00,0x00,0x00,0x00,0x00,0x00,
    0x00,0x00,0x00,0x00,0x00,0x00,0x00,0x00,0x00,0x00,0x00,0x00,0x00,0x00,0x00,0x00,0x00,0x00,0x00,0x00,0x00,0x00,0x00,0x00,
    0x00,0x02,0x02,0x16,0xed,0xfd,0xfd,0xff,0xff,0xff,0xff,0xff,0xff,0xff,0xfe,0xff,0xff,0x27,0x00,0x02,0x00,0x00,0x00,0x00,
    0x02,0x00,0x27,0xff,0xff,0xfe,0xff,0xff,0xff,0xff,0xff,0xff,0xff,0xfe,0xfc,0xfa,0x2b,0x00,0x02,0x00,0x00,0x00,0x00,0x00,
    0x00,0x00,0x00,0x00,0x00,0x00,0x00,0x00,0x00,0x00,0x00,0x00,0x00,0x00,0x00,0x00,0x00,0x00,0x00,0x00,0x00,0x00,0x00,0x00,
    0x00,0x00,0x00,0x00,0x00,0x00,0x00,0x00,0x00,0x00,0x00,0x00,0x00,0x00,0x00,0x00,0x00,0x00,0x00,0x00,0x00,0x04,0x00,0xa4,
    0xff,0xfc,0xff,0xff,0xff,0xff,0xff,0xff,0xff,0xff,0xfe,0xfe,0xff,0x35,0x00,0x02,0x00,0x00,0x00,0x00,0x02,0x00,0x35,0xff,
    0xfe,0xfe,0xff,0xff,0xff,0xff,0xff,0xff,0xff,0xff,0xfc,0xff,0xc1,0x00,0x03,0x00,0x00,0x00,0x00,0x00,0x00,0x00,0x00,0x00,
    0x00,0x00,0x00,0x00,0x00,0x00,0x00,0x00,0x00,0x00,0x00,0x00,0x00,0x00,0x00,0x00,0x00,0x00,0x00,0x00,0x00,0x00,0x00,0x00,
    0x00,0x00,0x00,0x00,0x00,0x00,0x00,0x00,0x00,0x00,0x00,0x00,0x00,0x00,0x00,0x00,0x03,0x00,0x45,0xff,0xfc,0xff,0xff,0xff,
    0xff,0xff,0xff,0xff,0xff,0xff,0xff,0xfd,0xff,0x42,0x00,0x03,0x00,0x00,0x00,0x00,0x03,0x00,0x42,0xff,0xfd,0xff,0xff,0xff,
    0xff,0xff,0xff,0xff,0xff,0xff,0xff,0xfb,0xff,0x63,0x00,0x03,0x00,0x00,0x00,0x00,0x00,0x00,0x00,0x00,0x00,0x00,0x00,0x00,
    0x00,0x00,0x00,0x00,0x00,0x00,0x00,0x00,0x00,0x00,0x00,0x00,0x00,0x00,0x00,0x00,0x00,0x00,0x00,0x00,0x00,0x00,0x00,0x00,
    0x00,0x00,0x00,0x00,0x00,0x00,0x00,0x00,0x00,0x00,0x00,0x01,0x02,0x08,0xda,0xfe,0xfd,0xff,0xff,0xff,0xff,0xff,0xff,0xff,
    0xff,0xff,0xff,0xfd,0xff,0x4a,0x00,0x03,0x00,0x00,0x00,0x00,0x03,0x00,0x4a,0xff,0xfd,0xff,0xff,0xff,0xff,0xff,0xff,0xff,
    0xff,0xff,0xff,0xfd,0xfd,0xed,0x16,0x02,0x02,0x00,0x00,0x00,0x00,0x00,0x00,0x00,0x00,0x00,0x00,0x00,0x00,0x00,0x00,0x00,
    0x00,0x00,0x00,0x00,0x00,0x00,0x00,0x00,0x00,0x00,0x00,0x00,0x00,0x00,0x00,0x00,0x00,0x00,0x00,0x00,0x00,0x00,0x00,0x00,
    0x00,0x00,0x00,0x00,0x00,0x00,0x00,0x04,0x00,0x83,0xff,0xfb,0xff,0xff,0xff,0xff,0xff,0xff,0xff,0xff,0xff,0xff,0xff,0xfb,
    0xff,0x60,0x00,0x04,0x00,0x00,0x00,0x00,0x04,0x00,0x60,0xff,0xfb,0xff,0xff,0xff,0xff,0xff,0xff,0xff,0xff,0xff,0xff,0xff,
    0xfc,0xff,0xa4,0x00,0x04,0x00,0x00,0x00,0x00,0x00,0x00,0x00,0x00,0x00,0x00,0x00,0x00,0x00,0x00,0x00,0x00,0x00,0x00,0x00,
    0x00,0x00,0x00,0x00,0x00,0x00,0x00,0x00,0x00,0x00,0x00,0x00,0x00,0x00,0x00,0x00,0x00,0x00,0x00,0x00,0x00,0x00,0x00,0x00,
    0x00,0x00,0x02,0x00,0x2b,0xfa,0xfc,0xfe,0xff,0xff,0xff,0xff,0xff,0xff,0xff,0xff,0xff,0xff,0xff,0xfb,0xff,0x65,0x00,0x04,
    0x00,0x00,0x00,0x00,0x04,0x00,0x65,0xff,0xfb,0xff,0xff,0xff,0xff,0xff,0xff,0xff,0xff,0xff,0xff,0xff,0xff,0xfc,0xff,0x45,
    0x00,0x03,0x00,0x00,0x00,0x00,0x00,0x00,0x00,0x00,0x00,0x00,0x00,0x00,0x00,0x00,0x00,0x00,0x00,0x00,0x00,0x00,0x00,0x00,
    0x00,0x00,0x00,0x00,0x00,0x00,0x00,0x00,0x00,0x00,0x00,0x00,0x00,0x00,0x00,0x00,0x00,0x00,0x00,0x00,0x00,0x00,0x03,0x00,
    0xc1,0xff,0xfc,0xff,0xff,0xff,0xff,0xff,0xff,0xff,0xff,0xff,0xff,0xff,0xff,0xfb,0xff,0x7e,0x00,0x04,0x00,0x00,0x00,0x00,
    0x04,0x00,0x7e,0xff,0xfb,0xff,0xff,0xff,0xff,0xff,0xff,0xff,0xff,0xff,0xff,0xff,0xff,0xfd,0xfe,0xda,0x08,0x02,0x01,0x00,
    0x00,0x00,0x00,0x00,0x00,0x00,0x00,0x00,0x00,0x00,0x00,0x00,0x00,0x00,0x00,0x00,0x00,0x00,0x00,0x00,0x00,0x00,0x00,0x00,
    0x00,0x00,0x00,0x00,0x00,0x00,0x00,0x00,0x00,0x00,0x00,0x00,0x00,0x00,0x00,0x00,0x00,0x03,0x00,0x63,0xff,0xfb,0xff,0xff,
    0xff,0xff,0xff,0xff,0xff,0xff,0xff,0xff,0xff,0xff,0xff,0xfb,0xff,0x81,0x00,0x04,0x00,0x00,0x00,0x00,0x04,0x00,0x81,0xff,
    0xfb,0xff,0xff,0xff,0xff,0xff,0xff,0xff,0xff,0xff,0xff,0xff,0xff,0xff,0xfb,0xff,0x83,0x00,0x04,0x00,0x00,0x00,0x00,0x00,
    0x00,0x00,0x00,0x00,0x00,0x00,0x00,0x00,0x00,0x00,0x00,0x00,0x00,0x00,0x00,0x00,0x00,0x00,0x00,0x00,0x00,0x00,0x00,0x00,
    0x00,0x00,0x00,0x00,0x00,0x00,0x00,0x00,0x00,0x00,0x00,0x00,0x02,0x02,0x16,0xed,0xfd,0xfd,0xff,0xff,0xff,0xff,0xff,0xff,
    0xff,0xff,0xff,0xff,0xff,0xff,0xff,0xfb,0xff,0x9d,0x00,0x04,0x00,0x00,0x00,0x00,0x04,0x00,0x9d,0xff,0xfb,0xff,0xff,0xff,
    0xff,0xff,0xff,0xff,0xff,0xff,0xff,0xff,0xff,0xff,0xfe,0xfc,0xfa,0x2b,0x00,0x02,0x00,0x00,0x00,0x00,0x00,0x00,0x00,0x00,
    0x00,0x00,0x00,0x00,0x00,0x00,0x00,0x00,0x00,0x00,0x00,0x00,0x00,0x00,0x00,0x00,0x00,0x00,0x00,0x00,0x00,0x00,0x00,0x00,
    0x00,0x00,0x00,0x00,0x00,0x00,0x00,0x00,0x03,0x00,0xa3,0xff,0xfc,0xff,0xff,0xff,0xff,0xff,0xff,0xff,0xff,0xff,0xff,0xff,
    0xff,0xff,0xff,0xfb,0xff,0xa0,0x00,0x04,0x00,0x00,0x00,0x00,0x04,0x00,0xa0,0xff,0xfb,0xff,0xff,0xff,0xff,0xff,0xff,0xff,
    0xff,0xff,0xff,0xff,0xff,0xff,0xff,0xfc,0xff,0xc1,0x00,0x03,0x00,0x00,0x00,0x00,0x00,0x00,0x00,0x00,0x00,0x00,0x00,0x00,
    0x00,0x00,0x00,0x00,0x00,0x00,0x00,0x00,0x00,0x00,0x00,0x00,0x00,0x00,0x00,0x00,0x00,0x00,0x00,0x00,0x00,0x00,0x00,0x00,
    0x00,0x00,0x00,0x03,0x00,0x41,0xff,0xfc,0xff,0xff,0xff,0xff,0xff,0xff,0xff,0xff,0xff,0xff,0xff,0xff,0xff,0xff,0xff,0xfc,
    0xff,0xb8,0x00,0x02,0x00,0x00,0x00,0x00,0x02,0x00,0xb8,0xff,0xfc,0xff,0xff,0xff,0xff,0xff,0xff,0xff,0xff,0xff,0xff,0xff,
    0xff,0xff,0xff,0xff,0xfc,0xff,0x5f,0x00,0x03,0x00,0x00,0x00,0x00,0x00,0x00,0x00,0x00,0x00,0x00,0x00,0x00,0x00,0x00,0x00,
    0x00,0x00,0x00,0x00,0x00,0x00,0x00,0x00,0x00,0x00,0x00,0x00,0x00,0x00,0x00,0x00,0x00,0x00,0x00,0x00,0x00,0x00,0x01,0x03,
    0x07,0xd7,0xff,0xfd,0xff,0xff,0xff,0xff,0xff,0xff,0xff,0xff,0xff,0xff,0xff,0xff,0xff,0xff,0xff,0xfc,0xff,0xbd,0x00,0x02,
    0x00,0x00,0x00,0x00,0x02,0x00,0xbd,0xff,0xfc,0xff,0xff,0xff,0xff,0xff,0xff,0xff,0xff,0xff,0xff,0xff,0xff,0xff,0xff,0xff,
    0xfd,0xfd,0xea,0x15,0x02,0x02,0x00,0x00,0x00,0x00,0x00,0x00,0x00,0x00,0x00,0x00,0x00,0x00,0x00,0x00,0x00,0x00,0x00,0x00,
    0x00,0x00,0x00,0x00,0x00,0x00,0x00,0x00,0x00,0x00,0x00,0x00,0x00,0x00,0x00,0x00,0x00,0x00,0x03,0x00,0x7f,0xff,0xfc,0xff,
    0xff,0xff,0xff,0xff,0xff,0xff,0xff,0xff,0xff,0xff,0xff,0xff,0xff,0xff,0xff,0xfd,0xff,0xd1,0x00,0x01,0x01,0x00,0x00,0x01,
    0x01,0x00,0xd1,0xff,0xfd,0xff,0xff,0xff,0xff,0xff,0xff,0xff,0xff,0xff,0xff,0xff,0xff,0xff,0xff,0xff,0xff,0xfc,0xff,0xa0,
    0x00,0x03,0x00,0x00,0x00,0x00,0x00,0x00,0x00,0x00,0x00,0x00,0x00,0x00,0x00,0x00,0x00,0x00,0x00,0x00,0x00,0x00,0x00,0x00,
    0x00,0x00,0x00,0x00,0x00,0x00,0x00,0x00,0x00,0x00,0x00,0x00,0x00,0x02,0x00,0x28,0xf8,0xfc,0xfe,0xff,0xff,0xff,0xff,0xff,
    0xff,0xff,0xff,0xff,0xff,0xff,0xff,0xff,0xff,0xff,0xff,0xfd,0xff,0xd8,0x00,0x00,0x01,0x00,0x00,0x01,0x00,0x00,0xd8,0xff,
    0xfd,0xff,0xff,0xff,0xff,0xff,0xff,0xff,0xff,0xff,0xff,0xff,0xff,0xff,0xff,0xff,0xff,0xff,0xfc,0xff,0x41,0x00,0x03,0x00,
    0x00,0x00,0x00,0x00,0x00,0x00,0x00,0x00,0x00,0x00,0x00,0x00,0x00,0x00,0x00,0x00,0x00,0x00,0x00,0x00,0x00,0x00,0x00,0x00,
    0x00,0x00,0x00,0x00,0x00,0x00,0x00,0x00,0x00,0x03,0x00,0xbe,0xff,0xfc,0xff,0xff,0xff,0xff,0xff,0xff,0xff,0xff,0xff,0xff,
    0xff,0xff,0xff,0xff,0xff,0xff,0xff,0xfe,0xff,0xe6,0x0b,0x00,0x01,0x00,0x00,0x01,0x00,0x0b,0xe6,0xff,0xfe,0xff,0xff,0xff,
    0xff,0xff,0xff,0xff,0xff,0xff,0xff,0xff,0xff,0xff,0xff,0xff,0xff,0xff,0xfd,0xff,0xd7,0x07,0x03,0x01,0x00,0x00,0x00,0x00,
    0x00,0x00,0x00,0x00,0x00,0x00,0x00,0x00,0x00,0x00,0x00,0x00,0x00,0x00,0x00,0x00,0x00,0x00,0x00,0x00,0x00,0x00,0x00,0x00,
    0x00,0x00,0x00,0x00,0x03,0x00,0x5f,0xff,0xfc,0xff,0xff,0xff,0xff,0xff,0xff,0xff,0xff,0xff,0xff,0xff,0xff,0xff,0xff,0xff,
    0xff,0xff,0xff,0xfe,0xff,0xee,0x11,0x00,0x01,0x00,0x00,0x01,0x00,0x11,0xee,0xff,0xfe,0xff,0xff,0xff,0xff,0xff,0xff,0xff,
    0xff,0xff,0xff,0xff,0xff,0xff,0xff,0xff,0xff,0xff,0xff,0xfc,0xff,0x7f,0x00,0x03,0x00,0x00,0x00,0x00,0x00,0x00,0x00,0x00,
    0x00,0x00,0x00,0x00,0x00,0x00,0x00,0x00,0x00,0x00,0x00,0x00,0x00,0x00,0x00,0x00,0x00,0x00,0x00,0x00,0x00,0x00,0x00,0x02,
    0x02,0x15,0xea,0xfd,0xfd,0xff,0xff,0xff,0xff,0xff,0xff,0xff,0xff,0xff,0xff,0xff,0xff,0xff,0xff,0xff,0xff,0xff,0xff,0xfe,
    0xff,0xf6,0x1c,0x00,0x02,0x00,0x00,0x02,0x00,0x1c,0xf6,0xff,0xfe,0xff,0xff,0xff,0xff,0xff,0xff,0xff,0xff,0xff,0xff,0xff,
    0xff,0xff,0xff,0xff,0xff,0xff,0xff,0xfe,0xfc,0xf8,0x28,0x00,0x02,0x00,0x00,0x00,0x00,0x00,0x00,0x00,0x00,0x00,0x00,0x00,
    0x00,0x00,0x00,0x00,0x00,0x00,0x00,0x00,0x00,0x00,0x00,0x00,0x00,0x00,0x00,0x00,0x00,0x00,0x00,0x03,0x00,0xa0,0xff,0xfc,
    0xff,0xff,0xff,0xff,0xff,0xff,0xff,0xff,0xff,0xff,0xff,0xff,0xff,0xff,0xff,0xff,0xff,0xff,0xff,0xfe,0xff,0xff,0x27,0x00,
    0x02,0x00,0x00,0x02,0x00,0x27,0xff,0xff,0xfe,0xff,0xff,0xff,0xff,0xff,0xff,0xff,0xff,0xff,0xff,0xff,0xff,0xff,0xff,0xff,
    0xff,0xff,0xff,0xff,0xfc,0xff,0xbe,0x00,0x03,0x00,0x00,0x00,0x00,0x00,0x00,0x00,0x00,0x00,0x00,0x00,0x00,0x00,0x00,0x00,
    0x00,0x00,0x00,0x00,0x00,0x00,0x00,0x00,0x00,0x00,0x00,0x00,0x00,0x00,0x03,0x00,0x41,0xff,0xfc,0xff,0xff,0xff,0xff,0xff,
    0xff,0xff,0xff,0xff,0xff,0xff,0xff,0xff,0xff,0xff,0xff,0xff,0xff,0xff,0xff,0xfe,0xfe,0xff,0x2e,0x00,0x02,0x00,0x00,0x02,
    0x00,0x2e,0xff,0xfe,0xfe,0xff,0xff,0xff,0xff,0xff,0xff,0xff,0xff,0xff,0xff,0xff,0xff,0xff,0xff,0xff,0xff,0xff,0xff,0xff,
    0xff,0xfc,0xff,0x5f,0x00,0x03,0x00,0x00,0x00,0x00,0x00,0x00,0x00,0x00,0x00,0x00,0x00,0x00,0x00,0x00,0x00,0x00,0x00,0x00,
    0x00,0x00,0x00,0x00,0x00,0x00,0x00,0x00,0x00,0x01,0x03,0x07,0xd7,0xff,0xfd,0xff,0xff,0xff,0xff,0xff,0xff,0xff,0xff,0xff,
    0xff,0xff,0xff,0xff,0xff,0xff,0xff,0xff,0xff,0xff,0xff,0xff,0xfd,0xff,0x42,0x00,0x03,0x00,0x00,0x03,0x00,0x42,0xff,0xfd,
    0xff,0xff,0xff,0xff,0xff,0xff,0xff,0xff,0xff,0xff,0xff,0xff,0xff,0xff,0xff,0xff,0xff,0xff,0xff,0xff,0xff,0xfd,0xfd,0xea,
    0x15,0x02,0x02,0x00,0x00,0x00,0x00,0x00,0x00,0x00,0x00,0x00,0x00,0x00,0x00,0x00,0x00,0x00,0x00,0x00,0x00,0x00,0x00,0x00,
    0x00,0x00,0x00,0x00,0x00,0x03,0x00,0x7f,0xff,0xfc,0xff,0xff,0xff,0xff,0xff,0xff,0xff,0xff,0xff,0xff,0xff,0xff,0xff,0xff,
    0xff,0xff,0xff,0xff,0xff,0xff,0xff,0xff,0xfd,0xff,0x47,0x00,0x03,0x00,0x00,0x03,0x00,0x47,0xff,0xfd,0xff,0xff,0xff,0xff,
    0xff,0xff,0xff,0xff,0xff,0xff,0xff,0xff,0xff,0xff,0xff,0xff,0xff,0xff,0xff,0xff,0xff,0xff,0xfc,0xff,0xa0,0x00,0x03,0x00,
    0x00,0x00,0x00,0x00,0x00,0x00,0x00,0x00,0x00,0x00,0x00,0x00,0x00,0x00,0x00,0x00,0x00,0x00,0x00,0x00,0x00,0x00,0x00,0x00,
    0x02,0x00,0x28,0xf8,0xfc,0xfe,0xff,0xff,0xff,0xff,0xff,0xff,0xff,0xff,0xff,0xff,0xff,0xff,0xff,0xff,0xff,0xff,0xff,0xff,
    0xff,0xff,0xff,0xff,0xfb,0xff,0x60,0x01,0x04,0x01,0x01,0x04,0x01,0x60,0xff,0xfb,0xff,0xff,0xff,0xff,0xff,0xff,0xff,0xff,
    0xff,0xff,0xff,0xff,0xff,0xff,0xff,0xff,0xff,0xff,0xff,0xff,0xff,0xff,0xff,0xfc,0xff,0x41,0x00,0x03,0x00,0x00,0x00,0x00,
    0x00,0x00,0x00,0x00,0x00,0x00,0x00,0x00,0x00,0x00,0x00,0x00,0x00,0x00,0x00,0x00,0x00,0x00,0x00,0x00,0x03,0x00,0xbe,0xff,
    0xfc,0xff,0xff,0xff,0xff,0xff,0xff,0xff,0xff,0xff,0xff,0xff,0xff,0xff,0xff,0xff,0xff,0xff,0xff,0xff,0xff,0xff,0xff,0xff,
    0xfb,0xff,0x62,0x00,0x03,0x00,0x00,0x03,0x00,0x62,0xff,0xfb,0xff,0xff,0xff,0xff,0xff,0xff,0xff,0xff,0xff,0xff,0xff,0xff,
    0xff,0xff,0xff,0xff,0xff,0xff,0xff,0xff,0xff,0xff,0xff,0xfd,0xff,0xd7,0x07,0x03,0x01,0x00,0x00,0x00,0x00,0x00,0x00,0x00,
    0x00,0x00,0x00,0x00,0x00,0x00,0x00,0x00,0x00,0x00,0x00,0x00,0x00,0x00,0x00,0x03,0x00,0x5f,0xff,0xfc,0xff,0xff,0xff,0xff,
    0xff,0xff,0xff,0xff,0xff,0xff,0xff,0xff,0xff,0xff,0xff,0xff,0xff,0xff,0xff,0xff,0xff,0xff,0xff,0xff,0xfb,0xff,0x7d,0x00,
    0x04,0x00,0x00,0x04,0x00,0x7d,0xff,0xfb,0xff,0xff,0xff,0xff,0xff,0xff,0xff,0xff,0xff,0xff,0xff,0xff,0xff,0xff,0xff,0xff,
    0xff,0xff,0xff,0xff,0xff,0xff,0xff,0xff,0xfc,0xff,0x7f,0x00,0x03,0x00,0x00,0x00,0x00,0x00,0x00,0x00,0x00,0x00,0x00,0x00,
    0x00,0x00,0x00,0x00,0x00,0x00,0x00,0x00,0x00,0x00,0x02,0x02,0x15,0xea,0xfd,0xfd,0xff,0xff,0xff,0xff,0xff,0xff,0xff,0xff,
    0xff,0xff,0xff,0xff,0xff,0xff,0xff,0xff,0xff,0xff,0xff,0xff,0xff,0xff,0xff,0xff,0xfe,0xff,0xec,0xd8,0xd8,0xd8,0xd8,0xd8,
    0xd8,0xec,0xff,0xfe,0xff,0xff,0xff,0xff,0xff,0xff,0xff,0xff,0xff,0xff,0xff,0xff,0xff,0xff,0xff,0xff,0xff,0xff,0xff,0xff,
    0xff,0xff,0xff,0xff,0xfe,0xfc,0xf8,0x28,0x01,0x02,0x00,0x00,0x00,0x00,0x00,0x00,0x00,0x00,0x00,0x00,0x00,0x00,0x00,0x00,
    0x00,0x00,0x00,0x00,0x00,0x00,0x04,0x00,0x9d,0xff,0xfb,0xff,0xff,0xff,0xff,0xff,0xff,0xff,0xff,0xff,0xff,0xff,0xff,0xff,
    0xff,0xff,0xff,0xff,0xff,0xff,0xff,0xff,0xff,0xff,0xff,0xff,0xff,0xff,0xff,0xff,0xff,0xff,0xff,0xff,0xff,0xff,0xff,0xff,
    0xff,0xff,0xff,0xff,0xff,0xff,0xff,0xff,0xff,0xff,0xff,0xff,0xff,0xff,0xff,0xff,0xff,0xff,0xff,0xff,0xff,0xff,0xff,0xff,
    0xff,0xfc,0xff,0xbb,0x00,0x03,0x00,0x00,0x00,0x00,0x00,0x00,0x00,0x00,0x00,0x00,0x00,0x00,0x00,0x00,0x00,0x00,0x00,0x00,
    0x00,0x03,0x00,0x3e,0xff,0xfc,0xff,0xff,0xff,0xff,0xff,0xff,0xff,0xff,0xff,0xff,0xff,0xff,0xff,0xff,0xff,0xff,0xff,0xff,
    0xff,0xff,0xff,0xff,0xff,0xff,0xff,0xff,0xff,0xff,0xfe,0xfd,0xfd,0xfc,0xfc,0xfd,0xfd,0xfe,0xff,0xff,0xff,0xff,0xff,0xff,
    0xff,0xff,0xff,0xff,0xff,0xff,0xff,0xff,0xff,0xff,0xff,0xff,0xff,0xff,0xff,0xff,0xff,0xff,0xff,0xff,0xff,0xff,0xfc,0xff,
    0x5b,0x00,0x03,0x00,0x00,0x00,0x00,0x00,0x00,0x00,0x00,0x00,0x00,0x00,0x00,0x00,0x00,0x00,0x00,0x00,0x01,0x03,0x05,0xd4,
    0xff,0xfd,0xff,0xff,0xff,0xff,0xff,0xff,0xff,0xff,0xff,0xff,0xff,0xff,0xff,0xff,0xff,0xff,0xff,0xff,0xff,0xff,0xff,0xff,
    0xff,0xff,0xff,0xff,0xff,0xff,0xff,0xfc,0xfd,0xff,0xff,0xfd,0xfc,0xff,0xff,0xff,0xff,0xff,0xff,0xff,0xff,0xff,0xff,0xff,
    0xff,0xff,0xff,0xff,0xff,0xff,0xff,0xff,0xff,0xff,0xff,0xff,0xff,0xff,0xff,0xff,0xff,0xff,0xfd,0xfd,0xe9,0x12,0x02,0x02,
    0x00,0x00,0x00,0x00,0x00,0x00,0x00,0x00,0x00,0x00,0x00,0x00,0x00,0x00,0x00,0x00,0x04,0x00,0x7b,0xff,0xfb,0xff,0xff,0xff,
    0xff,0xff,0xff,0xff,0xff,0xff,0xff,0xff,0xff,0xff,0xff,0xff,0xff,0xff,0xff,0xff,0xff,0xff,0xff,0xff,0xff,0xff,0xff,0xff,
    0xff,0xff,0xfd,0xff,0xff,0xf1,0xef,0xff,0xff,0xfe,0xff,0xff,0xff,0xff,0xff,0xff,0xff,0xff,0xff,0xff,0xff,0xff,0xff,0xff,
    0xff,0xff,0xff,0xff,0xff,0xff,0xff,0xff,0xff,0xff,0xff,0xff,0xff,0xff,0xff,0xfc,0xff,0x9c,0x00,0x04,0x00,0x00,0x00,0x00,
    0x00,0x00,0x00,0x00,0x00,0x00,0x00,0x00,0x00,0x00,0x00,0x02,0x01,0x25,0xf7,0xfd,0xfe,0xff,0xff,0xff,0xff,0xff,0xff,0xff,
    0xff,0xff,0xff,0xff,0xff,0xff,0xff,0xff,0xff,0xff,0xff,0xff,0xff,0xff,0xff,0xff,0xff,0xff,0xff,0xff,0xff,0xfd,0xff,0xb2,
    0x48,0x18,0x15,0x40,0xa2,0xff,0xfd,0xff,0xff,0xff,0xff,0xff,0xff,0xff,0xff,0xff,0xff,0xff,0xff,0xff,0xff,0xff,0xff,0xff,
    0xff,0xff,0xff,0xff,0xff,0xff,0xff,0xff,0xff,0xff,0xff,0xff,0xfc,0xff,0x3e,0x00,0x03,0x00,0x00,0x00,0x00,0x00,0x00,0x00,
    0x00,0x00,0x00,0x00,0x00,0x00,0x00,0x03,0x00,0xba,0xff,0xfc,0xff,0xff,0xff,0xff,0xff,0xff,0xff,0xff,0xff,0xff,0xff,0xff,
    0xff,0xff,0xff,0xff,0xff,0xff,0xff,0xff,0xff,0xff,0xff,0xff,0xff,0xff,0xff,0xff,0xfd,0xff,0x7e,0x00,0x00,0x00,0x00,0x00,
    0x00,0x64,0xff,0xfd,0xff,0xff,0xff,0xff,0xff,0xff,0xff,0xff,0xff,0xff,0xff,0xff,0xff,0xff,0xff,0xff,0xff,0xff,0xff,0xff,
    0xff,0xff,0xff,0xff,0xff,0xff,0xff,0xff,0xfd,0xff,0xd4,0x05,0x03,0x01,0x00,0x00,0x00,0x00,0x00,0x00,0x00,0x00,0x00,0x00,
    0x00,0x00,0x03,0x00,0x5b,0xff,0xfb,0xff,0xff,0xff,0xff,0xff,0xff,0xff,0xff,0xff,0xff,0xff,0xff,0xff,0xff,0xff,0xff,0xff,
    0xff,0xff,0xff,0xff,0xff,0xff,0xff,0xff,0xff,0xff,0xff,0xfc,0xff,0xb6,0x00,0x04,0x04,0x01,0x01,0x03,0x05,0x00,0x99,0xff,
    0xfc,0xff,0xff,0xff,0xff,0xff,0xff,0xff,0xff,0xff,0xff,0xff,0xff,0xff,0xff,0xff,0xff,0xff,0xff,0xff,0xff,0xff,0xff,0xff,
    0xff,0xff,0xff,0xff,0xff,0xfb,0xff,0x7b,0x00,0x04,0x00,0x00,0x00,0x00,0x00,0x00,0x00,0x00,0x00,0x00,0x00,0x02,0x02,0x12,
    0xe9,0xfd,0xfd,0xff,0xff,0xff,0xff,0xff,0xff,0xff,0xff,0xff,0xff,0xff,0xff,0xff,0xff,0xff,0xff,0xff,0xff,0xff,0xff,0xff,
    0xff,0xff,0xff,0xff,0xff,0xff,0xff,0xfd,0xff,0x43,0x01,0x04,0x00,0x00,0x00,0x00,0x03,0x02,0x27,0xfc,0xfe,0xfe,0xff,0xff,
    0xff,0xff,0xff,0xff,0xff,0xff,0xff,0xff,0xff,0xff,0xff,0xff,0xff,0xff,0xff,0xff,0xff,0xff,0xff,0xff,0xff,0xff,0xff,0xff,
    0xff,0xfe,0xfd,0xf7,0x25,0x01,0x02,0x00,0x00,0x00,0x00,0x00,0x00,0x00,0x00,0x00,0x00,0x04,0x00,0x9c,0xff,0xfc,0xff,0xff,
    0xff,0xff,0xff,0xff,0xff,0xff,0xff,0xff,0xff,0xff,0xff,0xff,0xff,0xff,0xff,0xff,0xff,0xff,0xff,0xff,0xff,0xff,0xff,0xff,
    0xff,0xff,0xfe,0xff,0xf2,0x14,0x00,0x01,0x00,0x00,0x00,0x00,0x01,0x00,0x03,0xdc,0xff,0xfd,0xff,0xff,0xff,0xff,0xff,0xff,
    0xff,0xff,0xff,0xff,0xff,0xff,0xff,0xff,0xff,0xff,0xff,0xff,0xff,0xff,0xff,0xff,0xff,0xff,0xff,0xff,0xff,0xff,0xfc,0xff,
    0xba,0x00,0x03,0x00,0x00,0x00,0x00,0x00,0x00,0x00,0x00,0x00,0x03,0x00,0x3e,0xff,0xfc,0xff,0xff,0xff,0xff,0xff,0xff,0xff,
    0xff,0xff,0xff,0xff,0xff,0xff,0xff,0xff,0xff,0xff,0xff,0xff,0xff,0xff,0xff,0xff,0xff,0xff,0xff,0xff,0xff,0xff,0xfe,0xff,
    0xf0,0x12,0x00,0x01,0x00,0x00,0x00,0x00,0x01,0x00,0x01,0xd9,0xff,0xfd,0xff,0xff,0xff,0xff,0xff,0xff,0xff,0xff,0xff,0xff,
    0xff,0xff,0xff,0xff,0xff,0xff,0xff,0xff,0xff,0xff,0xff,0xff,0xff,0xff,0xff,0xff,0xff,0xff,0xff,0xfb,0xff,0x5b,0x00,0x03,
    0x00,0x00,0x00,0x00,0x00,0x00,0x00,0x01,0x03,0x05,0xd4,0xff,0xfd,0xff,0xff,0xff,0xff,0xff,0xff,0xff,0xff,0xff,0xff,0xff,
    0xff,0xff,0xff,0xff,0xff,0xff,0xff,0xff,0xff,0xff,0xff,0xff,0xff,0xff,0xff,0xff,0xff,0xff,0xff,0xfd,0xff,0x3a,0x02,0x03,
    0x00,0x00,0x00,0x00,0x02,0x02,0x20,0xf9,0xfe,0xfe,0xff,0xff,0xff,0xff,0xff,0xff,0xff,0xff,0xff,0xff,0xff,0xff,0xff,0xff,
    0xff,0xff,0xff,0xff,0xff,0xff,0xff,0xff,0xff,0xff,0xff,0xff,0xff,0xff,0xff,0xfd,0xfd,0xe9,0x12,0x02,0x02,0x00,0x00,0x00,
    0x00,0x00,0x00,0x04,0x00,0x7b,0xff,0xfb,0xff,0xff,0xff,0xff,0xff,0xff,0xff,0xff,0xff,0xff,0xff,0xff,0xff,0xff,0xff,0xff,
    0xff,0xff,0xff,0xff,0xff,0xff,0xff,0xff,0xff,0xff,0xff,0xff,0xff,0xff,0xff,0xfb,0xff,0xa5,0x00,0x05,0x03,0x01,0x01,0x02,
    0x07,0x00,0x86,0xff,0xfb,0xff,0xff,0xff,0xff,0xff,0xff,0xff,0xff,0xff,0xff,0xff,0xff,0xff,0xff,0xff,0xff,0xff,0xff,0xff,
    0xff,0xff,0xff,0xff,0xff,0xff,0xff,0xff,0xff,0xff,0xff,0xff,0xfc,0xff,0x9c,0x00,0x04,0x00,0x00,0x00,0x00,0x00,0x02,0x01,
    0x25,0xf7,0xfd,0xfe,0xff,0xff,0xff,0xff,0xff,0xff,0xff,0xff,0xff,0xff,0xff,0xff,0xff,0xff,0xff,0xff,0xff,0xff,0xff,0xff,
    0xff,0xff,0xff,0xff,0xff,0xff,0xff,0xff,0xff,0xff,0xff,0xff,0xfd,0xff,0x64,0x00,0x00,0x00,0x00,0x00,0x00,0x4a,0xfb,0xfd,
    0xfe,0xff,0xff,0xff,0xff,0xff,0xff,0xff,0xff,0xff,0xff,0xff,0xff,0xff,0xff,0xff,0xff,0xff,0xff,0xff,0xff,0xff,0xff,0xff,
    0xff,0xff,0xff,0xff,0xff,0xff,0xff,0xff,0xff,0xfc,0xff,0x3e,0x00,0x03,0x00,0x00,0x00,0x00,0x03,0x00,0xba,0xff,0xfc,0xff,
    0xff,0xff,0xff,0xff,0xff,0xff,0xff,0xff,0xff,0xff,0xff,0xff,0xff,0xff,0xff,0xff,0xff,0xff,0xff,0xff,0xff,0xff,0xff,0xff,
    0xff,0xff,0xff,0xff,0xff,0xff,0xff,0xff,0xfe,0xfd,0xff,0x96,0x2e,0x06,0x04,0x26,0x84,0xfc,0xfe,0xfe,0xff,0xff,0xff,0xff,
    0xff,0xff,0xff,0xff,0xff,0xff,0xff,0xff,0xff,0xff,0xff,0xff,0xff,0xff,0xff,0xff,0xff,0xff,0xff,0xff,0xff,0xff,0xff,0xff,
    0xff,0xff,0xff,0xff,0xff,0xfd,0xff,0xd4,0x05,0x03,0x01,0x00,0x00,0x03,0x00,0x5b,0xff,0xfb,0xff,0xff,0xff,0xff,0xff,0xff,
    0xff,0xff,0xff,0xff,0xff,0xff,0xff,0xff,0xff,0xff,0xff,0xff,0xff,0xff,0xff,0xff,0xff,0xff,0xff,0xff,0xff,0xff,0xff,0xff,
    0xff,0xff,0xff,0xff,0xff,0xff,0xfe,0xff,0xff,0xdd,0xda,0xfb,0xff,0xff,0xfe,0xff,0xff,0xff,0xff,0xff,0xff,0xff,0xff,0xff,
    0xff,0xff,0xff,0xff,0xff,0xff,0xff,0xff,0xff,0xff,0xff,0xff,0xff,0xff,0xff,0xff,0xff,0xff,0xff,0xff,0xff,0xff,0xff,0xff,
    0xff,0xff,0xfb,0xff,0x7b,0x00,0x03,0x00,0x01,0x01,0x15,0xe9,0xfd,0xfd,0xff,0xff,0xff,0xff,0xff,0xff,0xff,0xff,0xff,0xff,
    0xff,0xff,0xff,0xff,0xff,0xff,0xff,0xff,0xff,0xff,0xff,0xff,0xff,0xff,0xff,0xff,0xff,0xff,0xff,0xff,0xff,0xff,0xff,0xff,
    0xff,0xff,0xff,0xfc,0xff,0xff,0xff,0xff,0xfc,0xfe,0xff,0xff,0xff,0xff,0xff,0xff,0xff,0xff,0xff,0xff,0xff,0xff,0xff,0xff,
    0xff,0xff,0xff,0xff,0xff,0xff,0xff,0xff,0xff,0xff,0xff,0xff,0xff,0xff,0xff,0xff,0xff,0xff,0xff,0xff,0xff,0xff,0xfe,0xfd,
    0xf7,0x27,0x01,0x02,0x04,0x00,0x8b,0xff,0xfb,0xff,0xff,0xff,0xff,0xff,0xff,0xff,0xff,0xff,0xff,0xff,0xff,0xff,0xff,0xff,
    0xff,0xff,0xff,0xff,0xff,0xff,0xff,0xff,0xff,0xff,0xff,0xff,0xff,0xff,0xff,0xff,0xff,0xff,0xff,0xff,0xff,0xff,0xff,0xff,
    0xfe,0xfd,0xfd,0xfe,0xff,0xff,0xff,0xff,0xff,0xff,0xff,0xff,0xff,0xff,0xff,0xff,0xff,0xff,0xff,0xff,0xff,0xff,0xff,0xff,
    0xff,0xff,0xff,0xff,0xff,0xff,0xff,0xff,0xff,0xff,0xff,0xff,0xff,0xff,0xff,0xff,0xff,0xff,0xff,0xfb,0xff,0xab,0x00,0x03,
    0x01,0x04,0xdb,0xfe,0xfd,0xff,0xff,0xff,0xff,0xff,0xff,0xff,0xff,0xff,0xff,0xff,0xff,0xff,0xff,0xff,0xff,0xff,0xff,0xff,
    0xff,0xff,0xff,0xff,0xff,0xff,0xff,0xff,0xff,0xff,0xff,0xff,0xff,0xff,0xff,0xff,0xff,0xff,0xff,0xff,0xff,0xff,0xff,0xff,
    0xff,0xff,0xff,0xff,0xff,0xff,0xff,0xff,0xff,0xff,0xff,0xff,0xff,0xff,0xff,0xff,0xff,0xff,0xff,0xff,0xff,0xff,0xff,0xff,
    0xff,0xff,0xff,0xff,0xff,0xff,0xff,0xff,0xff,0xff,0xff,0xff,0xff,0xff,0xff,0xfe,0xfe,0xf1,0x12,0x00,0x00,0x13,0xf2,0xff,
    0xfe,0xff,0xff,0xff,0xff,0xff,0xff,0xff,0xff,0xff,0xff,0xff,0xff,0xff,0xff,0xff,0xff,0xff,0xff,0xff,0xff,0xff,0xff,0xff,
    0xff,0xff,0xff,0xff,0xff,0xff,0xff,0xff,0xff,0xff,0xff,0xff,0xff,0xff,0xff,0xff,0xff,0xff,0xff,0xff,0xff,0xff,0xff,0xff,
    0xff,0xff,0xff,0xff,0xff,0xff,0xff,0xff,0xff,0xff,0xff,0xff,0xff,0xff,0xff,0xff,0xff,0xff,0xff,0xff,0xff,0xff,0xff,0xff,
    0xff,0xff,0xff,0xff,0xff,0xff,0xff,0xff,0xff,0xff,0xff,0xfe,0xff,0xff,0x2b,0x00,0x00,0x06,0xe0,0xfe,0xfd,0xff,0xff,0xff,
    0xff,0xff,0xff,0xff,0xff,0xff,0xff,0xff,0xff,0xff,0xff,0xff,0xff,0xff,0xff,0xff,0xff,0xff,0xff,0xff,0xff,0xff,0xff,0xff,
    0xff,0xff,0xff,0xff,0xff,0xff,0xff,0xff,0xff,0xff,0xff,0xff,0xff,0xff,0xff,0xff,0xff,0xff,0xff,0xff,0xff,0xff,0xff,0xff,
    0xff,0xff,0xff,0xff,0xff,0xff,0xff,0xff,0xff,0xff,0xff,0xff,0xff,0xff,0xff,0xff,0xff,0xff,0xff,0xff,0xff,0xff,0xff,0xff,
    0xff,0xff,0xff,0xff,0xff,0xff,0xff,0xfe,0xfe,0xf4,0x16,0x00,0x04,0x00,0x99,0xff,0xf9,0xff,0xff,0xff,0xff,0xff,0xff,0xff,
    0xff,0xff,0xff,0xff,0xff,0xff,0xff,0xff,0xff,0xff,0xff,0xff,0xff,0xff,0xff,0xff,0xff,0xff,0xff,0xff,0xff,0xff,0xff,0xff,
    0xff,0xff,0xff,0xff,0xff,0xff,0xff,0xff,0xff,0xff,0xff,0xff,0xff,0xff,0xff,0xff,0xff,0xff,0xff,0xff,0xff,0xff,0xff,0xff,
    0xff,0xff,0xff,0xff,0xff,0xff,0xff,0xff,0xff,0xff,0xff,0xff,0xff,0xff,0xff,0xff,0xff,0xff,0xff,0xff,0xff,0xff,0xff,0xff,
    0xff,0xff,0xff,0xfa,0xff,0xb9,0x00,0x03,0x02,0x01,0x1e,0xed,0xff,0xfa,0xfb,0xfb,0xfb,0xfb,0xfb,0xfb,0xfb,0xfb,0xfb,0xfb,
    0xfb,0xfb,0xfb,0xfb,0xfb,0xfb,0xfb,0xfb,0xfb,0xfb,0xfb,0xfb,0xfb,0xfb,0xfb,0xfb,0xfb,0xfb,0xfb,0xfb,0xfb,0xfb,0xfb,0xfb,
    0xfb,0xfb,0xfb,0xfb,0xfb,0xfb,0xfb,0xfb,0xfb,0xfb,0xfb,0xfb,0xfb,0xfb,0xfb,0xfb,0xfb,0xfb,0xfb,0xfb,0xfb,0xfb,0xfb,0xfb,
    0xfb,0xfb,0xfb,0xfb,0xfb,0xfb,0xfb,0xfb,0xfb,0xfb,0xfb,0xfb,0xfb,0xfb,0xfb,0xfb,0xfb,0xfb,0xfb,0xfb,0xfb,0xfb,0xfa,0xff,
    0xfb,0x31,0x01,0x03,0x00,0x02,0x00,0x36,0xd8,0xff,0xff,0xff,0xff,0xff,0xff,0xff,0xff,0xff,0xff,0xff,0xff,0xff,0xff,0xff,
    0xff,0xff,0xff,0xff,0xff,0xff,0xff,0xff,0xff,0xff,0xff,0xff,0xff,0xff,0xff,0xff,0xff,0xff,0xff,0xff,0xff,0xff,0xff,0xff,
    0xff,0xff,0xff,0xff,0xff,0xff,0xff,0xff,0xff,0xff,0xff,0xff,0xff,0xff,0xff,0xff,0xff,0xff,0xff,0xff,0xff,0xff,0xff,0xff,
    0xff,0xff,0xff,0xff,0xff,0xff,0xff,0xff,0xff,0xff,0xff,0xff,0xff,0xff,0xff,0xff,0xff,0xff,0xff,0xe6,0x4c,0x00,0x02,0x00,
    0x00,0x00,0x02,0x00,0x0b,0x5a,0x95,0x99,0x7d,0x7d,0x7d,0x7d,0x7d,0x7d,0x7d,0x7d,0x7d,0x7d,0x7d,0x7d,0x7d,0x7d,0x7d,0x7d,
    0x7d,0x7d,0x7d,0x7d,0x7d,0x7d,0x7d,0x7d,0x7d,0x7d,0x7d,0x7d,0x7d,0x7d,0x7d,0x7d,0x7d,0x7d,0x7d,0x7d,0x7d,0x7d,0x7d,0x7d,
    0x7d,0x7d,0x7d,0x7d,0x7d,0x7d,0x7d,0x7d,0x7d,0x7d,0x7d,0x7d,0x7d,0x7d,0x7d,0x7d,0x7d,0x7d,0x7d,0x7d,0x7d,0x7d,0x7d,0x7d,
    0x7d,0x7d,0x7d,0x7d,0x7d,0x7d,0x7d,0x7d,0x7d,0x7d,0x7e,0x7d,0x95,0x99,0x62,0x14,0x00,0x02,0x00,0x00,0x00,0x00,0x00,0x02,
    0x00,0x00,0x00,0x00,0x00,0x00,0x00,0x00,0x00,0x00,0x00,0x00,0x00,0x00,0x00,0x00,0x00,0x00,0x00,0x00,0x00,0x00,0x00,0x00,
    0x00,0x00,0x00,0x00,0x00,0x00,0x00,0x00,0x00,0x00,0x00,0x00,0x00,0x00,0x00,0x00,0x00,0x00,0x00,0x00,0x00,0x00,0x00,0x00,
    0x00,0x00,0x00,0x00,0x00,0x00,0x00,0x00,0x00,0x00,0x00,0x00,0x00,0x00,0x00,0x00,0x00,0x00,0x00,0x00,0x00,0x00,0x00,0x00,
    0x00,0x00,0x00,0x00,0x00,0x00,0x00,0x00,0x00,0x00,0x00,0x00,0x03,0x00,0x00,0x00,
};
const lv_img_dsc_t img_presense_tri = {
    .header.cf = LV_IMG_CF_ALPHA_8BIT, .header.always_zero = 0, .header.reserved = 0,
    .header.w = 92, .header.h = 80, .data_size = 7360, .data = img_presense_tri_map,
};

static const uint8_t img_sign_car_map[] = {
    0x00,0x00,0x00,0x00,0x00,0x10,0x13,0x13,0x13,0x13,0x13,0x13,0x12,0x01,0x00,0x00,0x00,0x00,0x00,0x00,0x02,0x00,0x23,0xe8,
    0xea,0xe9,0xe9,0xe9,0xe9,0xe7,0xec,0x3c,0x00,0x03,0x00,0x00,0x00,0x00,0x04,0x00,0x6c,0xf6,0x2f,0x2c,0x2d,0x2c,0x2d,0x2b,
    0xe1,0x90,0x00,0x04,0x00,0x00,0x00,0x00,0x04,0x00,0xba,0xb5,0x00,0x00,0x00,0x00,0x00,0x00,0x91,0xd9,0x00,0x03,0x01,0x00,
    0x01,0x00,0x00,0x03,0xf3,0x59,0x00,0x00,0x00,0x00,0x00,0x00,0x37,0xfe,0x16,0x00,0x00,0x02,0x00,0x03,0x10,0x46,0xfd,0x43,
    0x27,0x29,0x27,0x27,0x28,0x27,0x31,0xf8,0x65,0x10,0x08,0x00,0x27,0xd0,0xf2,0xfa,0xff,0xfd,0xff,0xfe,0xff,0xff,0xff,0xff,
    0xfd,0xff,0xfc,0xf1,0xdb,0x3c,0x8a,0xff,0xf3,0xf4,0xf7,0xff,0xff,0xff,0xff,0xff,0xff,0xff,0xff,0xf7,0xf3,0xf3,0xff,0xae,
    0x9b,0x6f,0x00,0x00,0x60,0xff,0xfa,0xfe,0xfe,0xfe,0xfe,0xfa,0xfe,0x60,0x00,0x00,0x6d,0xbd,0x93,0xa4,0x5a,0x5b,0x99,0xff,
    0xfc,0xff,0xff,0xff,0xff,0xfc,0xff,0x99,0x5b,0x5a,0xa3,0xb5,0x8c,0xff,0xff,0xff,0xff,0xfb,0xfb,0xfb,0xfb,0xfb,0xfb,0xfb,
    0xfb,0xff,0xff,0xff,0xff,0xae,0x6f,0xff,0xf9,0xfb,0xff,0xff,0xff,0xff,0xff,0xff,0xff,0xff,0xff,0xff,0xfb,0xf8,0xff,0x92,
    0x06,0xcb,0xfe,0xfd,0xef,0xa0,0xa0,0xa0,0xa0,0xa0,0xa0,0xa1,0xa0,0xe5,0xfd,0xfe,0xe0,0x10,0x00,0xbc,0xff,0xff,0xdc,0x00,
    0x00,0x00,0x00,0x00,0x00,0x00,0x00,0xbf,0xff,0xff,0xd8,0x00,0x01,0x94,0xe7,0xe7,0xb0,0x04,0x05,0x05,0x04,0x04,0x04,0x07,
    0x04,0x96,0xe7,0xe7,0xad,0x01,
};
const lv_img_dsc_t img_sign_car = {
    .header.cf = LV_IMG_CF_ALPHA_8BIT, .header.always_zero = 0, .header.reserved = 0,
    .header.w = 18, .header.h = 15, .data_size = 270, .data = img_sign_car_map,
};

static const uint8_t img_fuel_icon_map[] = {
    0x00,0x24,0x45,0x41,0x42,0x42,0x41,0x44,0x2f,0x00,0x00,0x00,0x00,0x02,0x00,0x27,0xea,0xff,0xff,0xff,0xff,0xff,0xff,0xf6,
    0x3c,0x01,0x66,0x76,0x00,0x04,0x4a,0xff,0xd5,0x9e,0x9f,0x9f,0x9e,0xc6,0xff,0x60,0x0b,0xf8,0xff,0x60,0x00,0x41,0xfe,0x5a,
    0x00,0x00,0x00,0x00,0x38,0xfe,0x60,0x02,0x46,0xf8,0xfb,0x55,0x42,0xff,0x60,0x08,0x0c,0x0b,0x08,0x41,0xff,0x59,0x00,0x00,
    0x59,0xfd,0xe1,0x42,0xff,0x56,0x00,0x00,0x00,0x00,0x34,0xff,0x73,0x26,0x1c,0x00,0xf3,0xed,0x45,0xff,0xc5,0x7f,0x81,0x81,
    0x7f,0xb7,0xff,0xff,0xff,0xf1,0x45,0xe9,0xee,0x47,0xff,0xff,0xff,0xff,0xff,0xff,0xff,0xff,0xd2,0xd7,0xff,0x73,0xe1,0xf0,
    0x47,0xff,0xfc,0xfb,0xfb,0xfb,0xfb,0xf8,0xff,0x45,0x65,0xfe,0x6a,0xe2,0xf0,0x47,0xff,0xfe,0xff,0xff,0xff,0xff,0xfb,0xff,
    0x4f,0x6d,0xff,0x6b,0xe2,0xf0,0x47,0xff,0xfe,0xff,0xff,0xff,0xff,0xfb,0xff,0x4d,0x6c,0xff,0x6d,0xe2,0xee,0x47,0xff,0xfe,
    0xff,0xff,0xff,0xff,0xfb,0xff,0x4d,0x6c,0xff,0x62,0xdf,0xf6,0x44,0xff,0xfe,0xff,0xff,0xff,0xff,0xfb,0xff,0x4a,0x6d,0xfe,
    0x9e,0xef,0xcb,0xd2,0xfd,0xfc,0xfd,0xfd,0xfd,0xfd,0xfb,0xfd,0xce,0x52,0xff,0xff,0xff,0x3f,0xff,0xff,0xff,0xff,0xff,0xff,
    0xff,0xff,0xff,0xff,0x22,0x4b,0x98,0x4f,0x00,0xa5,0xcb,0xca,0xcb,0xcb,0xcb,0xcb,0xc9,0xcb,0xa7,0x0b,0x00,0x00,0x00,0x01,
};
const lv_img_dsc_t img_fuel_icon = {
    .header.cf = LV_IMG_CF_ALPHA_8BIT, .header.always_zero = 0, .header.reserved = 0,
    .header.w = 15, .header.h = 16, .data_size = 240, .data = img_fuel_icon_map,
};

static const uint8_t img_presense_txt_map[] = {
    0xa8,0xb2,0xb1,0xb2,0xb2,0xb2,0xb2,0xaa,0x89,0x4c,0x05,0x00,0x03,0x00,0x00,0x00,0x00,0x00,0x00,0x00,0x00,0x00,0x00,0x00,
    0x00,0x00,0x00,0x00,0x00,0x00,0x00,0x00,0x00,0x00,0x00,0x00,0x00,0x00,0x02,0x00,0x23,0x86,0xc7,0xe5,0xec,0xe4,0xc7,0x91,
    0x40,0x00,0x01,0x00,0x00,0x00,0x00,0x00,0x00,0x00,0x00,0x00,0x00,0x00,0x00,0x00,0x00,0x00,0x00,0x00,0x00,0x00,0x00,0x00,
    0x00,0x00,0x00,0x00,0x00,0x00,0x00,0x00,0x00,0x00,0x00,0x00,0x00,0x00,0x00,0x00,0x00,0x00,0x00,0x00,0x00,0x00,0x00,0x00,
    0x00,0x00,0x00,0x00,0x00,0x00,0x00,0x00,0x00,0xfc,0xff,0xff,0xff,0xff,0xff,0xff,0xff,0xff,0xff,0xcf,0x44,0x00,0x02,0x00,
    0x01,0x02,0x02,0x02,0x00,0x00,0x02,0x03,0x00,0x00,0x00,0x00,0x00,0x02,0x03,0x03,0x02,0x01,0x00,0x00,0x00,0x00,0x02,0x00,
    0x62,0xee,0xff,0xff,0xff,0xff,0xff,0xff,0xff,0xfe,0x94,0x00,0x03,0x00,0x00,0x00,0x00,0x02,0x03,0x03,0x02,0x01,0x00,0x00,
    0x00,0x00,0x00,0x01,0x02,0x02,0x02,0x00,0x01,0x02,0x03,0x03,0x01,0x00,0x00,0x00,0x00,0x00,0x00,0x00,0x01,0x02,0x03,0x03,
    0x03,0x02,0x00,0x00,0x00,0x00,0x00,0x00,0x00,0x01,0x02,0x03,0x03,0x02,0x00,0x00,0x00,0x00,0xef,0xfc,0xfb,0xff,0xff,0xff,
    0xff,0xff,0xff,0xfd,0xff,0xfe,0x45,0x00,0x03,0x00,0x00,0x00,0x00,0x02,0x00,0x00,0x00,0x00,0x00,0x00,0x02,0x02,0x00,0x00,
    0x00,0x00,0x00,0x03,0x01,0x00,0x03,0x00,0x46,0xff,0xff,0xff,0xff,0xec,0xe1,0xec,0xff,0xff,0xff,0x70,0x00,0x04,0x00,0x00,
    0x03,0x01,0x00,0x00,0x00,0x00,0x00,0x03,0x00,0x00,0x00,0x00,0x00,0x00,0x00,0x00,0x03,0x00,0x00,0x00,0x00,0x00,0x03,0x01,
    0x00,0x00,0x00,0x00,0x03,0x00,0x00,0x00,0x00,0x00,0x00,0x00,0x03,0x00,0x00,0x00,0x01,0x03,0x00,0x00,0x00,0x00,0x00,0x01,
    0x02,0x00,0x00,0xf1,0xfe,0xff,0xb7,0x3c,0x40,0x3e,0x52,0xa1,0xff,0xfa,0xff,0xdc,0x08,0x01,0x0e,0x27,0x26,0x23,0x00,0x00,
    0x2b,0x42,0x04,0x00,0x03,0x00,0x00,0x1d,0x41,0x49,0x34,0x0b,0x00,0x00,0x01,0x02,0x00,0xbf,0xfe,0xfb,0xec,0x56,0x13,0x0a,
    0x13,0x38,0x8b,0xd3,0x10,0x00,0x01,0x00,0x03,0x00,0x00,0x22,0x43,0x49,0x30,0x06,0x00,0x00,0x01,0x00,0x00,0x0f,0x27,0x26,
    0x21,0x00,0x01,0x2f,0x49,0x40,0x18,0x00,0x00,0x00,0x00,0x00,0x01,0x00,0x01,0x28,0x44,0x49,0x3b,0x1e,0x00,0x00,0x00,0x00,
    0x01,0x00,0x00,0x08,0x32,0x49,0x42,0x20,0x00,0x00,0x02,0x00,0xf1,0xfe,0xff,0x9b,0x00,0x00,0x00,0x00,0x00,0x95,0xff,0xf9,
    0xff,0x41,0x00,0x5b,0xfe,0xfd,0xd6,0x40,0xc5,0xfd,0xf2,0x0e,0x01,0x00,0x34,0xb4,0xf2,0xff,0xff,0xfe,0xe0,0x7f,0x06,0x00,
    0x00,0x09,0xe5,0xff,0xff,0x95,0x00,0x01,0x01,0x00,0x00,0x00,0x06,0x00,0x00,0x00,0x03,0x00,0x41,0xbe,0xf5,0xff,0xff,0xfd,
    0xd9,0x71,0x00,0x01,0x05,0x00,0x66,0xfe,0xfd,0xcd,0x4d,0xce,0xfc,0xff,0xff,0xf0,0x96,0x09,0x01,0x02,0x02,0x00,0x60,0xd1,
    0xf9,0xff,0xff,0xff,0xf1,0xca,0x61,0x00,0x03,0x00,0x03,0x77,0xdc,0xfd,0xff,0xff,0xf4,0xba,0x3b,0x00,0x03,0xf1,0xfe,0xff,
    0xa1,0x03,0x07,0x03,0x07,0x03,0x3b,0xff,0xf9,0xfe,0x63,0x00,0x5d,0xff,0xfe,0xf3,0xf7,0xff,0xff,0xf1,0x11,0x00,0x53,0xf9,
    0xff,0xff,0xff,0xff,0xff,0xff,0xff,0xbd,0x0a,0x01,0x07,0xe2,0xfd,0xfe,0xd6,0x30,0x00,0x00,0x00,0x00,0x06,0x01,0x00,0x00,
    0x02,0x00,0x67,0xff,0xff,0xff,0xff,0xff,0xff,0xff,0xff,0xaa,0x03,0x05,0x00,0x67,0xff,0xfd,0xf7,0xff,0xff,0xff,0xff,0xfe,
    0xff,0xff,0xae,0x01,0x05,0x00,0x79,0xff,0xff,0xff,0xff,0xff,0xff,0xff,0xff,0x82,0x00,0x05,0x09,0xb7,0xff,0xff,0xff,0xff,
    0xff,0xff,0xff,0xfd,0x54,0x00,0xf1,0xfe,0xff,0xa2,0x04,0x08,0x04,0x08,0x00,0x44,0xff,0xf9,0xfe,0x5f,0x00,0x5d,0xfe,0xfc,
    0xff,0xff,0xff,0xd7,0xbc,0x07,0x23,0xf8,0xfe,0xff,0xd1,0x68,0x52,0x89,0xf8,0xf9,0xff,0x92,0x00,0x00,0xa2,0xff,0xf7,0xff,
    0xf9,0xbd,0x80,0x46,0x13,0x00,0x00,0x02,0x03,0x00,0x38,0xff,0xfc,0xff,0xc5,0x62,0x52,0x94,0xfd,0xf9,0xff,0x78,0x00,0x00,
    0x67,0xfe,0xfb,0xff,0xff,0xe2,0xac,0xba,0xfd,0xfe,0xf9,0xff,0x44,0x00,0x19,0xf6,0xfc,0xfb,0xad,0x5b,0x53,0x67,0xa5,0xd6,
    0x0c,0x00,0x00,0x95,0xff,0xf8,0xfe,0x95,0x53,0x61,0xc4,0xff,0xfe,0xf4,0x25,0xf1,0xfe,0xff,0x99,0x00,0x00,0x00,0x00,0x07,
    0xb7,0xff,0xfa,0xff,0x33,0x00,0x5b,0xff,0xfa,0xfd,0xe4,0x41,0x03,0x00,0x00,0x9b,0xff,0xfd,0xcc,0x00,0x00,0x00,0x00,0x43,
    0xfa,0xfd,0xf7,0x1c,0x00,0x19,0xd0,0xff,0xff,0xff,0xff,0xff,0xff,0xea,0xab,0x3e,0x00,0x05,0x00,0xb5,0xff,0xfd,0xb9,0x00,
    0x00,0x00,0x00,0x5b,0xfe,0xfd,0xe9,0x10,0x00,0x68,0xff,0xf8,0xfe,0xbb,0x11,0x00,0x00,0x55,0xfd,0xfa,0xfe,0x8d,0x00,0x3a,
    0xff,0xfd,0xfd,0x25,0x00,0x00,0x00,0x00,0x0d,0x02,0x00,0x23,0xfb,0xfb,0xfe,0x5b,0x00,0x00,0x00,0x00,0xb8,0xfe,0xff,0x9a,
    0xf1,0xff,0xff,0xcc,0x75,0x79,0x78,0x8d,0xd4,0xff,0xf8,0xff,0xc0,0x02,0x00,0x59,0xff,0xf8,0xff,0x5a,0x00,0x03,0x01,0x04,
    0xdc,0xfe,0xff,0x9a,0x40,0x4a,0x47,0x47,0x3f,0xe0,0xfb,0xfd,0x51,0x00,0x00,0x0c,0x7b,0xd6,0xff,0xff,0xff,0xff,0xff,0xff,
    0xff,0x73,0x00,0x12,0xed,0xfe,0xff,0x86,0x42,0x4a,0x48,0x47,0x48,0xed,0xfb,0xfd,0x3e,0x00,0x6a,0xff,0xfa,0xfe,0x33,0x00,
    0x07,0x03,0x00,0xd4,0xff,0xff,0xa5,0x00,0x1f,0xfc,0xfc,0xfa,0xe4,0xa1,0x75,0x4f,0x20,0x00,0x00,0x00,0x63,0xff,0xfe,0xf1,
    0x48,0x47,0x48,0x4a,0x42,0x85,0xfc,0xfb,0xd9,0xf1,0xff,0xfe,0xff,0xff,0xff,0xff,0xff,0xff,0xff,0xff,0xe1,0x24,0x02,0x00,
    0x59,0xff,0xfd,0xfb,0x21,0x03,0x04,0x00,0x12,0xee,0xff,0xfe,0xff,0xff,0xff,0xff,0xff,0xff,0xff,0xff,0xff,0x70,0x00,0x07,
    0x00,0x00,0x04,0x34,0x6d,0xa8,0xe4,0xff,0xfa,0xfe,0xff,0x27,0x1a,0xfd,0xff,0xfe,0xff,0xff,0xff,0xff,0xff,0xff,0xff,0xff,
    0xff,0x5a,0x00,0x6b,0xff,0xff,0xf2,0x16,0x01,0x01,0x02,0x01,0xc0,0xff,0xff,0xa6,0x00,0x00,0x81,0xff,0xff,0xff,0xff,0xff,
    0xff,0xf4,0xab,0x1d,0x00,0x81,0xfe,0xfb,0xff,0xff,0xff,0xff,0xff,0xff,0xff,0xff,0xff,0xfe,0xf1,0xff,0xfe,0xff,0xff,0xff,
    0xff,0xff,0xff,0xef,0x9f,0x1c,0x00,0x06,0x00,0x59,0xff,0xfe,0xf8,0x1e,0x00,0x03,0x00,0x0c,0xe8,0xff,0xff,0xd3,0xb3,0xb6,
    0xb4,0xb4,0xb6,0xb6,0xb4,0xb6,0x47,0x00,0x00,0x00,0x06,0x02,0x00,0x00,0x00,0x10,0x87,0xfe,0xf9,0xfe,0x6c,0x09,0xfb,0xff,
    0xfe,0xcb,0xb4,0xb6,0xb4,0xb4,0xb6,0xb6,0xb5,0xb6,0x3a,0x00,0x69,0xff,0xff,0xf0,0x14,0x00,0x01,0x02,0x00,0xc1,0xff,0xff,
    0xa6,0x00,0x04,0x00,0x51,0xab,0xd8,0xf1,0xff,0xff,0xff,0xff,0xcd,0x00,0x77,0xfe,0xfc,0xf9,0xb3,0xb6,0xb4,0xb4,0xb5,0xb7,
    0xb5,0xb6,0xa7,0xf1,0xfe,0xff,0xc7,0x69,0x6c,0x69,0x62,0x45,0x18,0x00,0x00,0x02,0x04,0x00,0x59,0xff,0xfe,0xf8,0x1e,0x00,
    0x02,0x02,0x00,0xc4,0xfd,0xfe,0xb4,0x00,0x00,0x00,0x00,0x00,0x00,0x00,0x00,0x00,0x01,0x1c,0x3c,0x00,0x00,0x00,0x00,0x02,
    0x00,0x09,0xf8,0xfc,0xfd,0x7a,0x00,0xdd,0xfd,0xff,0x9d,0x00,0x00,0x00,0x00,0x00,0x00,0x00,0x00,0x00,0x00,0x67,0xff,0xff,
    0xf0,0x14,0x00,0x01,0x02,0x00,0xc1,0xff,0xff,0xa6,0x00,0x04,0x00,0x00,0x00,0x03,0x1e,0x3c,0x89,0xfc,0xfa,0xff,0x20,0x39,
    0xff,0xfb,0xfc,0x39,0x00,0x00,0x00,0x00,0x00,0x00,0x00,0x00,0xf1,0xfe,0xff,0x99,0x00,0x00,0x00,0x00,0x00,0x00,0x03,0x01,
    0x00,0x04,0x00,0x59,0xff,0xfe,0xf8,0x1e,0x00,0x02,0x04,0x00,0x5d,0xff,0xf8,0xff,0xa1,0x2b,0x0e,0x12,0x43,0xc3,0x58,0x00,
    0x07,0x00,0x87,0xff,0xab,0x56,0x22,0x0d,0x0e,0x28,0xa0,0xfe,0xf8,0xff,0x48,0x00,0x7a,0xff,0xf8,0xff,0x91,0x25,0x0e,0x14,
    0x4e,0xc6,0x42,0x00,0x07,0x00,0x67,0xff,0xff,0xf0,0x14,0x00,0x01,0x02,0x00,0xc1,0xff,0xff,0xa6,0x00,0x00,0x74,0x8a,0x2a,
    0x03,0x00,0x00,0x34,0xfc,0xfc,0xff,0x31,0x01,0xda,0xff,0xfb,0xeb,0x59,0x16,0x0e,0x22,0x89,0xba,0x07,0x03,0xee,0xfb,0xfc,
    0xa0,0x04,0x08,0x04,0x04,0x03,0x01,0x00,0x00,0x00,0x04,0x00,0x58,0xfc,0xfb,0xf5,0x1e,0x00,0x02,0x00,0x02,0x01,0xae,0xff,
    0xfd,0xff,0xfa,0xe2,0xe8,0xff,0xff,0xff,0x46,0x01,0x1a,0xfb,0xff,0xff,0xff,0xf8,0xe7,0xe6,0xfa,0xff,0xfb,0xff,0xbc,0x03,
    0x04,0x08,0xc3,0xff,0xfd,0xff,0xf7,0xe2,0xea,0xff,0xff,0xfb,0x32,0x01,0x00,0x66,0xfc,0xfc,0xed,0x14,0x00,0x01,0x02,0x00,
    0xbf,0xfc,0xfc,0xa6,0x00,0x1d,0xf4,0xff,0xf9,0xd9,0xc4,0xcc,0xf7,0xfb,0xff,0xd4,0x09,0x01,0x3d,0xfb,0xff,0xff,0xff,0xec,
    0xe2,0xf5,0xff,0xff,0xb7,0x06,0xfd,0xff,0xff,0xa8,0x00,0x04,0x00,0x00,0x00,0x00,0x00,0x00,0x00,0x04,0x00,0x5d,0xff,0xff,
    0xff,0x1f,0x00,0x02,0x00,0x01,0x01,0x06,0x93,0xf9,0xff,0xff,0xff,0xff,0xff,0xff,0xc3,0x2d,0x02,0x15,0x99,0xf0,0xff,0xff,
    0xff,0xff,0xff,0xff,0xff,0xff,0xb0,0x12,0x01,0x03,0x00,0x0e,0xa3,0xfd,0xff,0xff,0xff,0xff,0xff,0xff,0xb7,0x20,0x03,0x00,
    0x6c,0xff,0xff,0xfc,0x15,0x00,0x01,0x02,0x00,0xca,0xff,0xff,0xb1,0x00,0x46,0xed,0xff,0xff,0xff,0xff,0xff,0xff,0xff,0xd1,
    0x2a,0x00,0x04,0x00,0x40,0xd5,0xff,0xff,0xff,0xff,0xff,0xff,0xf0,0x7a,0x04,0xa2,0xab,0xac,0x6c,0x00,0x03,0x00,0x00,0x00,
    0x00,0x00,0x00,0x00,0x03,0x00,0x3c,0xac,0xab,0xa7,0x14,0x00,0x01,0x00,0x00,0x01,0x00,0x00,0x35,0x8d,0xc0,0xd3,0xcd,0xa8,
    0x5a,0x01,0x00,0x01,0x00,0x00,0x23,0x70,0xb0,0xd5,0xe7,0xe7,0xd4,0xa6,0x4f,0x00,0x00,0x01,0x00,0x01,0x00,0x00,0x3e,0x93,
    0xc3,0xd3,0xca,0xa2,0x50,0x00,0x00,0x04,0x00,0x45,0xac,0xac,0xa1,0x0d,0x00,0x01,0x01,0x00,0x82,0xac,0xac,0x70,0x00,0x00,
    0x1b,0x67,0xa4,0xc7,0xd3,0xcc,0xac,0x65,0x0a,0x00,0x01,0x00,0x03,0x00,0x0b,0x63,0xac,0xce,0xd2,0xbe,0x87,0x2a,0x00,0x00,
};
const lv_img_dsc_t img_presense_txt = {
    .header.cf = LV_IMG_CF_ALPHA_8BIT, .header.always_zero = 0, .header.reserved = 0,
    .header.w = 105, .header.h = 16, .data_size = 1680, .data = img_presense_txt_map,
};

